{
  "schema_version": "1.1",
  "run_id": "phase1-hf-benchmark-topk-residual-meta",
  "generated_at": "2026-03-01T12:05:46.120307+00:00",
  "algorithm": "topk_weighted_residual_correction_with_meta_learning",
  "contract_pass": true,
  "reason_code": "PASS",
  "reason": "top-k residual/meta benchmark KPI thresholds satisfied",
  "kpi_pass": true,
  "metrics": {
    "drift_error_pct": 2.8175701049976314,
    "base_shear_error_pct": 1.352185638408257,
    "mode_shape_mac": 0.9978633360429243,
    "buckling_factor_error_pct": 1.2944618929172058
  },
  "checks": {
    "drift_ok": true,
    "base_shear_ok": true,
    "mac_ok": true,
    "buckling_factor_ok": true,
    "improves_over_lf": true
  },
  "target_split": "all",
  "comparison": {
    "baseline_lf": {
      "train": {
        "case_count": 14,
        "drift_error_pct": 15.88377691741024,
        "base_shear_error_pct": 9.577435469023484,
        "mode_shape_mac": 0.94221058106039,
        "buckling_factor_error_pct": 11.212046997057996,
        "equilibrium_residual_mean": 1.2840184831779227
      },
      "val": {
        "case_count": 4,
        "drift_error_pct": 17.368618671173905,
        "base_shear_error_pct": 10.243358794495226,
        "mode_shape_mac": 0.9436604724772086,
        "buckling_factor_error_pct": 12.06315426097929,
        "equilibrium_residual_mean": 1.93349222275179
      },
      "test": {
        "case_count": 4,
        "drift_error_pct": 15.859851979535787,
        "base_shear_error_pct": 9.515911187721477,
        "mode_shape_mac": 0.9353458111557905,
        "buckling_factor_error_pct": 11.101896385675056,
        "equilibrium_residual_mean": 0.8300395818683258
      },
      "all": {
        "case_count": 22,
        "drift_error_pct": 16.149398156662826,
        "base_shear_error_pct": 9.687326204327071,
        "mode_shape_mac": 0.9412260576989753,
        "buckling_factor_error_pct": 11.346766388428605,
        "equilibrium_residual_mean": 1.319562999225972
      }
    },
    "topk_residual_meta": {
      "train": {
        "case_count": 14,
        "drift_error_pct": 3.292518704719241,
        "base_shear_error_pct": 1.5892150635701086,
        "mode_shape_mac": 0.9979250686509269,
        "buckling_factor_error_pct": 1.1046009361207447,
        "equilibrium_residual_mean": 1.2546895699841636
      },
      "val": {
        "case_count": 4,
        "drift_error_pct": 2.9521146293156146,
        "base_shear_error_pct": 1.4045143544387138,
        "mode_shape_mac": 0.9976012706756592,
        "buckling_factor_error_pct": 1.4887346479804044,
        "equilibrium_residual_mean": 1.8923024833202362
      },
      "test": {
        "case_count": 4,
        "drift_error_pct": 1.0207054816540118,
        "base_shear_error_pct": 0.4702539343113191,
        "mode_shape_mac": 0.9979093372821808,
        "buckling_factor_error_pct": 1.7647024866416212,
        "equilibrium_residual_mean": 0.8098970204591751
      },
      "all": {
        "case_count": 22,
        "drift_error_pct": 2.8175701049976314,
        "base_shear_error_pct": 1.352185638408257,
        "mode_shape_mac": 0.9978633360429243,
        "buckling_factor_error_pct": 1.2944618929172058,
        "equilibrium_residual_mean": 1.2897478179498152
      }
    },
    "improvement_pct": {
      "drift_error_reduction_pct": 82.55309530630915,
      "base_shear_error_reduction_pct": 86.04170428570609,
      "buckling_error_reduction_pct": 88.59179920865125,
      "mode_shape_mac_gain_pct": 6.017393789799102
    }
  },
  "training": {
    "epochs": 24,
    "branches": 10,
    "top_k": 3,
    "lr": 0.055,
    "epsilon": 0.11,
    "temperature": 0.32,
    "seed": 23,
    "final_total_loss": 0.08079662173986435,
    "final_weighted_loss": 0.07932720333337784,
    "last_selected_branch_ids": [
      7,
      2,
      8
    ],
    "last_selected_weights": [
      0.3361904973184534,
      0.33220067809187426,
      0.33160882458967234
    ],
    "param_vector": [
      0.3673575818538666,
      -0.3049704432487488,
      0.3321511745452881,
      -0.33005157113075256,
      0.01152034755796194,
      -0.6542181372642517,
      0.48398488759994507,
      -0.2987779974937439,
      0.47550007700920105,
      -0.32994264364242554,
      0.1327279955148697,
      0.08458702266216278,
      0.12119609117507935,
      0.0,
      -0.02950173057615757,
      0.11366134136915207,
      1.2082178592681885
    ]
  },
  "metric_source_validation": {
    "enabled": true,
    "accepted_metric_sources": [
      "commercial_solver_export",
      "engine_export_direct",
      "open_data_measurement"
    ],
    "global_metric_source": "open_data_measurement",
    "missing_metric_source_case_ids": [],
    "invalid_metric_source_case_ids": [],
    "pass": true
  }
}