{
  "schema_version": "1.1",
  "run_id": "phase1-hf-benchmark-topk-residual-meta",
  "generated_at": "2026-03-01T12:06:21.643856+00:00",
  "algorithm": "topk_weighted_residual_correction_with_meta_learning",
  "contract_pass": true,
  "reason_code": "PASS",
  "reason": "top-k residual/meta benchmark KPI thresholds satisfied",
  "kpi_pass": true,
  "metrics": {
    "drift_error_pct": 3.3113280699221757,
    "base_shear_error_pct": 1.513270386277685,
    "mode_shape_mac": 0.9979819357395172,
    "buckling_factor_error_pct": 3.186490609946445
  },
  "checks": {
    "drift_ok": true,
    "base_shear_ok": true,
    "mac_ok": true,
    "buckling_factor_ok": true,
    "improves_over_lf": true
  },
  "target_split": "all",
  "comparison": {
    "baseline_lf": {
      "train": {
        "case_count": 14,
        "drift_error_pct": 16.05163898605649,
        "base_shear_error_pct": 9.756144799618786,
        "mode_shape_mac": 0.9371236728156909,
        "buckling_factor_error_pct": 13.036084457908133,
        "equilibrium_residual_mean": 1.3104546986102898
      },
      "val": {
        "case_count": 4,
        "drift_error_pct": 18.26308397849816,
        "base_shear_error_pct": 10.742064997957824,
        "mode_shape_mac": 0.9444192587863578,
        "buckling_factor_error_pct": 15.59076569206603,
        "equilibrium_residual_mean": 1.876794191849331
      },
      "test": {
        "case_count": 4,
        "drift_error_pct": 15.859851979535787,
        "base_shear_error_pct": 9.515911187721477,
        "mode_shape_mac": 0.9353458111557905,
        "buckling_factor_error_pct": 11.101896385675056,
        "equilibrium_residual_mean": 0.8300395818683258
      },
      "all": {
        "case_count": 22,
        "drift_error_pct": 16.418849528951213,
        "base_shear_error_pct": 9.891724178971828,
        "mode_shape_mac": 0.9381268954176485,
        "buckling_factor_error_pct": 13.148901396439923,
        "equilibrium_residual_mean": 1.3260773125188494
      }
    },
    "topk_residual_meta": {
      "train": {
        "case_count": 14,
        "drift_error_pct": 3.3727336282286964,
        "base_shear_error_pct": 1.7282243459234865,
        "mode_shape_mac": 0.9968287561620984,
        "buckling_factor_error_pct": 3.346954850368358,
        "equilibrium_residual_mean": 1.276434259755271
      },
      "val": {
        "case_count": 4,
        "drift_error_pct": 3.4674634586032065,
        "base_shear_error_pct": 1.6070425980087117,
        "mode_shape_mac": 1.0,
        "buckling_factor_error_pct": 5.139163275691634,
        "equilibrium_residual_mean": 1.8299384713172913
      },
      "test": {
        "case_count": 4,
        "drift_error_pct": 2.9402732271683227,
        "base_shear_error_pct": 0.6671593157863528,
        "mode_shape_mac": 1.0,
        "buckling_factor_error_pct": 0.6721931027245577,
        "equilibrium_residual_mean": 0.8070800267159939
      },
      "all": {
        "case_count": 22,
        "drift_error_pct": 3.3113280699221757,
        "base_shear_error_pct": 1.513270386277685,
        "mode_shape_mac": 0.9979819357395172,
        "buckling_factor_error_pct": 3.186490609946445,
        "equilibrium_residual_mean": 1.291734255850315
      }
    },
    "improvement_pct": {
      "drift_error_reduction_pct": 79.8321553280372,
      "base_shear_error_reduction_pct": 84.70165201841506,
      "buckling_error_reduction_pct": 75.76610764752415,
      "mode_shape_mac_gain_pct": 6.380271220688287
    }
  },
  "training": {
    "epochs": 24,
    "branches": 10,
    "top_k": 3,
    "lr": 0.055,
    "epsilon": 0.11,
    "temperature": 0.32,
    "seed": 47,
    "final_total_loss": 0.12495225667953491,
    "final_weighted_loss": 0.1232428252696991,
    "last_selected_branch_ids": [
      9,
      5,
      1
    ],
    "last_selected_weights": [
      0.334620406117471,
      0.3335766580912076,
      0.3318029357913213
    ],
    "param_vector": [
      0.3301897346973419,
      -0.2826831340789795,
      0.43622732162475586,
      -0.35133427381515503,
      0.015529417432844639,
      -0.51942378282547,
      0.5338037610054016,
      -0.621696949005127,
      0.5930596590042114,
      -0.3651908040046692,
      0.11561303585767746,
      0.07660433650016785,
      0.14043046534061432,
      0.0,
      -0.015429536812007427,
      0.12155023962259293,
      1.247451663017273
    ]
  },
  "metric_source_validation": {
    "enabled": true,
    "accepted_metric_sources": [
      "commercial_solver_export",
      "engine_export_direct",
      "open_data_measurement"
    ],
    "global_metric_source": "open_data_measurement",
    "missing_metric_source_case_ids": [],
    "invalid_metric_source_case_ids": [],
    "pass": true
  }
}