{
  "schema_version": "1.1",
  "run_id": "phase1-hf-benchmark-topk-residual-meta",
  "generated_at": "2026-03-01T12:07:01.093441+00:00",
  "algorithm": "topk_weighted_residual_correction_with_meta_learning",
  "contract_pass": true,
  "reason_code": "PASS",
  "reason": "top-k residual/meta benchmark KPI thresholds satisfied",
  "kpi_pass": true,
  "metrics": {
    "drift_error_pct": 5.318531961238206,
    "base_shear_error_pct": 1.8536700075066763,
    "mode_shape_mac": 0.9961267763918097,
    "buckling_factor_error_pct": 3.6083104310508776
  },
  "checks": {
    "drift_ok": true,
    "base_shear_ok": true,
    "mac_ok": true,
    "buckling_factor_ok": true,
    "improves_over_lf": true
  },
  "target_split": "all",
  "comparison": {
    "baseline_lf": {
      "train": {
        "case_count": 14,
        "drift_error_pct": 18.580826620193427,
        "base_shear_error_pct": 10.397121744384842,
        "mode_shape_mac": 0.9343813301707241,
        "buckling_factor_error_pct": 13.211985219651703,
        "equilibrium_residual_mean": 1.2882307568428535
      },
      "val": {
        "case_count": 4,
        "drift_error_pct": 23.104203861023585,
        "base_shear_error_pct": 9.5234403262075,
        "mode_shape_mac": 0.9440508513221846,
        "buckling_factor_error_pct": 18.126963929919942,
        "equilibrium_residual_mean": 1.9070470929574677
      },
      "test": {
        "case_count": 4,
        "drift_error_pct": 15.859851979535787,
        "base_shear_error_pct": 9.515911187721477,
        "mode_shape_mac": 0.9353458111557905,
        "buckling_factor_error_pct": 11.101896385675056,
        "equilibrium_residual_mean": 0.8300395818683258
      },
      "all": {
        "case_count": 22,
        "drift_error_pct": 18.90853618386116,
        "base_shear_error_pct": 10.078050476231983,
        "mode_shape_mac": 0.9363147851046382,
        "buckling_factor_error_pct": 13.721965197159268,
        "equilibrium_residual_mean": 1.3174353315955964
      }
    },
    "topk_residual_meta": {
      "train": {
        "case_count": 14,
        "drift_error_pct": 5.690766227251421,
        "base_shear_error_pct": 2.5664326319783837,
        "mode_shape_mac": 0.993913505758558,
        "buckling_factor_error_pct": 3.290892730002699,
        "equilibrium_residual_mean": 1.262863359280995
      },
      "val": {
        "case_count": 4,
        "drift_error_pct": 8.612828724035547,
        "base_shear_error_pct": 0.7343685561925103,
        "mode_shape_mac": 1.0,
        "buckling_factor_error_pct": 7.4153353444976,
        "equilibrium_residual_mean": 1.8716514706611633
      },
      "test": {
        "case_count": 4,
        "drift_error_pct": 0.7214152673946058,
        "base_shear_error_pct": 0.47830227316986745,
        "mode_shape_mac": 1.0,
        "buckling_factor_error_pct": 0.9122474712727786,
        "equilibrium_residual_mean": 0.8115873113274574
      },
      "all": {
        "case_count": 22,
        "drift_error_pct": 5.318531961238206,
        "base_shear_error_pct": 1.8536700075066763,
        "mode_shape_mac": 0.9961267763918097,
        "buckling_factor_error_pct": 3.6083104310508776,
        "equilibrium_residual_mean": 1.291501916267655
      }
    },
    "improvement_pct": {
      "drift_error_reduction_pct": 71.87232311627757,
      "base_shear_error_reduction_pct": 81.60685926431546,
      "buckling_error_reduction_pct": 73.70412780380849,
      "mode_shape_mac_gain_pct": 6.388021660951046
    }
  },
  "training": {
    "epochs": 24,
    "branches": 10,
    "top_k": 3,
    "lr": 0.055,
    "epsilon": 0.11,
    "temperature": 0.32,
    "seed": 23,
    "final_total_loss": 0.13665418326854706,
    "final_weighted_loss": 0.13491159677505493,
    "last_selected_branch_ids": [
      7,
      8,
      2
    ],
    "last_selected_weights": [
      0.3422289379781137,
      0.330838873248239,
      0.3269321887736472
    ],
    "param_vector": [
      0.3626013994216919,
      -0.3042551875114441,
      0.4285437762737274,
      -0.34265992045402527,
      0.0008913432247936726,
      -0.71879643201828,
      0.5227936506271362,
      -0.43668121099472046,
      0.5755683183670044,
      -0.3435176610946655,
      0.12631727755069733,
      0.13598619401454926,
      0.12518490850925446,
      0.0,
      0.031223729252815247,
      0.08666574209928513,
      1.2809686660766602
    ]
  },
  "metric_source_validation": {
    "enabled": true,
    "accepted_metric_sources": [
      "commercial_solver_export",
      "engine_export_direct",
      "open_data_measurement"
    ],
    "global_metric_source": "open_data_measurement",
    "missing_metric_source_case_ids": [],
    "invalid_metric_source_case_ids": [],
    "pass": true
  }
}