{
  "schema_version": "1.1",
  "run_id": "phase1-hf-benchmark-topk-residual-meta",
  "generated_at": "2026-03-01T12:06:03.842062+00:00",
  "algorithm": "topk_weighted_residual_correction_with_meta_learning",
  "contract_pass": true,
  "reason_code": "PASS",
  "reason": "top-k residual/meta benchmark KPI thresholds satisfied",
  "kpi_pass": true,
  "metrics": {
    "drift_error_pct": 1.9484320059464928,
    "base_shear_error_pct": 1.3110331085407159,
    "mode_shape_mac": 0.9958251172846014,
    "buckling_factor_error_pct": 1.5267219513340307
  },
  "checks": {
    "drift_ok": true,
    "base_shear_ok": true,
    "mac_ok": true,
    "buckling_factor_ok": true,
    "improves_over_lf": true
  },
  "target_split": "all",
  "comparison": {
    "baseline_lf": {
      "train": {
        "case_count": 14,
        "drift_error_pct": 15.956042987911951,
        "base_shear_error_pct": 9.543400492254294,
        "mode_shape_mac": 0.9421427888383642,
        "buckling_factor_error_pct": 11.082058942398984,
        "equilibrium_residual_mean": 1.2846799025645097
      },
      "val": {
        "case_count": 4,
        "drift_error_pct": 17.397880951328155,
        "base_shear_error_pct": 10.276385458648345,
        "mode_shape_mac": 0.9433924974456354,
        "buckling_factor_error_pct": 12.278003545081743,
        "equilibrium_residual_mean": 1.9363937543814769
      },
      "test": {
        "case_count": 4,
        "drift_error_pct": 15.859851979535787,
        "base_shear_error_pct": 9.515911187721477,
        "mode_shape_mac": 0.9353458111557905,
        "buckling_factor_error_pct": 11.101896385675056,
        "equilibrium_residual_mean": 0.8300395818683258
      },
      "all": {
        "case_count": 22,
        "drift_error_pct": 16.200706070646508,
        "base_shear_error_pct": 9.671672430774517,
        "mode_shape_mac": 0.9411341944610366,
        "buckling_factor_error_pct": 11.303110223482408,
        "equilibrium_residual_mean": 1.3205114536773794
      }
    },
    "topk_residual_meta": {
      "train": {
        "case_count": 14,
        "drift_error_pct": 1.4552741766992947,
        "base_shear_error_pct": 1.465343281509064,
        "mode_shape_mac": 0.9965577679021018,
        "buckling_factor_error_pct": 1.6201700903784215,
        "equilibrium_residual_mean": 1.2515479368822915
      },
      "val": {
        "case_count": 4,
        "drift_error_pct": 2.7354516593243208,
        "base_shear_error_pct": 1.2792297241856294,
        "mode_shape_mac": 0.9967315346002579,
        "buckling_factor_error_pct": 1.8150187726237146,
        "equilibrium_residual_mean": 1.8896968066692352
      },
      "test": {
        "case_count": 4,
        "drift_error_pct": 2.887464754933859,
        "base_shear_error_pct": 0.8027508875065845,
        "mode_shape_mac": 0.9923544228076935,
        "buckling_factor_error_pct": 0.9113566433889772,
        "equilibrium_residual_mean": 0.8078201524913311
      },
      "all": {
        "case_count": 22,
        "drift_error_pct": 1.9484320059464928,
        "base_shear_error_pct": 1.3110331085407159,
        "mode_shape_mac": 0.9958251172846014,
        "buckling_factor_error_pct": 1.5267219513340307,
        "equilibrium_residual_mean": 1.2868972251361066
      }
    },
    "improvement_pct": {
      "drift_error_reduction_pct": 87.97316612343958,
      "base_shear_error_reduction_pct": 86.44460802488399,
      "buckling_error_reduction_pct": 86.49290397821443,
      "mode_shape_mac_gain_pct": 5.811171578446885
    }
  },
  "training": {
    "epochs": 24,
    "branches": 10,
    "top_k": 3,
    "lr": 0.055,
    "epsilon": 0.11,
    "temperature": 0.32,
    "seed": 11,
    "final_total_loss": 0.0723632425069809,
    "final_weighted_loss": 0.07085464149713516,
    "last_selected_branch_ids": [
      0,
      9,
      3
    ],
    "last_selected_weights": [
      0.33465842463364404,
      0.3329873190877248,
      0.3323542562786312
    ],
    "param_vector": [
      0.30388835072517395,
      -0.30715659260749817,
      0.29965102672576904,
      -0.37135857343673706,
      0.017977852374315262,
      -0.6649942994117737,
      0.4465922713279724,
      -0.2838568687438965,
      0.5157114863395691,
      -0.34319016337394714,
      0.12223025411367416,
      0.0478406623005867,
      0.11480803787708282,
      0.0,
      -0.1095430850982666,
      0.12593436241149902,
      1.2403749227523804
    ]
  },
  "metric_source_validation": {
    "enabled": true,
    "accepted_metric_sources": [
      "commercial_solver_export",
      "engine_export_direct",
      "open_data_measurement"
    ],
    "global_metric_source": "open_data_measurement",
    "missing_metric_source_case_ids": [],
    "invalid_metric_source_case_ids": [],
    "pass": true
  }
}