{
  "schema_version": "1.1",
  "run_id": "phase1-hf-benchmark-topk-residual-meta",
  "generated_at": "2026-03-01T12:05:42.616897+00:00",
  "algorithm": "topk_weighted_residual_correction_with_meta_learning",
  "contract_pass": true,
  "reason_code": "PASS",
  "reason": "top-k residual/meta benchmark KPI thresholds satisfied",
  "kpi_pass": true,
  "metrics": {
    "drift_error_pct": 1.972850493218183,
    "base_shear_error_pct": 1.3759602717648747,
    "mode_shape_mac": 0.9958925409750505,
    "buckling_factor_error_pct": 1.4606768363908438
  },
  "checks": {
    "drift_ok": true,
    "base_shear_ok": true,
    "mac_ok": true,
    "buckling_factor_ok": true,
    "improves_over_lf": true
  },
  "target_split": "all",
  "comparison": {
    "baseline_lf": {
      "train": {
        "case_count": 14,
        "drift_error_pct": 15.913334967235782,
        "base_shear_error_pct": 9.532539969239465,
        "mode_shape_mac": 0.9425554606744068,
        "buckling_factor_error_pct": 11.128663500947704,
        "equilibrium_residual_mean": 1.2840519587374608
      },
      "val": {
        "case_count": 4,
        "drift_error_pct": 17.22281857064864,
        "base_shear_error_pct": 10.391488409801516,
        "mode_shape_mac": 0.9433875778778869,
        "buckling_factor_error_pct": 11.983255990682546,
        "equilibrium_residual_mean": 1.9340795522493548
      },
      "test": {
        "case_count": 4,
        "drift_error_pct": 15.859851979535787,
        "base_shear_error_pct": 9.515911187721477,
        "mode_shape_mac": 0.9353458111557905,
        "buckling_factor_error_pct": 11.101896385675056,
        "equilibrium_residual_mean": 0.8300395818683258
      },
      "all": {
        "case_count": 22,
        "drift_error_pct": 16.141698715547218,
        "base_shear_error_pct": 9.685688998156566,
        "mode_shape_mac": 0.9413959093443819,
        "buckling_factor_error_pct": 11.279177205395376,
        "equilibrium_residual_mean": 1.3196910890361442
      }
    },
    "topk_residual_meta": {
      "train": {
        "case_count": 14,
        "drift_error_pct": 1.4583311941498054,
        "base_shear_error_pct": 1.5446902786753398,
        "mode_shape_mac": 0.9968107470444271,
        "buckling_factor_error_pct": 1.605800452288731,
        "equilibrium_residual_mean": 1.2508871001856667
      },
      "val": {
        "case_count": 4,
        "drift_error_pct": 2.7096551235580657,
        "base_shear_error_pct": 1.6975150983260199,
        "mode_shape_mac": 0.9966186583042145,
        "buckling_factor_error_pct": 1.4332163324690421,
        "equilibrium_residual_mean": 1.8873520493507385
      },
      "test": {
        "case_count": 4,
        "drift_error_pct": 3.0368634096176237,
        "base_shear_error_pct": 0.4638504210171005,
        "mode_shape_mac": 0.9919527024030685,
        "buckling_factor_error_pct": 0.9802046846700403,
        "equilibrium_residual_mean": 0.8077923506498337
      },
      "all": {
        "case_count": 22,
        "drift_error_pct": 1.972850493218183,
        "base_shear_error_pct": 1.3759602717648747,
        "mode_shape_mac": 0.9958925409750505,
        "buckling_factor_error_pct": 1.4606768363908438,
        "equilibrium_residual_mean": 1.2860453183000737
      }
    },
    "improvement_pct": {
      "drift_error_reduction_pct": 87.77792518628792,
      "base_shear_error_reduction_pct": 85.79388340853443,
      "buckling_error_reduction_pct": 87.04979264185927,
      "mode_shape_mac_gain_pct": 5.78891740337196
    }
  },
  "training": {
    "epochs": 24,
    "branches": 10,
    "top_k": 3,
    "lr": 0.055,
    "epsilon": 0.11,
    "temperature": 0.32,
    "seed": 11,
    "final_total_loss": 0.07345012575387955,
    "final_weighted_loss": 0.07193893194198608,
    "last_selected_branch_ids": [
      0,
      3,
      9
    ],
    "last_selected_weights": [
      0.33562910680839725,
      0.3334777595829949,
      0.33089313360860795
    ],
    "param_vector": [
      0.3019968867301941,
      -0.3142237663269043,
      0.29477936029434204,
      -0.3679511249065399,
      0.01791548728942871,
      -0.6491564512252808,
      0.47826969623565674,
      -0.2724812924861908,
      0.512386679649353,
      -0.3438250720500946,
      0.12245050072669983,
      0.051895029842853546,
      0.12051910907030106,
      0.0,
      -0.1041186973452568,
      0.12583240866661072,
      1.2453880310058594
    ]
  },
  "metric_source_validation": {
    "enabled": true,
    "accepted_metric_sources": [
      "commercial_solver_export",
      "engine_export_direct",
      "open_data_measurement"
    ],
    "global_metric_source": "open_data_measurement",
    "missing_metric_source_case_ids": [],
    "invalid_metric_source_case_ids": [],
    "pass": true
  }
}