{
  "schema_version": "1.1",
  "run_id": "phase1-hf-benchmark-topk-residual-meta",
  "generated_at": "2026-03-01T12:06:10.965818+00:00",
  "algorithm": "topk_weighted_residual_correction_with_meta_learning",
  "contract_pass": true,
  "reason_code": "PASS",
  "reason": "top-k residual/meta benchmark KPI thresholds satisfied",
  "kpi_pass": true,
  "metrics": {
    "drift_error_pct": 2.0789803819938353,
    "base_shear_error_pct": 1.3065625473580171,
    "mode_shape_mac": 0.995303603735837,
    "buckling_factor_error_pct": 1.3615644131445546
  },
  "checks": {
    "drift_ok": true,
    "base_shear_ok": true,
    "mac_ok": true,
    "buckling_factor_ok": true,
    "improves_over_lf": true
  },
  "target_split": "all",
  "comparison": {
    "baseline_lf": {
      "train": {
        "case_count": 14,
        "drift_error_pct": 15.997420172445034,
        "base_shear_error_pct": 9.591930832296962,
        "mode_shape_mac": 0.9422520753712745,
        "buckling_factor_error_pct": 11.185144771975747,
        "equilibrium_residual_mean": 1.2845740605479954
      },
      "val": {
        "case_count": 4,
        "drift_error_pct": 16.917390000973604,
        "base_shear_error_pct": 10.37128791282018,
        "mode_shape_mac": 0.9430796494896363,
        "buckling_factor_error_pct": 12.220035197098488,
        "equilibrium_residual_mean": 1.9364563690736458
      },
      "test": {
        "case_count": 4,
        "drift_error_pct": 15.859851979535787,
        "base_shear_error_pct": 9.515911187721477,
        "mode_shape_mac": 0.9353458111557905,
        "buckling_factor_error_pct": 11.101896385675056,
        "equilibrium_residual_mean": 0.8300395818683258
      },
      "all": {
        "case_count": 22,
        "drift_error_pct": 16.139675015284915,
        "base_shear_error_pct": 9.719810366105639,
        "mode_shape_mac": 0.9411468589899795,
        "buckling_factor_error_pct": 11.35817059721612,
        "equilibrium_residual_mean": 1.3204554841563554
      }
    },
    "topk_residual_meta": {
      "train": {
        "case_count": 14,
        "drift_error_pct": 2.2748889764631763,
        "base_shear_error_pct": 1.4897716358718218,
        "mode_shape_mac": 0.9962437706334251,
        "buckling_factor_error_pct": 1.4449519059548288,
        "equilibrium_residual_mean": 1.2577252898897444
      },
      "val": {
        "case_count": 4,
        "drift_error_pct": 1.7307321306097203,
        "base_shear_error_pct": 1.3958972994146102,
        "mode_shape_mac": 0.9959293156862259,
        "buckling_factor_error_pct": 1.388415982225318,
        "equilibrium_residual_mean": 1.8986864984035492
      },
      "test": {
        "case_count": 4,
        "drift_error_pct": 1.741548552735257,
        "base_shear_error_pct": 0.5759959855031069,
        "mode_shape_mac": 0.9913873076438904,
        "buckling_factor_error_pct": 1.0428566192278328,
        "equilibrium_residual_mean": 0.8108446262776852
      },
      "all": {
        "case_count": 22,
        "drift_error_pct": 2.0789803819938353,
        "base_shear_error_pct": 1.3065625473580171,
        "mode_shape_mac": 0.995303603735837,
        "buckling_factor_error_pct": 1.3615644131445546,
        "equilibrium_residual_mean": 1.2930126616900617
      }
    },
    "improvement_pct": {
      "drift_error_reduction_pct": 87.11882128961732,
      "base_shear_error_reduction_pct": 86.55773622997638,
      "buckling_error_reduction_pct": 88.0124673116085,
      "mode_shape_mac_gain_pct": 5.754335174000101
    }
  },
  "training": {
    "epochs": 24,
    "branches": 10,
    "top_k": 3,
    "lr": 0.055,
    "epsilon": 0.11,
    "temperature": 0.32,
    "seed": 47,
    "final_total_loss": 0.07384046167135239,
    "final_weighted_loss": 0.07225733250379562,
    "last_selected_branch_ids": [
      5,
      9,
      1
    ],
    "last_selected_weights": [
      0.34082800912118005,
      0.3332479221911335,
      0.3259240686876865
    ],
    "param_vector": [
      0.34659597277641296,
      -0.31142139434814453,
      0.2756401300430298,
      -0.36284637451171875,
      0.004116118885576725,
      -0.6721234321594238,
      0.47493284940719604,
      -0.3144611120223999,
      0.5262897610664368,
      -0.3442551791667938,
      0.09998556971549988,
      0.08398344367742538,
      0.1186797246336937,
      0.0,
      -0.08197654783725739,
      0.09714644402265549,
      1.28255295753479
    ]
  },
  "metric_source_validation": {
    "enabled": true,
    "accepted_metric_sources": [
      "commercial_solver_export",
      "engine_export_direct",
      "open_data_measurement"
    ],
    "global_metric_source": "open_data_measurement",
    "missing_metric_source_case_ids": [],
    "invalid_metric_source_case_ids": [],
    "pass": true
  }
}