{
  "schema_version": "1.1",
  "run_id": "phase1-hf-benchmark-topk-residual-meta",
  "generated_at": "2026-03-01T12:06:28.851625+00:00",
  "algorithm": "topk_weighted_residual_correction_with_meta_learning",
  "contract_pass": true,
  "reason_code": "PASS",
  "reason": "top-k residual/meta benchmark KPI thresholds satisfied",
  "kpi_pass": true,
  "metrics": {
    "drift_error_pct": 2.717422711894265,
    "base_shear_error_pct": 1.2798341643710176,
    "mode_shape_mac": 0.998205152424899,
    "buckling_factor_error_pct": 1.3686730079268659
  },
  "checks": {
    "drift_ok": true,
    "base_shear_ok": true,
    "mac_ok": true,
    "buckling_factor_ok": true,
    "improves_over_lf": true
  },
  "target_split": "all",
  "comparison": {
    "baseline_lf": {
      "train": {
        "case_count": 14,
        "drift_error_pct": 15.842425680253786,
        "base_shear_error_pct": 9.604602655452378,
        "mode_shape_mac": 0.9402621719742906,
        "buckling_factor_error_pct": 11.44623793379644,
        "equilibrium_residual_mean": 1.2835799329352435
      },
      "val": {
        "case_count": 4,
        "drift_error_pct": 16.861471551291764,
        "base_shear_error_pct": 10.103081151448174,
        "mode_shape_mac": 0.9433959244071921,
        "buckling_factor_error_pct": 11.885973830441356,
        "equilibrium_residual_mean": 1.9342933897052879
      },
      "test": {
        "case_count": 4,
        "drift_error_pct": 15.859851979535787,
        "base_shear_error_pct": 9.515911187721477,
        "mode_shape_mac": 0.9353458111557905,
        "buckling_factor_error_pct": 11.101896385675056,
        "equilibrium_residual_mean": 0.8300395818683258
      },
      "all": {
        "case_count": 22,
        "drift_error_pct": 16.03087516576651,
        "base_shear_error_pct": 9.679109387864175,
        "mode_shape_mac": 0.9399380613587273,
        "buckling_factor_error_pct": 11.463582360800718,
        "equilibrium_residual_mean": 1.3194295885176304
      }
    },
    "topk_residual_meta": {
      "train": {
        "case_count": 14,
        "drift_error_pct": 3.2417484345916,
        "base_shear_error_pct": 1.5093893777738236,
        "mode_shape_mac": 0.9977263254778725,
        "buckling_factor_error_pct": 1.5132985934422007,
        "equilibrium_residual_mean": 1.242431334086827
      },
      "val": {
        "case_count": 4,
        "drift_error_pct": 2.375704443483766,
        "base_shear_error_pct": 1.2122579241937848,
        "mode_shape_mac": 0.9985190331935883,
        "buckling_factor_error_pct": 1.007103502437746,
        "equilibrium_residual_mean": 1.8765791952610016
      },
      "test": {
        "case_count": 4,
        "drift_error_pct": 1.224000950864092,
        "base_shear_error_pct": 0.5439671576384275,
        "mode_shape_mac": 0.9995671659708023,
        "buckling_factor_error_pct": 1.2240529641123143,
        "equilibrium_residual_mean": 0.8038161471486092
      },
      "all": {
        "case_count": 22,
        "drift_error_pct": 2.717422711894265,
        "base_shear_error_pct": 1.2798341643710176,
        "mode_shape_mac": 0.998205152424899,
        "buckling_factor_error_pct": 1.3686730079268659,
        "equilibrium_residual_mean": 1.2779827294024555
      }
    },
    "improvement_pct": {
      "drift_error_reduction_pct": 83.04881870892959,
      "base_shear_error_reduction_pct": 86.77735612766507,
      "buckling_error_reduction_pct": 88.060686748263,
      "mode_shape_mac_gain_pct": 6.199035177056646
    }
  },
  "training": {
    "epochs": 24,
    "branches": 10,
    "top_k": 3,
    "lr": 0.055,
    "epsilon": 0.11,
    "temperature": 0.32,
    "seed": 23,
    "final_total_loss": 0.07996939867734909,
    "final_weighted_loss": 0.07836932688951492,
    "last_selected_branch_ids": [
      8,
      7,
      6
    ],
    "last_selected_weights": [
      0.336305447113913,
      0.3358356099717665,
      0.3278589429143205
    ],
    "param_vector": [
      0.3647397458553314,
      -0.2981802821159363,
      0.3780560791492462,
      -0.34317630529403687,
      0.03317669406533241,
      -0.6324766278266907,
      0.4930327236652374,
      -0.3544236719608307,
      0.5206499695777893,
      -0.3514340817928314,
      0.14811532199382782,
      0.08312526345252991,
      0.12286291271448135,
      0.0,
      -0.02844490110874176,
      0.11831969022750854,
      1.274793028831482
    ]
  },
  "metric_source_validation": {
    "enabled": true,
    "accepted_metric_sources": [
      "commercial_solver_export",
      "engine_export_direct",
      "open_data_measurement"
    ],
    "global_metric_source": "open_data_measurement",
    "missing_metric_source_case_ids": [],
    "invalid_metric_source_case_ids": [],
    "pass": true
  }
}