{
  "schema_version": "1.1",
  "run_id": "phase1-hf-benchmark-topk-residual-meta",
  "generated_at": "2026-03-01T12:06:46.779138+00:00",
  "algorithm": "topk_weighted_residual_correction_with_meta_learning",
  "contract_pass": true,
  "reason_code": "PASS",
  "reason": "top-k residual/meta benchmark KPI thresholds satisfied",
  "kpi_pass": true,
  "metrics": {
    "drift_error_pct": 1.842868564027689,
    "base_shear_error_pct": 1.3248712378417278,
    "mode_shape_mac": 0.9974980110471899,
    "buckling_factor_error_pct": 2.1538341188378665
  },
  "checks": {
    "drift_ok": true,
    "base_shear_ok": true,
    "mac_ok": true,
    "buckling_factor_ok": true,
    "improves_over_lf": true
  },
  "target_split": "all",
  "comparison": {
    "baseline_lf": {
      "train": {
        "case_count": 14,
        "drift_error_pct": 15.831650717949119,
        "base_shear_error_pct": 9.345565438939966,
        "mode_shape_mac": 0.9366956197560256,
        "buckling_factor_error_pct": 11.64824548296679,
        "equilibrium_residual_mean": 1.2827044401481509
      },
      "val": {
        "case_count": 4,
        "drift_error_pct": 16.383835751531464,
        "base_shear_error_pct": 10.590119270417993,
        "mode_shape_mac": 0.9416260906110472,
        "buckling_factor_error_pct": 14.610120874924737,
        "equilibrium_residual_mean": 1.9421769816911836
      },
      "test": {
        "case_count": 4,
        "drift_error_pct": 15.859851979535787,
        "base_shear_error_pct": 9.515911187721477,
        "mode_shape_mac": 0.9353458111557905,
        "buckling_factor_error_pct": 11.101896385675056,
        "equilibrium_residual_mean": 0.8300395818683258
      },
      "all": {
        "case_count": 22,
        "drift_error_pct": 15.937175498888944,
        "base_shear_error_pct": 9.602819908078061,
        "mode_shape_mac": 0.9373466492568958,
        "buckling_factor_error_pct": 12.08743208199701,
        "equilibrium_residual_mean": 1.3203058371050977
      }
    },
    "topk_residual_meta": {
      "train": {
        "case_count": 14,
        "drift_error_pct": 1.7876976350066645,
        "base_shear_error_pct": 1.4022518187711455,
        "mode_shape_mac": 0.9963430293968746,
        "buckling_factor_error_pct": 1.967593128393517,
        "equilibrium_residual_mean": 1.2464131329740797
      },
      "val": {
        "case_count": 4,
        "drift_error_pct": 1.2906155178690866,
        "base_shear_error_pct": 1.3444073383955768,
        "mode_shape_mac": 0.9990384578704834,
        "buckling_factor_error_pct": 4.232879535699475,
        "equilibrium_residual_mean": 1.8913293778896332
      },
      "test": {
        "case_count": 4,
        "drift_error_pct": 2.5882198617598795,
        "base_shear_error_pct": 1.034503104034918,
        "mode_shape_mac": 1.0,
        "buckling_factor_error_pct": 0.7266321685314824,
        "equilibrium_residual_mean": 0.8061681985855103
      },
      "all": {
        "case_count": 22,
        "drift_error_pct": 1.842868564027689,
        "base_shear_error_pct": 1.3248712378417278,
        "mode_shape_mac": 0.9974980110471899,
        "buckling_factor_error_pct": 2.1538341188378665,
        "equilibrium_residual_mean": 1.2836260985244403
      }
    },
    "improvement_pct": {
      "drift_error_reduction_pct": 88.43666768834814,
      "base_shear_error_reduction_pct": 86.20331058455835,
      "buckling_error_reduction_pct": 82.18121016749471,
      "mode_shape_mac_gain_pct": 6.417194944685679
    }
  },
  "training": {
    "epochs": 24,
    "branches": 10,
    "top_k": 3,
    "lr": 0.055,
    "epsilon": 0.11,
    "temperature": 0.32,
    "seed": 11,
    "final_total_loss": 0.08000237494707108,
    "final_weighted_loss": 0.0782959833741188,
    "last_selected_branch_ids": [
      0,
      3,
      9
    ],
    "last_selected_weights": [
      0.3364229903406732,
      0.33184283126519964,
      0.3317341783941272
    ],
    "param_vector": [
      0.3143557012081146,
      -0.2914448380470276,
      0.48743048310279846,
      -0.3515665829181671,
      0.022530024871230125,
      -0.6191853880882263,
      0.4161525070667267,
      -0.6337520480155945,
      0.562494695186615,
      -0.3516288101673126,
      0.12840738892555237,
      0.14405055344104767,
      0.13696108758449554,
      0.0,
      -0.008375745266675949,
      0.12637658417224884,
      1.2386492490768433
    ]
  },
  "metric_source_validation": {
    "enabled": true,
    "accepted_metric_sources": [
      "commercial_solver_export",
      "engine_export_direct",
      "open_data_measurement"
    ],
    "global_metric_source": "open_data_measurement",
    "missing_metric_source_case_ids": [],
    "invalid_metric_source_case_ids": [],
    "pass": true
  }
}