{
  "schema_version": "1.1",
  "run_id": "phase1-hf-benchmark-topk-residual-meta",
  "generated_at": "2026-03-01T12:06:53.985825+00:00",
  "algorithm": "topk_weighted_residual_correction_with_meta_learning",
  "contract_pass": true,
  "reason_code": "PASS",
  "reason": "top-k residual/meta benchmark KPI thresholds satisfied",
  "kpi_pass": true,
  "metrics": {
    "drift_error_pct": 2.001904656430368,
    "base_shear_error_pct": 1.4889308088516822,
    "mode_shape_mac": 0.9946808191862974,
    "buckling_factor_error_pct": 1.9293215996265494
  },
  "checks": {
    "drift_ok": true,
    "base_shear_ok": true,
    "mac_ok": true,
    "buckling_factor_ok": true,
    "improves_over_lf": true
  },
  "target_split": "all",
  "comparison": {
    "baseline_lf": {
      "train": {
        "case_count": 14,
        "drift_error_pct": 15.978428258879257,
        "base_shear_error_pct": 9.144630806386806,
        "mode_shape_mac": 0.9386999137821189,
        "buckling_factor_error_pct": 11.118802846061683,
        "equilibrium_residual_mean": 1.2859718122957517
      },
      "val": {
        "case_count": 4,
        "drift_error_pct": 16.581687663068074,
        "base_shear_error_pct": 10.626685609041258,
        "mode_shape_mac": 0.9356676960425823,
        "buckling_factor_error_pct": 10.599960563814033,
        "equilibrium_residual_mean": 1.9282828975521042
      },
      "test": {
        "case_count": 4,
        "drift_error_pct": 15.859851979535787,
        "base_shear_error_pct": 9.515911187721477,
        "mode_shape_mac": 0.9353458111557905,
        "buckling_factor_error_pct": 11.101896385675056,
        "equilibrium_residual_mean": 0.8300395818683258
      },
      "all": {
        "case_count": 22,
        "drift_error_pct": 16.066552463396594,
        "base_shear_error_pct": 9.481600839839372,
        "mode_shape_mac": 0.937538764624689,
        "buckling_factor_error_pct": 11.021393983764542,
        "equilibrium_residual_mean": 1.319858876810102
      }
    },
    "topk_residual_meta": {
      "train": {
        "case_count": 14,
        "drift_error_pct": 2.228989342000328,
        "base_shear_error_pct": 1.6794351132152217,
        "mode_shape_mac": 0.995051132781165,
        "buckling_factor_error_pct": 2.293460394933117,
        "equilibrium_residual_mean": 1.254379119191851
      },
      "val": {
        "case_count": 4,
        "drift_error_pct": 1.4325519027865916,
        "base_shear_error_pct": 1.866102891351125,
        "mode_shape_mac": 0.9896940737962723,
        "buckling_factor_error_pct": 2.395606118290648,
        "equilibrium_residual_mean": 1.8841482400894165
      },
      "test": {
        "case_count": 4,
        "drift_error_pct": 1.7764610105792844,
        "base_shear_error_pct": 0.44499366107985155,
        "mode_shape_mac": 0.9983714669942856,
        "buckling_factor_error_pct": 0.18855129738946358,
        "equilibrium_residual_mean": 0.8093105256557465
      },
      "all": {
        "case_count": 22,
        "drift_error_pct": 2.001904656430368,
        "base_shear_error_pct": 1.4889308088516822,
        "mode_shape_mac": 0.9946808191862974,
        "buckling_factor_error_pct": 1.9293215996265494,
        "equilibrium_residual_mean": 1.287961033257571
      }
    },
    "improvement_pct": {
      "drift_error_reduction_pct": 87.53992394453522,
      "base_shear_error_reduction_pct": 84.29663055846478,
      "buckling_error_reduction_pct": 82.49475880756458,
      "mode_shape_mac_gain_pct": 6.094900468940418
    }
  },
  "training": {
    "epochs": 24,
    "branches": 10,
    "top_k": 3,
    "lr": 0.055,
    "epsilon": 0.11,
    "temperature": 0.32,
    "seed": 47,
    "final_total_loss": 0.07657220214605331,
    "final_weighted_loss": 0.07492128759622574,
    "last_selected_branch_ids": [
      9,
      5,
      1
    ],
    "last_selected_weights": [
      0.33639152058548716,
      0.33594683471112174,
      0.32766164470339104
    ],
    "param_vector": [
      0.33059245347976685,
      -0.31312933564186096,
      0.3270057737827301,
      -0.38560062646865845,
      0.02030937932431698,
      -0.6887125968933105,
      0.4588794708251953,
      -0.3947243392467499,
      0.5821228623390198,
      -0.3035072088241577,
      0.11041896790266037,
      0.11926473677158356,
      0.16132520139217377,
      0.0,
      -0.03600072115659714,
      0.11623745411634445,
      1.2798844575881958
    ]
  },
  "metric_source_validation": {
    "enabled": true,
    "accepted_metric_sources": [
      "commercial_solver_export",
      "engine_export_direct",
      "open_data_measurement"
    ],
    "global_metric_source": "open_data_measurement",
    "missing_metric_source_case_ids": [],
    "invalid_metric_source_case_ids": [],
    "pass": true
  }
}