{
  "schema_version": "1.1",
  "run_id": "phase1-hf-benchmark-topk-residual-meta",
  "generated_at": "2026-03-01T12:06:36.086678+00:00",
  "algorithm": "topk_weighted_residual_correction_with_meta_learning",
  "contract_pass": true,
  "reason_code": "PASS",
  "reason": "top-k residual/meta benchmark KPI thresholds satisfied",
  "kpi_pass": true,
  "metrics": {
    "drift_error_pct": 1.971504712650409,
    "base_shear_error_pct": 1.5484846261446656,
    "mode_shape_mac": 0.9958660954778845,
    "buckling_factor_error_pct": 2.8933558567474034
  },
  "checks": {
    "drift_ok": true,
    "base_shear_ok": true,
    "mac_ok": true,
    "buckling_factor_ok": true,
    "improves_over_lf": true
  },
  "target_split": "all",
  "comparison": {
    "baseline_lf": {
      "train": {
        "case_count": 14,
        "drift_error_pct": 16.44631682411163,
        "base_shear_error_pct": 9.166440201629808,
        "mode_shape_mac": 0.9333328915822706,
        "buckling_factor_error_pct": 12.789296837683668,
        "equilibrium_residual_mean": 1.2953866975826993
      },
      "val": {
        "case_count": 4,
        "drift_error_pct": 16.248256413585867,
        "base_shear_error_pct": 10.148171889368996,
        "mode_shape_mac": 0.9416568761887343,
        "buckling_factor_error_pct": 13.938080383920708,
        "equilibrium_residual_mean": 1.9157455706277267
      },
      "test": {
        "case_count": 4,
        "drift_error_pct": 15.859851979535787,
        "base_shear_error_pct": 9.515911187721477,
        "mode_shape_mac": 0.9353458111557905,
        "buckling_factor_error_pct": 11.101896385675056,
        "equilibrium_residual_mean": 0.8300395818683258
      },
      "all": {
        "case_count": 22,
        "drift_error_pct": 16.303675868638614,
        "base_shear_error_pct": 9.408477051417234,
        "mode_shape_mac": 0.9352123287059041,
        "buckling_factor_error_pct": 12.691366491179748,
        "equilibrium_residual_mean": 1.323570653461
      }
    },
    "topk_residual_meta": {
      "train": {
        "case_count": 14,
        "drift_error_pct": 1.8758738885796529,
        "base_shear_error_pct": 1.8483652071547014,
        "mode_shape_mac": 0.9935839431626456,
        "buckling_factor_error_pct": 3.271319241899579,
        "equilibrium_residual_mean": 1.2652049788406916
      },
      "val": {
        "case_count": 4,
        "drift_error_pct": 1.5960115610493104,
        "base_shear_error_pct": 1.0339818341612266,
        "mode_shape_mac": 0.9997197240591049,
        "buckling_factor_error_pct": 3.5337294293362316,
        "equilibrium_residual_mean": 1.8742818236351013
      },
      "test": {
        "case_count": 4,
        "drift_error_pct": 2.681705748499158,
        "base_shear_error_pct": 1.0134053845929816,
        "mode_shape_mac": 1.0,
        "buckling_factor_error_pct": 0.9301104361259628,
        "equilibrium_residual_mean": 0.8099786676466465
      },
      "all": {
        "case_count": 22,
        "drift_error_pct": 1.971504712650409,
        "base_shear_error_pct": 1.5484846261446656,
        "mode_shape_mac": 0.9958660954778845,
        "buckling_factor_error_pct": 2.8933558567474034,
        "equilibrium_residual_mean": 1.293177803131667
      }
    },
    "improvement_pct": {
      "drift_error_reduction_pct": 87.90760606052802,
      "base_shear_error_reduction_pct": 83.54160171000883,
      "buckling_error_reduction_pct": 77.2021723684504,
      "mode_shape_mac_gain_pct": 6.485561076371801
    }
  },
  "training": {
    "epochs": 24,
    "branches": 10,
    "top_k": 3,
    "lr": 0.055,
    "epsilon": 0.11,
    "temperature": 0.32,
    "seed": 11,
    "final_total_loss": 0.11297371238470078,
    "final_weighted_loss": 0.11121131479740143,
    "last_selected_branch_ids": [
      0,
      3,
      9
    ],
    "last_selected_weights": [
      0.3368213535092914,
      0.33292656917417984,
      0.3302520773165287
    ],
    "param_vector": [
      0.29715803265571594,
      -0.30250728130340576,
      0.49703699350357056,
      -0.36271992325782776,
      0.01617474853992462,
      -0.6941095590591431,
      0.4035681486129761,
      -0.623080849647522,
      0.5149497389793396,
      -0.3087891936302185,
      0.1277087926864624,
      0.0981743186712265,
      0.13002873957157135,
      0.0,
      -0.06232515722513199,
      0.12805598974227905,
      1.2891335487365723
    ]
  },
  "metric_source_validation": {
    "enabled": true,
    "accepted_metric_sources": [
      "commercial_solver_export",
      "engine_export_direct",
      "open_data_measurement"
    ],
    "global_metric_source": "open_data_measurement",
    "missing_metric_source_case_ids": [],
    "invalid_metric_source_case_ids": [],
    "pass": true
  }
}