{
  "schema_version": "1.1",
  "run_id": "phase1-hf-benchmark-topk-residual-meta",
  "generated_at": "2026-03-01T12:06:43.223317+00:00",
  "algorithm": "topk_weighted_residual_correction_with_meta_learning",
  "contract_pass": true,
  "reason_code": "PASS",
  "reason": "top-k residual/meta benchmark KPI thresholds satisfied",
  "kpi_pass": true,
  "metrics": {
    "drift_error_pct": 4.180957801572294,
    "base_shear_error_pct": 2.096587119886817,
    "mode_shape_mac": 0.9968484423377297,
    "buckling_factor_error_pct": 3.3616777848932915
  },
  "checks": {
    "drift_ok": true,
    "base_shear_ok": true,
    "mac_ok": true,
    "buckling_factor_ok": true,
    "improves_over_lf": true
  },
  "target_split": "all",
  "comparison": {
    "baseline_lf": {
      "train": {
        "case_count": 14,
        "drift_error_pct": 16.20965658288928,
        "base_shear_error_pct": 10.011105672095367,
        "mode_shape_mac": 0.93536774162677,
        "buckling_factor_error_pct": 13.834056809211992,
        "equilibrium_residual_mean": 1.3034536016754075
      },
      "val": {
        "case_count": 4,
        "drift_error_pct": 21.64879202761479,
        "base_shear_error_pct": 13.288542714057433,
        "mode_shape_mac": 0.9389762188157704,
        "buckling_factor_error_pct": 12.732767667525893,
        "equilibrium_residual_mean": 1.9076999144306896
      },
      "test": {
        "case_count": 4,
        "drift_error_pct": 15.859851979535787,
        "base_shear_error_pct": 9.515911187721477,
        "mode_shape_mac": 0.9353458111557905,
        "buckling_factor_error_pct": 11.101896385675056,
        "equilibrium_residual_mean": 0.8300395818683258
      },
      "all": {
        "case_count": 22,
        "drift_error_pct": 17.13498946313874,
        "base_shear_error_pct": 10.516967955293214,
        "mode_shape_mac": 0.9360198410300469,
        "buckling_factor_error_pct": 13.137065979171444,
        "equilibrium_residual_mean": 1.3272412913023528
      }
    },
    "topk_residual_meta": {
      "train": {
        "case_count": 14,
        "drift_error_pct": 3.7888748806673647,
        "base_shear_error_pct": 1.8442944309612037,
        "mode_shape_mac": 0.9959241662706647,
        "buckling_factor_error_pct": 4.409119768059933,
        "equilibrium_residual_mean": 1.282500684261322
      },
      "val": {
        "case_count": 4,
        "drift_error_pct": 6.633364072429295,
        "base_shear_error_pct": 4.176839985989347,
        "mode_shape_mac": 0.9969318509101868,
        "buckling_factor_error_pct": 2.514524734722784,
        "equilibrium_residual_mean": 1.8788326382637024
      },
      "test": {
        "case_count": 4,
        "drift_error_pct": 3.100841753882539,
        "base_shear_error_pct": 0.8993586650239289,
        "mode_shape_mac": 1.0,
        "buckling_factor_error_pct": 0.5427838939805522,
        "equilibrium_residual_mean": 0.8143297620117664
      },
      "all": {
        "case_count": 22,
        "drift_error_pct": 4.180957801572294,
        "base_shear_error_pct": 2.096587119886817,
        "mode_shape_mac": 0.9968484423377297,
        "buckling_factor_error_pct": 3.3616777848932915,
        "equilibrium_residual_mean": 1.305802690034563
      }
    },
    "improvement_pct": {
      "drift_error_reduction_pct": 75.59988110546269,
      "base_shear_error_reduction_pct": 80.06471894942307,
      "buckling_error_reduction_pct": 74.41074140737996,
      "mode_shape_mac_gain_pct": 6.498644434795716
    }
  },
  "training": {
    "epochs": 24,
    "branches": 10,
    "top_k": 3,
    "lr": 0.055,
    "epsilon": 0.11,
    "temperature": 0.32,
    "seed": 47,
    "final_total_loss": 0.1474895030260086,
    "final_weighted_loss": 0.14576423168182373,
    "last_selected_branch_ids": [
      5,
      9,
      1
    ],
    "last_selected_weights": [
      0.3374141361419104,
      0.3337355726331886,
      0.328850291224901
    ],
    "param_vector": [
      0.3302793502807617,
      -0.29271411895751953,
      0.5007910132408142,
      -0.36052796244621277,
      -0.004918993916362524,
      -0.5100376009941101,
      0.4517689049243927,
      -0.6582350730895996,
      0.596985936164856,
      -0.31676992774009705,
      0.13087810575962067,
      0.07815051823854446,
      0.1540067493915558,
      0.0,
      -0.048251256346702576,
      0.12763623893260956,
      1.269932746887207
    ]
  },
  "metric_source_validation": {
    "enabled": true,
    "accepted_metric_sources": [
      "commercial_solver_export",
      "engine_export_direct",
      "open_data_measurement"
    ],
    "global_metric_source": "open_data_measurement",
    "missing_metric_source_case_ids": [],
    "invalid_metric_source_case_ids": [],
    "pass": true
  }
}