{
  "schema_version": "1.1",
  "run_id": "phase1-hf-benchmark-topk-residual-meta",
  "generated_at": "2026-03-01T12:06:07.420498+00:00",
  "algorithm": "topk_weighted_residual_correction_with_meta_learning",
  "contract_pass": true,
  "reason_code": "PASS",
  "reason": "top-k residual/meta benchmark KPI thresholds satisfied",
  "kpi_pass": true,
  "metrics": {
    "drift_error_pct": 2.161302925389889,
    "base_shear_error_pct": 1.2414842317274843,
    "mode_shape_mac": 0.9966295036402616,
    "buckling_factor_error_pct": 1.6037534305860917
  },
  "checks": {
    "drift_ok": true,
    "base_shear_ok": true,
    "mac_ok": true,
    "buckling_factor_ok": true,
    "improves_over_lf": true
  },
  "target_split": "all",
  "comparison": {
    "baseline_lf": {
      "train": {
        "case_count": 14,
        "drift_error_pct": 16.02310435744311,
        "base_shear_error_pct": 9.485771015285057,
        "mode_shape_mac": 0.9424682527091905,
        "buckling_factor_error_pct": 11.152454883734462,
        "equilibrium_residual_mean": 1.2842072559302693
      },
      "val": {
        "case_count": 4,
        "drift_error_pct": 17.333125201439103,
        "base_shear_error_pct": 10.244217698574264,
        "mode_shape_mac": 0.9446693851007439,
        "buckling_factor_error_pct": 12.351940121529521,
        "equilibrium_residual_mean": 1.9364363944299416
      },
      "test": {
        "case_count": 4,
        "drift_error_pct": 15.859851979535787,
        "base_shear_error_pct": 9.515911187721477,
        "mode_shape_mac": 0.9353458111557905,
        "buckling_factor_error_pct": 11.101896385675056,
        "equilibrium_residual_mean": 0.8300395818683258
      },
      "all": {
        "case_count": 22,
        "drift_error_pct": 16.23160771491378,
        "base_shear_error_pct": 9.629150443598805,
        "mode_shape_mac": 0.9415734692252187,
        "buckling_factor_error_pct": 11.36135065459549,
        "equilibrium_residual_mean": 1.3202184312825838
      }
    },
    "topk_residual_meta": {
      "train": {
        "case_count": 14,
        "drift_error_pct": 2.364782047719331,
        "base_shear_error_pct": 1.4348315466592816,
        "mode_shape_mac": 0.9969882879938398,
        "buckling_factor_error_pct": 1.2476676572569267,
        "equilibrium_residual_mean": 1.2646554112434387
      },
      "val": {
        "case_count": 4,
        "drift_error_pct": 2.0811594377136178,
        "base_shear_error_pct": 1.3215140749544263,
        "mode_shape_mac": 0.9981140792369843,
        "buckling_factor_error_pct": 2.2602657290393293,
        "equilibrium_residual_mean": 1.9088815748691559
      },
      "test": {
        "case_count": 4,
        "drift_error_pct": 1.5292694849131119,
        "base_shear_error_pct": 0.4847387862392534,
        "mode_shape_mac": 0.993889182806015,
        "buckling_factor_error_pct": 2.193541338784929,
        "equilibrium_residual_mean": 0.8145708367228508
      },
      "all": {
        "case_count": 22,
        "drift_error_pct": 2.161302925389889,
        "base_shear_error_pct": 1.2414842317274843,
        "mode_shape_mac": 0.9966295036402616,
        "buckling_factor_error_pct": 1.6037534305860917,
        "equilibrium_residual_mean": 1.2999538819898258
      }
    },
    "improvement_pct": {
      "drift_error_reduction_pct": 86.68460350108104,
      "base_shear_error_reduction_pct": 87.10702217190106,
      "buckling_error_reduction_pct": 85.88413051103745,
      "mode_shape_mac_gain_pct": 5.8472372273133635
    }
  },
  "training": {
    "epochs": 24,
    "branches": 10,
    "top_k": 3,
    "lr": 0.055,
    "epsilon": 0.11,
    "temperature": 0.32,
    "seed": 23,
    "final_total_loss": 0.07688207924365997,
    "final_weighted_loss": 0.07543312013149261,
    "last_selected_branch_ids": [
      7,
      2,
      4
    ],
    "last_selected_weights": [
      0.3341048841844713,
      0.33313402544450305,
      0.33276109037102564
    ],
    "param_vector": [
      0.3439960181713104,
      -0.3140057623386383,
      0.3061109781265259,
      -0.3266599476337433,
      -0.010845258831977844,
      -0.7014857530593872,
      0.4741438627243042,
      -0.25130680203437805,
      0.4398978352546692,
      -0.33646199107170105,
      0.1176668107509613,
      0.05528635531663895,
      0.08390365540981293,
      0.0,
      -0.06336884200572968,
      0.09527522325515747,
      1.2111672163009644
    ]
  },
  "metric_source_validation": {
    "enabled": true,
    "accepted_metric_sources": [
      "commercial_solver_export",
      "engine_export_direct",
      "open_data_measurement"
    ],
    "global_metric_source": "open_data_measurement",
    "missing_metric_source_case_ids": [],
    "invalid_metric_source_case_ids": [],
    "pass": true
  }
}