{
  "schema_version": "1.1",
  "run_id": "phase1-hf-benchmark-topk-residual-meta",
  "generated_at": "2026-03-01T12:06:25.245386+00:00",
  "algorithm": "topk_weighted_residual_correction_with_meta_learning",
  "contract_pass": true,
  "reason_code": "PASS",
  "reason": "top-k residual/meta benchmark KPI thresholds satisfied",
  "kpi_pass": true,
  "metrics": {
    "drift_error_pct": 1.788516765135745,
    "base_shear_error_pct": 1.2437823144333415,
    "mode_shape_mac": 0.9973912130702626,
    "buckling_factor_error_pct": 1.4547205179453058
  },
  "checks": {
    "drift_ok": true,
    "base_shear_ok": true,
    "mac_ok": true,
    "buckling_factor_ok": true,
    "improves_over_lf": true
  },
  "target_split": "all",
  "comparison": {
    "baseline_lf": {
      "train": {
        "case_count": 14,
        "drift_error_pct": 15.648797719752702,
        "base_shear_error_pct": 9.708792451289465,
        "mode_shape_mac": 0.9402999739288015,
        "buckling_factor_error_pct": 10.976698381427793,
        "equilibrium_residual_mean": 1.283720510113523
      },
      "val": {
        "case_count": 4,
        "drift_error_pct": 17.032264427366464,
        "base_shear_error_pct": 10.132821773865084,
        "mode_shape_mac": 0.9442492930226534,
        "buckling_factor_error_pct": 12.429510248195994,
        "equilibrium_residual_mean": 1.9382409983363633
      },
      "test": {
        "case_count": 4,
        "drift_error_pct": 15.859851979535787,
        "base_shear_error_pct": 9.515911187721477,
        "mode_shape_mac": 0.9353458111557905,
        "buckling_factor_error_pct": 11.101896385675056,
        "equilibrium_residual_mean": 0.8300395818683258
      },
      "all": {
        "case_count": 22,
        "drift_error_pct": 15.938710622915767,
        "base_shear_error_pct": 9.750819371109031,
        "mode_shape_mac": 0.9401172750780453,
        "buckling_factor_error_pct": 11.263609267066968,
        "equilibrium_residual_mean": 1.3202367937458217
      }
    },
    "topk_residual_meta": {
      "train": {
        "case_count": 14,
        "drift_error_pct": 1.5290555212241592,
        "base_shear_error_pct": 1.418627249825249,
        "mode_shape_mac": 0.9967336569513593,
        "buckling_factor_error_pct": 1.4568668176874653,
        "equilibrium_residual_mean": 1.2489519161837441
      },
      "val": {
        "case_count": 4,
        "drift_error_pct": 1.8942752659498816,
        "base_shear_error_pct": 0.9963894669224443,
        "mode_shape_mac": 0.998905673623085,
        "buckling_factor_error_pct": 1.7422011862679603,
        "equilibrium_residual_mean": 1.8891916275024414
      },
      "test": {
        "case_count": 4,
        "drift_error_pct": 2.5908726180121575,
        "base_shear_error_pct": 0.879217888072562,
        "mode_shape_mac": 0.9981781989336014,
        "buckling_factor_error_pct": 1.1597278005250928,
        "equilibrium_residual_mean": 0.8073210790753365
      },
      "all": {
        "case_count": 22,
        "drift_error_pct": 1.788516765135745,
        "base_shear_error_pct": 1.2437823144333415,
        "mode_shape_mac": 0.9973912130702626,
        "buckling_factor_error_pct": 1.4547205179453058,
        "equilibrium_residual_mean": 1.285062620585615
      }
    },
    "improvement_pct": {
      "drift_error_reduction_pct": 88.77878639339673,
      "base_shear_error_reduction_pct": 87.2443302752733,
      "buckling_error_reduction_pct": 87.08477466278343,
      "mode_shape_mac_gain_pct": 6.092212058060794
    }
  },
  "training": {
    "epochs": 24,
    "branches": 10,
    "top_k": 3,
    "lr": 0.055,
    "epsilon": 0.11,
    "temperature": 0.32,
    "seed": 11,
    "final_total_loss": 0.07118586450815201,
    "final_weighted_loss": 0.06963250786066055,
    "last_selected_branch_ids": [
      9,
      0,
      3
    ],
    "last_selected_weights": [
      0.3344172384455832,
      0.3340508467007325,
      0.33153191485368433
    ],
    "param_vector": [
      0.32347550988197327,
      -0.29648831486701965,
      0.35064220428466797,
      -0.3635965585708618,
      0.02396557480096817,
      -0.6253768801689148,
      0.46134498715400696,
      -0.34270188212394714,
      0.4879484474658966,
      -0.32684236764907837,
      0.1350998431444168,
      0.057454247027635574,
      0.09804429113864899,
      0.0,
      -0.08828702569007874,
      0.12470878660678864,
      1.287483811378479
    ]
  },
  "metric_source_validation": {
    "enabled": true,
    "accepted_metric_sources": [
      "commercial_solver_export",
      "engine_export_direct",
      "open_data_measurement"
    ],
    "global_metric_source": "open_data_measurement",
    "missing_metric_source_case_ids": [],
    "invalid_metric_source_case_ids": [],
    "pass": true
  }
}