{
  "schema_version": "1.1",
  "run_id": "phase1-hf-benchmark-topk-residual-meta",
  "generated_at": "2026-03-01T12:06:39.675785+00:00",
  "algorithm": "topk_weighted_residual_correction_with_meta_learning",
  "contract_pass": true,
  "reason_code": "PASS",
  "reason": "top-k residual/meta benchmark KPI thresholds satisfied",
  "kpi_pass": true,
  "metrics": {
    "drift_error_pct": 3.808938891045828,
    "base_shear_error_pct": 2.401328022299487,
    "mode_shape_mac": 0.9946958910335194,
    "buckling_factor_error_pct": 2.913673915356327
  },
  "checks": {
    "drift_ok": true,
    "base_shear_ok": true,
    "mac_ok": true,
    "buckling_factor_ok": true,
    "improves_over_lf": true
  },
  "target_split": "all",
  "comparison": {
    "baseline_lf": {
      "train": {
        "case_count": 14,
        "drift_error_pct": 16.8003908045144,
        "base_shear_error_pct": 10.641522520603763,
        "mode_shape_mac": 0.9289539038565466,
        "buckling_factor_error_pct": 12.240019384577764,
        "equilibrium_residual_mean": 1.2969985856847686
      },
      "val": {
        "case_count": 4,
        "drift_error_pct": 17.181986082605697,
        "base_shear_error_pct": 10.585759669256193,
        "mode_shape_mac": 0.9358799171746324,
        "buckling_factor_error_pct": 18.112486444347972,
        "equilibrium_residual_mean": 1.97820662240482
      },
      "test": {
        "case_count": 4,
        "drift_error_pct": 15.859851979535787,
        "base_shear_error_pct": 9.515911187721477,
        "mode_shape_mac": 0.9353458111557905,
        "buckling_factor_error_pct": 11.101896385675056,
        "equilibrium_residual_mean": 0.8300395818683258
      },
      "all": {
        "case_count": 22,
        "drift_error_pct": 16.698764705080347,
        "base_shear_error_pct": 10.426727214380152,
        "mode_shape_mac": 0.9313753439687883,
        "buckling_factor_error_pct": 13.100809213826402,
        "equilibrium_residual_mean": 1.3359529553036065
      }
    },
    "topk_residual_meta": {
      "train": {
        "case_count": 14,
        "drift_error_pct": 4.888863318415361,
        "base_shear_error_pct": 3.136478372427139,
        "mode_shape_mac": 0.9928796802248273,
        "buckling_factor_error_pct": 2.1139796263508273,
        "equilibrium_residual_mean": 1.2592578104564123
      },
      "val": {
        "case_count": 4,
        "drift_error_pct": 2.712633916658793,
        "base_shear_error_pct": 1.7236778344976202,
        "mode_shape_mac": 0.9957485198974609,
        "buckling_factor_error_pct": 7.36460553423135,
        "equilibrium_residual_mean": 1.925789475440979
      },
      "test": {
        "case_count": 4,
        "drift_error_pct": 1.125508369639497,
        "base_shear_error_pct": 0.505951984654573,
        "mode_shape_mac": 1.0,
        "buckling_factor_error_pct": 1.2616723080005539,
        "equilibrium_residual_mean": 0.8055869229137897
      },
      "all": {
        "case_count": 22,
        "drift_error_pct": 3.808938891045828,
        "base_shear_error_pct": 2.401328022299487,
        "mode_shape_mac": 0.9946958910335194,
        "buckling_factor_error_pct": 2.913673915356327,
        "equilibrium_residual_mean": 1.2979597699913112
      }
    },
    "improvement_pct": {
      "drift_error_reduction_pct": 77.19029546007665,
      "base_shear_error_reduction_pct": 76.96949413822139,
      "buckling_error_reduction_pct": 77.75958822237273,
      "mode_shape_mac_gain_pct": 6.79860675663893
    }
  },
  "training": {
    "epochs": 24,
    "branches": 10,
    "top_k": 3,
    "lr": 0.055,
    "epsilon": 0.11,
    "temperature": 0.32,
    "seed": 23,
    "final_total_loss": 0.12660011649131775,
    "final_weighted_loss": 0.12469939887523651,
    "last_selected_branch_ids": [
      7,
      8,
      6
    ],
    "last_selected_weights": [
      0.3351276102795115,
      0.3340313196041815,
      0.33084107011630703
    ],
    "param_vector": [
      0.3658226728439331,
      -0.29650673270225525,
      0.5802065134048462,
      -0.3230075538158417,
      0.02433173917233944,
      -0.6068899035453796,
      0.4880005419254303,
      -0.7282904982566833,
      0.554968535900116,
      -0.35369887948036194,
      0.14429399371147156,
      0.16557276248931885,
      0.14198501408100128,
      0.0,
      0.047417182475328445,
      0.10791745781898499,
      1.3026237487792969
    ]
  },
  "metric_source_validation": {
    "enabled": true,
    "accepted_metric_sources": [
      "commercial_solver_export",
      "engine_export_direct",
      "open_data_measurement"
    ],
    "global_metric_source": "open_data_measurement",
    "missing_metric_source_case_ids": [],
    "invalid_metric_source_case_ids": [],
    "pass": true
  }
}