{
  "schema_version": "1.1",
  "run_id": "phase1-hf-benchmark-topk-residual-meta",
  "generated_at": "2026-03-01T12:05:49.653561+00:00",
  "algorithm": "topk_weighted_residual_correction_with_meta_learning",
  "contract_pass": true,
  "reason_code": "PASS",
  "reason": "top-k residual/meta benchmark KPI thresholds satisfied",
  "kpi_pass": true,
  "metrics": {
    "drift_error_pct": 2.101587409224693,
    "base_shear_error_pct": 1.256728855056153,
    "mode_shape_mac": 0.9955211986194957,
    "buckling_factor_error_pct": 1.3366901738775114
  },
  "checks": {
    "drift_ok": true,
    "base_shear_ok": true,
    "mac_ok": true,
    "buckling_factor_ok": true,
    "improves_over_lf": true
  },
  "target_split": "all",
  "comparison": {
    "baseline_lf": {
      "train": {
        "case_count": 14,
        "drift_error_pct": 15.937919529191948,
        "base_shear_error_pct": 9.601331538835954,
        "mode_shape_mac": 0.9424998601764963,
        "buckling_factor_error_pct": 11.132222659981526,
        "equilibrium_residual_mean": 1.2842509496293932
      },
      "val": {
        "case_count": 4,
        "drift_error_pct": 17.213871282203478,
        "base_shear_error_pct": 10.346986285026343,
        "mode_shape_mac": 0.9439207976382865,
        "buckling_factor_error_pct": 11.925881016958712,
        "equilibrium_residual_mean": 1.9350211102852235
      },
      "test": {
        "case_count": 4,
        "drift_error_pct": 15.859851979535787,
        "base_shear_error_pct": 9.515911187721477,
        "mode_shape_mac": 0.9353458111557905,
        "buckling_factor_error_pct": 11.101896385675056,
        "equilibrium_residual_mean": 0.8300395818683258
      },
      "all": {
        "case_count": 22,
        "drift_error_pct": 16.15571665707475,
        "base_shear_error_pct": 9.721374156122481,
        "mode_shape_mac": 0.9414574762566936,
        "buckling_factor_error_pct": 11.271010311376202,
        "equilibrium_residual_mean": 1.3199889119738957
      }
    },
    "topk_residual_meta": {
      "train": {
        "case_count": 14,
        "drift_error_pct": 2.1728130224650437,
        "base_shear_error_pct": 1.4112964155638885,
        "mode_shape_mac": 0.9964442721435002,
        "buckling_factor_error_pct": 1.4585680054690795,
        "equilibrium_residual_mean": 1.2564439134938377
      },
      "val": {
        "case_count": 4,
        "drift_error_pct": 1.9465383967667786,
        "base_shear_error_pct": 1.3857213032567028,
        "mode_shape_mac": 0.9967818260192871,
        "buckling_factor_error_pct": 1.1064174846807064,
        "equilibrium_residual_mean": 1.895886480808258
      },
      "test": {
        "case_count": 4,
        "drift_error_pct": 2.007346775341382,
        "base_shear_error_pct": 0.5867499450785278,
        "mode_shape_mac": 0.9910298138856888,
        "buckling_factor_error_pct": 1.1403904525038275,
        "equilibrium_residual_mean": 0.8102753944694996
      },
      "all": {
        "case_count": 22,
        "drift_error_pct": 2.101587409224693,
        "base_shear_error_pct": 1.256728855056153,
        "mode_shape_mac": 0.9955211986194957,
        "buckling_factor_error_pct": 1.3366901738775114,
        "equilibrium_residual_mean": 1.29158464954658
      }
    },
    "improvement_pct": {
      "drift_error_reduction_pct": 86.99167945419254,
      "base_shear_error_reduction_pct": 87.07251840250721,
      "buckling_error_reduction_pct": 88.14045824686767,
      "mode_shape_mac_gain_pct": 5.7425559545996245
    }
  },
  "training": {
    "epochs": 24,
    "branches": 10,
    "top_k": 3,
    "lr": 0.055,
    "epsilon": 0.11,
    "temperature": 0.32,
    "seed": 47,
    "final_total_loss": 0.07230767607688904,
    "final_weighted_loss": 0.07074370235204697,
    "last_selected_branch_ids": [
      5,
      9,
      1
    ],
    "last_selected_weights": [
      0.3396996536491985,
      0.3338502458090566,
      0.32645010054174484
    ],
    "param_vector": [
      0.34533342719078064,
      -0.30644822120666504,
      0.2753928005695343,
      -0.3652452826499939,
      0.005289021879434586,
      -0.6428062319755554,
      0.492070734500885,
      -0.31675195693969727,
      0.5032442808151245,
      -0.35011929273605347,
      0.10771261155605316,
      0.07379769533872604,
      0.10375571995973587,
      0.0,
      -0.0955905094742775,
      0.10472128540277481,
      1.2820783853530884
    ]
  },
  "metric_source_validation": {
    "enabled": true,
    "accepted_metric_sources": [
      "commercial_solver_export",
      "engine_export_direct",
      "open_data_measurement"
    ],
    "global_metric_source": "open_data_measurement",
    "missing_metric_source_case_ids": [],
    "invalid_metric_source_case_ids": [],
    "pass": true
  }
}