{
  "schema_version": "1.0",
  "kind": "baseline",
  "source_benchmark_report": "implementation/phase1/hf_benchmark_report.json",
  "summary": {
    "train": {
      "case_count": 7,
      "drift_error_pct": 10.21519954582205,
      "base_shear_error_pct": 6.19126080566179,
      "mode_shape_mac": 0.943,
      "buckling_factor_error_pct": 9.039164365985954,
      "equilibrium_residual_mean": 0.026285714285714284
    },
    "val": {
      "case_count": 2,
      "drift_error_pct": 9.506628628964595,
      "base_shear_error_pct": 5.376294212699743,
      "mode_shape_mac": 0.9475,
      "buckling_factor_error_pct": 8.103087388801681,
      "equilibrium_residual_mean": 0.0235
    },
    "test": {
      "case_count": 3,
      "drift_error_pct": 12.430072264312741,
      "base_shear_error_pct": 7.495167949188726,
      "mode_shape_mac": 0.9313333333333333,
      "buckling_factor_error_pct": 11.219466061392133,
      "equilibrium_residual_mean": 0.03266666666666667
    },
    "all": {
      "case_count": 12,
      "drift_error_pct": 10.650822572635148,
      "base_shear_error_pct": 6.3814098260498495,
      "mode_shape_mac": 0.9408333333333333,
      "buckling_factor_error_pct": 9.428226960306786,
      "equilibrium_residual_mean": 0.02741666666666667
    }
  }
}