{
  "schema_version": "1.0",
  "run_id": "pgob-branching",
  "generated_at": "2026-02-25T14:43:10.816293+00:00",
  "mode": "train",
  "algorithm": "physics_guided_orthogonal_branching_derivative_free",
  "uses_backprop": false,
  "branch_count": 4,
  "epsilon": 0.05,
  "alpha": 0.2,
  "basis_dim": 4,
  "best_branch_id": 0,
  "bifurcation_margin": 0.06324683417886767,
  "theta_before": [
    1.0,
    0.8,
    0.7,
    1.2,
    0.9,
    0.6
  ],
  "theta_after": [
    1.0,
    0.8,
    0.7,
    1.2475127634069747,
    0.8870419736162796,
    0.6086386842558136
  ],
  "u_final": [
    0.0,
    0.0,
    0.0,
    -2.7433280794953445,
    0.5315251841697678,
    -0.24315547370232546
  ],
  "candidates": [
    {
      "branch_id": 0,
      "theta": [
        1.0,
        0.8,
        0.7,
        1.2475127634069747,
        0.8870419736162796,
        0.6086386842558136
      ],
      "delta_u": [
        -0.0,
        -0.0,
        -0.0,
        -2.7445280794953444,
        0.5322251841697678,
        -0.24345547370232545
      ],
      "equilibrium_norm": 8.793644173194243,
      "energy_proxy": 3.937484296739285,
      "loss": 9.187392602868172
    },
    {
      "branch_id": 1,
      "theta": [
        1.0,
        0.8,
        0.6660595342989508,
        1.1895001001630403,
        0.8652766470304056,
        0.6056644196488861
      ],
      "delta_u": [
        -0.0,
        -0.0,
        -0.0,
        -2.616900220358689,
        0.5191659882182434,
        -0.24226576785955445
      ],
      "equilibrium_norm": 8.91742838156123,
      "energy_proxy": 3.58819639445628,
      "loss": 9.276248021006857
    },
    {
      "branch_id": 2,
      "theta": [
        1.0,
        0.8392745886703499,
        0.6956775102117537,
        1.197393518364308,
        0.9097335164414763,
        0.6289359236585191
      ],
      "delta_u": [
        -0.0,
        -0.0,
        -0.0,
        -2.634265740401478,
        0.5458401098648857,
        -0.25157436946340767
      ],
      "equilibrium_norm": 8.891872842887809,
      "energy_proxy": 3.6502935399805843,
      "loss": 9.256902196885868
    },
    {
      "branch_id": 3,
      "theta": [
        0.9542284720529092,
        0.8086179828316816,
        0.6910548752352875,
        1.204031114511642,
        0.9051736854711377,
        0.5855893983926757
      ],
      "delta_u": [
        -0.0,
        -0.0,
        -0.0,
        -2.6488684519256127,
        0.5431042112826827,
        -0.23423575935707028
      ],
      "equilibrium_norm": 8.882322804502971,
      "energy_proxy": 3.6831663254406806,
      "loss": 9.25063943704704
    }
  ],
  "contract_pass": true,
  "reason_code": "PASS",
  "reason": "forward-only derivative-free physical path branching completed"
}