{
  "schema_version": "1.1",
  "run_id": "phase1-hf-benchmark-topk-residual-meta",
  "generated_at": "2026-02-25T14:30:47.563889+00:00",
  "algorithm": "topk_weighted_residual_correction_with_meta_learning",
  "contract_pass": true,
  "reason_code": "PASS",
  "reason": "top-k residual/meta benchmark KPI thresholds satisfied",
  "kpi_pass": true,
  "metrics": {
    "drift_error_pct": 0.3757816738749323,
    "base_shear_error_pct": 0.23269973309962022,
    "mode_shape_mac": 0.9756213029225668,
    "buckling_factor_error_pct": 0.43781504424297807
  },
  "checks": {
    "drift_ok": true,
    "base_shear_ok": true,
    "mac_ok": true,
    "buckling_factor_ok": true,
    "improves_over_lf": true
  },
  "target_split": "test",
  "comparison": {
    "baseline_lf": {
      "train": {
        "case_count": 7,
        "drift_error_pct": 10.21519954582205,
        "base_shear_error_pct": 6.19126080566179,
        "mode_shape_mac": 0.943,
        "buckling_factor_error_pct": 9.039164365985954,
        "equilibrium_residual_mean": 0.026285714285714284
      },
      "val": {
        "case_count": 2,
        "drift_error_pct": 9.506628628964595,
        "base_shear_error_pct": 5.376294212699743,
        "mode_shape_mac": 0.9475,
        "buckling_factor_error_pct": 8.103087388801681,
        "equilibrium_residual_mean": 0.0235
      },
      "test": {
        "case_count": 3,
        "drift_error_pct": 12.430072264312741,
        "base_shear_error_pct": 7.495167949188726,
        "mode_shape_mac": 0.9313333333333333,
        "buckling_factor_error_pct": 11.219466061392133,
        "equilibrium_residual_mean": 0.03266666666666667
      },
      "all": {
        "case_count": 12,
        "drift_error_pct": 10.650822572635148,
        "base_shear_error_pct": 6.3814098260498495,
        "mode_shape_mac": 0.9408333333333333,
        "buckling_factor_error_pct": 9.428226960306786,
        "equilibrium_residual_mean": 0.02741666666666667
      }
    },
    "topk_residual_meta": {
      "train": {
        "case_count": 7,
        "drift_error_pct": 0.281921171843696,
        "base_shear_error_pct": 0.20117063459102177,
        "mode_shape_mac": 0.9793885690825326,
        "buckling_factor_error_pct": 0.4344111932072409,
        "equilibrium_residual_mean": 0.02500119831945215
      },
      "val": {
        "case_count": 2,
        "drift_error_pct": 0.5489010141887657,
        "base_shear_error_pct": 0.48264610038938593,
        "mode_shape_mac": 0.981858879327774,
        "buckling_factor_error_pct": 0.3368674211636764,
        "equilibrium_residual_mean": 0.022455686703324318
      },
      "test": {
        "case_count": 3,
        "drift_error_pct": 0.3757816738749323,
        "base_shear_error_pct": 0.23269973309962022,
        "mode_shape_mac": 0.9756213029225668,
        "buckling_factor_error_pct": 0.43781504424297807,
        "equilibrium_residual_mean": 0.03071795031428337
      },
      "all": {
        "case_count": 12,
        "drift_error_pct": 0.34988293774234996,
        "base_shear_error_pct": 0.2559654868512321,
        "mode_shape_mac": 0.978858470916748,
        "buckling_factor_error_pct": 0.4190048606255812,
        "equilibrium_residual_mean": 0.02600613438213865
      }
    },
    "improvement_pct": {
      "drift_error_reduction_pct": 96.97683435876864,
      "base_shear_error_reduction_pct": 96.8953366398573,
      "buckling_error_reduction_pct": 96.09771942936246,
      "mode_shape_mac_gain_pct": 4.755329590826781
    }
  },
  "training": {
    "epochs": 180,
    "branches": 8,
    "top_k": 3,
    "lr": 0.06,
    "epsilon": 0.12,
    "temperature": 0.35,
    "seed": 23,
    "final_total_loss": 0.02976076304912567,
    "final_weighted_loss": 0.02355455793440342,
    "last_selected_branch_ids": [
      0,
      1,
      7
    ],
    "last_selected_weights": [
      0.3344541600241353,
      0.3330851304580674,
      0.3324607095177972
    ],
    "param_vector": [
      1.6965103149414062,
      -1.189058780670166,
      0.6729409694671631,
      -1.7494053840637207,
      0.7900868654251099,
      -0.5671713948249817,
      0.08751159906387329,
      -0.5203506350517273,
      -0.03671833872795105,
      0.15987439453601837,
      0.5592027902603149,
      0.6232593655586243,
      0.5305653810501099,
      0.5623904466629028,
      0.80509352684021,
      0.9405206441879272,
      0.6526305079460144
    ]
  },
  "metric_source_validation": {
    "enabled": true,
    "accepted_metric_sources": [
      "commercial_solver_export",
      "engine_export_direct"
    ],
    "global_metric_source": "commercial_solver_export",
    "missing_metric_source_case_ids": [],
    "invalid_metric_source_case_ids": [],
    "pass": true
  }
}