{
  "schema_version": "1.2",
  "run_id": "phase1-hf-benchmark-topk-residual-meta-prod",
  "generated_at": "2026-06-29T13:30:23.505364+00:00",
  "algorithm": "topk_weighted_residual_correction_with_meta_learning",
  "source_cases_path": "implementation/phase1/commercial_benchmark_cases.rwth_zenodo.json",
  "source_cases_sha256": "750ce31dda632fd24b342b06af30b4e377068d623c7062209de43ed87859a056",
  "source_family_order": [
    "rwth_zenodo"
  ],
  "contract_pass": true,
  "reason_code": "PASS",
  "reason": "top-k residual/meta benchmark KPI thresholds satisfied",
  "kpi_pass": true,
  "metrics": {
    "drift_error_pct": 1.3771790640182677,
    "base_shear_error_pct": 0.7809009690563499,
    "mode_shape_mac": 1.0,
    "buckling_factor_error_pct": 0.39167183827460494
  },
  "checks": {
    "drift_ok": true,
    "base_shear_ok": true,
    "mac_ok": true,
    "buckling_factor_ok": true,
    "improves_over_lf": true
  },
  "target_split": "test",
  "comparison": {
    "baseline_lf": {
      "train": {
        "case_count": 14,
        "drift_error_pct": 15.914609567094965,
        "base_shear_error_pct": 9.548765740256977,
        "mode_shape_mac": 0.9429197008464936,
        "buckling_factor_error_pct": 11.140226696966467,
        "equilibrium_residual_mean": 1.2840498075913913
      },
      "val": {
        "case_count": 4,
        "drift_error_pct": 17.23259432579613,
        "base_shear_error_pct": 10.339556595477672,
        "mode_shape_mac": 0.9454547716680861,
        "buckling_factor_error_pct": 12.062816028057282,
        "equilibrium_residual_mean": 1.934706364504704
      },
      "test": {
        "case_count": 4,
        "drift_error_pct": 15.859851979535787,
        "base_shear_error_pct": 9.515911187721477,
        "mode_shape_mac": 0.9353458111557905,
        "buckling_factor_error_pct": 11.101896385675056,
        "equilibrium_residual_mean": 0.8300395818683258
      },
      "all": {
        "case_count": 22,
        "drift_error_pct": 16.144287234575327,
        "base_shear_error_pct": 9.686572340745192,
        "mode_shape_mac": 0.942003551961201,
        "buckling_factor_error_pct": 11.301001064202723,
        "equilibrium_residual_mean": 1.319803685989618
      }
    },
    "topk_residual_meta": {
      "train": {
        "case_count": 14,
        "drift_error_pct": 0.6706033984078207,
        "base_shear_error_pct": 0.30911855435447017,
        "mode_shape_mac": 1.0,
        "buckling_factor_error_pct": 0.8152637918250848,
        "equilibrium_residual_mean": 1.2332925626209803
      },
      "val": {
        "case_count": 4,
        "drift_error_pct": 1.6501924581305922,
        "base_shear_error_pct": 0.6504126191916811,
        "mode_shape_mac": 1.0,
        "buckling_factor_error_pct": 0.39270325448050986,
        "equilibrium_residual_mean": 1.8588408827781677
      },
      "test": {
        "case_count": 4,
        "drift_error_pct": 1.3771790640182677,
        "base_shear_error_pct": 0.7809009690563499,
        "mode_shape_mac": 1.0,
        "buckling_factor_error_pct": 0.39167183827460494,
        "equilibrium_residual_mean": 0.796052873134613
      },
      "all": {
        "case_count": 22,
        "drift_error_pct": 0.9771788030138605,
        "base_shear_error_pct": 0.45695064154339576,
        "mode_shape_mac": 1.0,
        "buckling_factor_error_pct": 0.6614178843896202,
        "equilibrium_residual_mean": 1.2675304954702205
      }
    },
    "improvement_pct": {
      "drift_error_reduction_pct": 91.31657050901066,
      "base_shear_error_reduction_pct": 91.79373416111787,
      "buckling_error_reduction_pct": 96.47202761881307,
      "mode_shape_mac_gain_pct": 6.912329971769203
    }
  },
  "training": {
    "epochs": 220,
    "branches": 10,
    "top_k": 3,
    "lr": 0.055,
    "epsilon": 0.11,
    "temperature": 0.32,
    "seed": 23,
    "final_total_loss": 0.0451216846704483,
    "final_weighted_loss": 0.04431881010532379,
    "last_selected_branch_ids": [
      1,
      2,
      5
    ],
    "last_selected_weights": [
      0.3374244695121146,
      0.3330610538148767,
      0.3295144766730087
    ],
    "param_vector": [
      0.4115781784057617,
      -0.44019368290901184,
      0.10325854271650314,
      -0.5536274909973145,
      -0.013855565339326859,
      0.05912434309720993,
      -0.21704241633415222,
      4.2622337787179276e-05,
      -0.23412743210792542,
      -0.1501244455575943,
      -0.053392913192510605,
      -0.10105346888303757,
      -0.06734922528266907,
      0.0,
      -0.23690280318260193,
      -0.13918092846870422,
      0.6992665529251099,
      0.26804089546203613,
      -0.1637580841779709,
      0.17757946252822876,
      -0.21900418400764465,
      0.17142580449581146
    ]
  },
  "metric_source_validation": {
    "enabled": true,
    "accepted_metric_sources": [
      "commercial_solver_export",
      "engine_export_direct",
      "open_data_measurement"
    ],
    "global_metric_source": "open_data_measurement",
    "missing_metric_source_case_ids": [],
    "invalid_metric_source_case_ids": [],
    "pass": true
  }
}