{
  "schema_version": "1.1",
  "run_id": "phase1-hf-benchmark-topk-residual-meta",
  "generated_at": "2026-02-27T13:45:24.677451+00:00",
  "algorithm": "topk_weighted_residual_correction_with_meta_learning",
  "contract_pass": true,
  "reason_code": "PASS",
  "reason": "top-k residual/meta benchmark KPI thresholds satisfied",
  "kpi_pass": true,
  "metrics": {
    "drift_error_pct": 0.8057718888663772,
    "base_shear_error_pct": 0.5861906918980263,
    "mode_shape_mac": 0.9746660590171814,
    "buckling_factor_error_pct": 0.7975837111482146
  },
  "checks": {
    "drift_ok": true,
    "base_shear_ok": true,
    "mac_ok": true,
    "buckling_factor_ok": true,
    "improves_over_lf": true
  },
  "target_split": "test",
  "comparison": {
    "baseline_lf": {
      "train": {
        "case_count": 14,
        "drift_error_pct": 15.914609567094965,
        "base_shear_error_pct": 9.548765740256977,
        "mode_shape_mac": 0.9429197008464936,
        "buckling_factor_error_pct": 11.140226696966467,
        "equilibrium_residual_mean": 1.2840498075913913
      },
      "val": {
        "case_count": 4,
        "drift_error_pct": 17.23259432579613,
        "base_shear_error_pct": 10.339556595477672,
        "mode_shape_mac": 0.9454547716680861,
        "buckling_factor_error_pct": 12.062816028057282,
        "equilibrium_residual_mean": 1.934706364504704
      },
      "test": {
        "case_count": 4,
        "drift_error_pct": 15.859851979535787,
        "base_shear_error_pct": 9.515911187721477,
        "mode_shape_mac": 0.9353458111557905,
        "buckling_factor_error_pct": 11.101896385675056,
        "equilibrium_residual_mean": 0.8300395818683258
      },
      "all": {
        "case_count": 22,
        "drift_error_pct": 16.144287234575327,
        "base_shear_error_pct": 9.686572340745192,
        "mode_shape_mac": 0.942003551961201,
        "buckling_factor_error_pct": 11.301001064202723,
        "equilibrium_residual_mean": 1.319803685989618
      }
    },
    "topk_residual_meta": {
      "train": {
        "case_count": 14,
        "drift_error_pct": 0.8537419937680887,
        "base_shear_error_pct": 0.7572442584610835,
        "mode_shape_mac": 0.9797472911221641,
        "buckling_factor_error_pct": 0.7296640407271775,
        "equilibrium_residual_mean": 1.238626322575978
      },
      "val": {
        "case_count": 4,
        "drift_error_pct": 2.372316599476467,
        "base_shear_error_pct": 1.492665704153139,
        "mode_shape_mac": 0.9820339977741241,
        "buckling_factor_error_pct": 1.4719080726148366,
        "equilibrium_residual_mean": 1.8707926869392395
      },
      "test": {
        "case_count": 4,
        "drift_error_pct": 0.8057718888663772,
        "base_shear_error_pct": 0.5861906918980263,
        "mode_shape_mac": 0.9746660590171814,
        "buckling_factor_error_pct": 0.7975837111482146,
        "equilibrium_residual_mean": 0.7968675456941128
      },
      "all": {
        "case_count": 22,
        "drift_error_pct": 1.1211246302783922,
        "base_shear_error_pct": 0.8598566001209015,
        "mode_shape_mac": 0.9792391955852509,
        "buckling_factor_error_pct": 0.8769665320560314,
        "equilibrium_residual_mean": 1.2732458839362317
      }
    },
    "improvement_pct": {
      "drift_error_reduction_pct": 94.91942364969057,
      "base_shear_error_reduction_pct": 93.83988899923322,
      "buckling_error_reduction_pct": 92.81578855142848,
      "mode_shape_mac_gain_pct": 4.203819313928774
    }
  },
  "training": {
    "epochs": 120,
    "branches": 10,
    "top_k": 3,
    "lr": 0.055,
    "epsilon": 0.11,
    "temperature": 0.32,
    "seed": 23,
    "final_total_loss": 0.032495833933353424,
    "final_weighted_loss": 0.03002803400158882,
    "last_selected_branch_ids": [
      2,
      1,
      3
    ],
    "last_selected_weights": [
      0.33832292630727634,
      0.33111318107737364,
      0.33056389261535
    ],
    "param_vector": [
      0.5687454342842102,
      -0.5719171762466431,
      0.19778893887996674,
      -0.7094596028327942,
      0.004281765781342983,
      -0.8162287473678589,
      0.26511839032173157,
      -0.3649711310863495,
      0.2910919487476349,
      -0.6121776103973389,
      -0.16337938606739044,
      -0.16382263600826263,
      -0.14279121160507202,
      0.0,
      -0.33656761050224304,
      -0.26174768805503845,
      1.4516847133636475
    ]
  },
  "metric_source_validation": {
    "enabled": true,
    "accepted_metric_sources": [
      "commercial_solver_export",
      "engine_export_direct",
      "open_data_measurement"
    ],
    "global_metric_source": "open_data_measurement",
    "missing_metric_source_case_ids": [],
    "invalid_metric_source_case_ids": [],
    "pass": true
  }
}