{
  "alpha": 0.35,
  "krylov_dim": 4,
  "operator_source": "hook",
  "residual_norm_before": 11.575836902790225,
  "residual_norm_after_projection_complement": 1.964828139735599e-15,
  "krylov_residual_after_update": 7.524293986813646,
  "projection_quality": {
    "reduction_ratio": 1.6973529916113447e-16,
    "threshold": 0.98,
    "projected_not_worse": true,
    "threshold_pass": true,
    "orthogonality_error": 2.220446049250313e-16,
    "orthogonality_threshold": 1e-06,
    "orthogonality_pass": true,
    "reorth_passes": 2,
    "max_reorth_passes": 5,
    "reason_code": "PASS",
    "suggested_reorth_pass": 2
  },
  "u_final": [
    -7.114324587878775e-17,
    7.444000982608668e-17,
    -1.6569573860001507e-16,
    -3.8488000000000007,
    1.0493000000000001,
    -0.6997000000000001
  ],
  "basis": [
    [
      0.0,
      0.0,
      0.0,
      0.9502552681394961,
      -0.25916052767440806,
      0.17277368511627203
    ],
    [
      0.0,
      0.0,
      -0.6788093140209828,
      -0.20999799673919137,
      -0.6944670593918871,
      0.11328839297772167
    ],
    [
      0.0,
      0.785491773406997,
      -0.0864497957649254,
      -0.052129632713835576,
      0.19467032882952476,
      0.5787184731703827
    ],
    [
      -0.9154305589418174,
      0.1723596566336317,
      -0.17890249529424893,
      0.08062229023283941,
      0.10347370942275372,
      -0.2882120321464863
    ]
  ],
  "notes": "Inverse-free iterative projection scaffold (GMRES/Krylov style)."
}