{
  "schema_version": "1.0",
  "run_id": "phase1-moving-load-attention",
  "generated_at": "2026-03-01T13:02:59.875112+00:00",
  "inputs": {
    "node_count": 161,
    "position_idx": 80,
    "speed_low": 15.0,
    "speed_high": 35.0,
    "gain": 0.35,
    "bandwidth": 6.0
  },
  "checks": {
    "peak_centered": true,
    "bounded_nonnegative": true,
    "shape_monotonic": true,
    "speed_scaling_monotonic": true
  },
  "metrics": {
    "support_low_count": 19,
    "support_high_count": 25,
    "peak_value": 0.35,
    "sum_low": 4.790166632819841,
    "sum_high": 6.685177608440876
  },
  "sample_head": {
    "low_speed": [
      8.44433377936872e-48,
      1.2153992748001554e-46,
      1.6916269086416508e-45,
      2.276786078369219e-44,
      2.9632746107255953e-43,
      3.7295256916482874e-42,
      4.5390747715071354e-41,
      5.342113377109347e-40,
      6.079822432155558e-39,
      6.691149298332812e-38,
      7.121026068705826e-37,
      7.328523104577668e-36,
      7.293271442930463e-35,
      7.018758897326078e-34,
      6.531761237888306e-33,
      5.878036906778286e-32
    ],
    "high_speed": [
      4.0697593372063768e-25,
      1.6002633009654379e-24,
      6.184927767689495e-24,
      2.3496235546807685e-23,
      8.77369254765154e-23,
      3.2202308391911645e-22,
      1.161748357137233e-21,
      4.119624176313794e-21,
      1.4358980254744145e-20,
      4.9193765592487113e-20,
      1.6565975146115848e-19,
      5.483330365101188e-19,
      1.783989477541822e-18,
      5.705065480038975e-18,
      1.793285542971871e-17,
      5.5406246544910646e-17
    ]
  },
  "contract_pass": true,
  "reason_code": "PASS",
  "reason": "moving-load attention kernel validated"
}