{
  "u_lf": [
    0.0,
    0.0,
    0.0,
    0.0012,
    -0.0007,
    0.0003
  ],
  "residual": [
    0.0,
    0.0,
    0.0,
    11.0,
    -3.0,
    2.0
  ],
  "projected_residual": [
    5.499999999999999,
    -1.4999999999999996,
    0.9999999999999998,
    5.499999999999999,
    -1.4999999999999996,
    0.9999999999999998
  ],
  "u_final": [
    -1.9249999999999996,
    0.5249999999999998,
    -0.3499999999999999,
    -1.9237999999999995,
    0.5242999999999998,
    -0.3496999999999999
  ],
  "projector": [
    [
      0.4999999999999999,
      0.0,
      0.0,
      0.4999999999999999,
      0.0,
      0.0
    ],
    [
      0.0,
      0.4999999999999999,
      0.0,
      0.0,
      0.4999999999999999,
      0.0
    ],
    [
      0.0,
      0.0,
      0.4999999999999999,
      0.0,
      0.0,
      0.4999999999999999
    ],
    [
      0.4999999999999999,
      0.0,
      0.0,
      0.4999999999999999,
      0.0,
      0.0
    ],
    [
      0.0,
      0.4999999999999999,
      0.0,
      0.0,
      0.4999999999999999,
      0.0
    ],
    [
      0.0,
      0.0,
      0.4999999999999999,
      0.0,
      0.0,
      0.4999999999999999
    ]
  ],
  "residual_norm_before": 11.575836902790225,
  "residual_norm_projected": 8.185352771872449,
  "alpha": 0.35,
  "notes": "Forward-only orthogonal projection scaffold; replace basis with LF engine/Krylov basis in integration stage."
}