{
  "generated_at": "2026-06-23T15:03:12.525781+00:00",
  "status": "ready",
  "schema": "wind_native_lateral_dual.v1",
  "boundary": "both",
  "n_stories": 12,
  "per_element_count": 12,
  "building_height_m": 9.350000000000001,
  "full_height_column_line_count": 681,
  "ei_aggregate_kNm2": 157766912.26490784,
  "story_forces_kN": [
    42.01655733966476,
    43.154685354024366,
    44.41130229643586,
    45.743070756910036,
    47.131383216173205,
    48.62974986682945,
    51.838380891555914,
    55.62121953443818,
    59.3592214652707,
    63.07586857984372,
    66.78732287037704,
    70.5050553845391
  ],
  "wind_force_reference_stories": 38,
  "real_section_coverage_pct": 91.04258443465491,
  "base_shear_kn": 638.2738175560623,
  "fixed_guided_drift_pct": 0.0026942136095186578,
  "cantilever_drift_pct": 0.0076386815452211465,
  "max_story_drift_ratio_pct": 0.0026942136095186578,
  "boundary_modes": {
    "fixed_guided": {
      "boundary": "fixed_guided",
      "solve_mode": "fixed_guided_beam_fe_real_section",
      "floor_displacements_m": [
        3.984089564348096e-06,
        1.468153013085203e-05,
        3.0305131952504118e-05,
        4.9197155211292146e-05,
        6.983305607707536e-05,
        9.082547045124157e-05,
        0.00011092840328469819,
        0.00012904252078332155,
        0.00014422420314161188,
        0.0001556965772831583,
        0.00016286073624828992,
        0.00016530689089569087
      ],
      "interstory_drift_ratio": [
        5.113270029109855e-06,
        1.372933548642216e-05,
        2.0051681482334226e-05,
        2.4246446963150405e-05,
        2.6484578651272575e-05,
        2.6942136095186577e-05,
        2.580055550817961e-05,
        2.3248065238874902e-05,
        1.9484512117591865e-05,
        1.4723902641556891e-05,
        9.194642522094066e-06,
        3.139449814846135e-06
      ],
      "max_story_drift_ratio_pct": 0.0026942136095186578,
      "top_displacement_m": 0.00016530689089569087,
      "element_length_m": 0.7791666666666668
    },
    "cantilever": {
      "boundary": "cantilever",
      "solve_mode": "cantilever_beam_fe_real_section",
      "floor_displacements_m": [
        6.465476769818831e-06,
        2.4607078952734443e-05,
        5.2637616801738365e-05,
        8.889935049881761e-05,
        0.00013186773621383065,
        0.00018015540984816453,
        0.000232516376352726,
        0.0002878513019333907,
        0.0003452165667846583,
        0.0004038352978301171,
        0.0004631085881100955,
        0.0005226266484832769
      ],
      "interstory_drift_ratio": [
        8.297938100302241e-06,
        2.328333969999864e-05,
        3.59750218382938e-05,
        4.653912346149207e-05,
        5.5146591291995344e-05,
        6.197348487828947e-05,
        6.720124043366176e-05,
        7.101808630673546e-05,
        7.362386932783003e-05,
        7.52325959941717e-05,
        7.60726720170846e-05,
        7.638681545221146e-05
      ],
      "max_story_drift_ratio_pct": 0.0076386815452211465,
      "top_displacement_m": 0.0005226266484832769,
      "element_length_m": 0.7791666666666668
    }
  },
  "resolved_basic_wind_speed_mps": 30.0,
  "resolved_exposure": "B",
  "wind_params_source": "/home/betelgeuze/\uac74\ucd95\uad6c\uc870\ubd84\uc11d/implementation/phase1/open_data/kds/wind_design_params.json",
  "blockers": []
}
