{
  "schema_version": "1.1",
  "run_id": "phase1-hf-benchmark-topk-residual-meta",
  "generated_at": "2026-03-01T11:59:40.441897+00:00",
  "algorithm": "topk_weighted_residual_correction_with_meta_learning",
  "contract_pass": true,
  "reason_code": "PASS",
  "reason": "top-k residual/meta benchmark KPI thresholds satisfied",
  "kpi_pass": true,
  "metrics": {
    "drift_error_pct": 1.0487873660800504,
    "base_shear_error_pct": 0.608693477151607,
    "mode_shape_mac": 0.9814084768295288,
    "buckling_factor_error_pct": 0.7290727187085743
  },
  "checks": {
    "drift_ok": true,
    "base_shear_ok": true,
    "mac_ok": true,
    "buckling_factor_ok": true,
    "improves_over_lf": true
  },
  "target_split": "all",
  "comparison": {
    "baseline_lf": {
      "train": {
        "case_count": 14,
        "drift_error_pct": 15.914609567094965,
        "base_shear_error_pct": 9.548765740256977,
        "mode_shape_mac": 0.9429197008464936,
        "buckling_factor_error_pct": 11.140226696966467,
        "equilibrium_residual_mean": 1.2840498075913913
      },
      "val": {
        "case_count": 4,
        "drift_error_pct": 17.23259432579613,
        "base_shear_error_pct": 10.339556595477672,
        "mode_shape_mac": 0.9454547716680861,
        "buckling_factor_error_pct": 12.062816028057282,
        "equilibrium_residual_mean": 1.934706364504704
      },
      "test": {
        "case_count": 4,
        "drift_error_pct": 15.859851979535787,
        "base_shear_error_pct": 9.515911187721477,
        "mode_shape_mac": 0.9353458111557905,
        "buckling_factor_error_pct": 11.101896385675056,
        "equilibrium_residual_mean": 0.8300395818683258
      },
      "all": {
        "case_count": 22,
        "drift_error_pct": 16.144287234575327,
        "base_shear_error_pct": 9.686572340745192,
        "mode_shape_mac": 0.942003551961201,
        "buckling_factor_error_pct": 11.301001064202723,
        "equilibrium_residual_mean": 1.319803685989618
      }
    },
    "topk_residual_meta": {
      "train": {
        "case_count": 14,
        "drift_error_pct": 0.8595536546185454,
        "base_shear_error_pct": 0.41590307193513587,
        "mode_shape_mac": 0.9822361469268799,
        "buckling_factor_error_pct": 0.7228527113401243,
        "equilibrium_residual_mean": 1.232009972844805
      },
      "val": {
        "case_count": 4,
        "drift_error_pct": 1.7296032945443232,
        "base_shear_error_pct": 1.1689274338851126,
        "mode_shape_mac": 0.9842135161161423,
        "buckling_factor_error_pct": 0.39930646390570923,
        "equilibrium_residual_mean": 1.8616702258586884
      },
      "test": {
        "case_count": 4,
        "drift_error_pct": 1.0302894277310468,
        "base_shear_error_pct": 0.7232259386757505,
        "mode_shape_mac": 0.9757065922021866,
        "buckling_factor_error_pct": 1.0806089993010133,
        "equilibrium_residual_mean": 0.7924609072506428
      },
      "all": {
        "case_count": 22,
        "drift_error_pct": 1.0487873660800504,
        "base_shear_error_pct": 0.608693477151607,
        "mode_shape_mac": 0.9814084768295288,
        "buckling_factor_error_pct": 0.7290727187085743,
        "equilibrium_residual_mean": 1.2665756432847544
      }
    },
    "improvement_pct": {
      "drift_error_reduction_pct": 93.50366262169865,
      "base_shear_error_reduction_pct": 93.71611075889842,
      "buckling_error_reduction_pct": 93.54860056585606,
      "mode_shape_mac_gain_pct": 4.183097270311652
    }
  },
  "training": {
    "epochs": 120,
    "branches": 10,
    "top_k": 3,
    "lr": 0.06,
    "epsilon": 0.12,
    "temperature": 0.35,
    "seed": 23,
    "final_total_loss": 0.03664717078208923,
    "final_weighted_loss": 0.034089650958776474,
    "last_selected_branch_ids": [
      2,
      0,
      1
    ],
    "last_selected_weights": [
      0.33919677071543347,
      0.33075420676263173,
      0.3300490225219348
    ],
    "param_vector": [
      0.5729185938835144,
      -0.5768707394599915,
      0.2019990086555481,
      -0.7386354207992554,
      0.021769512444734573,
      -0.8069209456443787,
      0.2145785242319107,
      -0.3479246199131012,
      0.3166906237602234,
      -0.643527626991272,
      -0.1361633688211441,
      -0.13914160430431366,
      -0.11263059824705124,
      0.0,
      -0.3075675964355469,
      -0.25235670804977417,
      1.5231893062591553
    ]
  },
  "metric_source_validation": {
    "enabled": true,
    "accepted_metric_sources": [
      "commercial_solver_export",
      "engine_export_direct",
      "open_data_measurement"
    ],
    "global_metric_source": "open_data_measurement",
    "missing_metric_source_case_ids": [],
    "invalid_metric_source_case_ids": [],
    "pass": true
  }
}