{
  "schema_version": "1.2",
  "run_id": "phase1-hf-benchmark-topk-residual-meta-prod",
  "generated_at": "2026-03-28T12:08:04.987027+00:00",
  "algorithm": "topk_weighted_residual_correction_with_meta_learning",
  "source_cases_path": "implementation/phase1/commercial_benchmark_cases.rwth_zenodo.json",
  "source_cases_sha256": "9b1cd4d90a72e9c696fee8dbdf1c89821519bd27b6df4504ebf2ebc1d65bfa48",
  "source_family_order": [
    "rwth_zenodo"
  ],
  "contract_pass": true,
  "reason_code": "PASS",
  "reason": "top-k residual/meta benchmark KPI thresholds satisfied",
  "kpi_pass": true,
  "metrics": {
    "drift_error_pct": 0.6651807126407943,
    "base_shear_error_pct": 0.40709033251401794,
    "mode_shape_mac": 1.0,
    "buckling_factor_error_pct": 1.333978296908268
  },
  "checks": {
    "drift_ok": true,
    "base_shear_ok": true,
    "mac_ok": true,
    "buckling_factor_ok": true,
    "improves_over_lf": true
  },
  "target_split": "all",
  "comparison": {
    "baseline_lf": {
      "train": {
        "case_count": 14,
        "drift_error_pct": 15.914609567094965,
        "base_shear_error_pct": 9.548765740256977,
        "mode_shape_mac": 0.9429197008464936,
        "buckling_factor_error_pct": 11.140226696966467,
        "equilibrium_residual_mean": 1.2840498075913913
      },
      "val": {
        "case_count": 4,
        "drift_error_pct": 17.23259432579613,
        "base_shear_error_pct": 10.339556595477672,
        "mode_shape_mac": 0.9454547716680861,
        "buckling_factor_error_pct": 12.062816028057282,
        "equilibrium_residual_mean": 1.934706364504704
      },
      "test": {
        "case_count": 4,
        "drift_error_pct": 15.859851979535787,
        "base_shear_error_pct": 9.515911187721477,
        "mode_shape_mac": 0.9353458111557905,
        "buckling_factor_error_pct": 11.101896385675056,
        "equilibrium_residual_mean": 0.8300395818683258
      },
      "all": {
        "case_count": 22,
        "drift_error_pct": 16.144287234575327,
        "base_shear_error_pct": 9.686572340745192,
        "mode_shape_mac": 0.942003551961201,
        "buckling_factor_error_pct": 11.301001064202723,
        "equilibrium_residual_mean": 1.319803685989618
      }
    },
    "topk_residual_meta": {
      "train": {
        "case_count": 14,
        "drift_error_pct": 0.8495130411347639,
        "base_shear_error_pct": 0.4996560232376081,
        "mode_shape_mac": 1.0,
        "buckling_factor_error_pct": 1.5809034662321444,
        "equilibrium_residual_mean": 1.2443086079188757
      },
      "val": {
        "case_count": 4,
        "drift_error_pct": 0.22392618502601297,
        "base_shear_error_pct": 0.12645428121398777,
        "mode_shape_mac": 1.0,
        "buckling_factor_error_pct": 1.1208765876404763,
        "equilibrium_residual_mean": 1.8746468126773834
      },
      "test": {
        "case_count": 4,
        "drift_error_pct": 0.46127209052668205,
        "base_shear_error_pct": 0.36374646628148266,
        "mode_shape_mac": 1.0,
        "buckling_factor_error_pct": 0.6828419135424915,
        "equilibrium_residual_mean": 0.8025688715279102
      },
      "all": {
        "case_count": 22,
        "drift_error_pct": 0.6651807126407943,
        "base_shear_error_pct": 0.40709033251401794,
        "mode_shape_mac": 1.0,
        "buckling_factor_error_pct": 1.333978296908268,
        "equilibrium_residual_mean": 1.278599238531156
      }
    },
    "improvement_pct": {
      "drift_error_reduction_pct": 95.87977652419232,
      "base_shear_error_reduction_pct": 95.79737477619766,
      "buckling_error_reduction_pct": 88.19592804805757,
      "mode_shape_mac_gain_pct": 6.156712245729169
    }
  },
  "training": {
    "epochs": 120,
    "branches": 10,
    "top_k": 3,
    "lr": 0.06,
    "epsilon": 0.12,
    "temperature": 0.35,
    "seed": 23,
    "final_total_loss": 0.04177732393145561,
    "final_weighted_loss": 0.0409618578851223,
    "last_selected_branch_ids": [
      9,
      6,
      0
    ],
    "last_selected_weights": [
      0.3338193131737347,
      0.3331360194041023,
      0.333044667422163
    ],
    "param_vector": [
      0.4021206498146057,
      -0.42790594696998596,
      0.17980828881263733,
      -0.5521766543388367,
      -0.03235458582639694,
      0.03175154700875282,
      -0.17129063606262207,
      -0.003757515922188759,
      -0.20950768887996674,
      -0.1545344442129135,
      -0.04727623611688614,
      -0.0322243757545948,
      -0.044325292110443115,
      0.0,
      -0.1925983726978302,
      -0.09558461606502533,
      0.750206708908081,
      0.2986762523651123,
      -0.1646428257226944,
      0.22661235928535461,
      -0.21797722578048706,
      0.1522742360830307
    ]
  },
  "metric_source_validation": {
    "enabled": true,
    "accepted_metric_sources": [
      "commercial_solver_export",
      "engine_export_direct",
      "open_data_measurement"
    ],
    "global_metric_source": "open_data_measurement",
    "missing_metric_source_case_ids": [],
    "invalid_metric_source_case_ids": [],
    "pass": true
  }
}