{
  "schema_version": "1.1",
  "run_id": "phase1-hf-benchmark-topk-residual-meta",
  "generated_at": "2026-03-01T06:47:09.877850+00:00",
  "algorithm": "topk_weighted_residual_correction_with_meta_learning",
  "contract_pass": true,
  "reason_code": "PASS",
  "reason": "top-k residual/meta benchmark KPI thresholds satisfied",
  "kpi_pass": true,
  "metrics": {
    "drift_error_pct": 1.1130321653799833,
    "base_shear_error_pct": 0.535315595737209,
    "mode_shape_mac": 0.9992284115992094,
    "buckling_factor_error_pct": 1.0744568693530454
  },
  "checks": {
    "drift_ok": true,
    "base_shear_ok": true,
    "mac_ok": true,
    "buckling_factor_ok": true,
    "improves_over_lf": true
  },
  "target_split": "test",
  "comparison": {
    "baseline_lf": {
      "train": {
        "case_count": 70,
        "drift_error_pct": 6.317791803398774,
        "base_shear_error_pct": 3.474785491869327,
        "mode_shape_mac": 0.9868916783045161,
        "buckling_factor_error_pct": 3.9170309181072396,
        "equilibrium_residual_mean": 0.08207292269948237
      },
      "val": {
        "case_count": 10,
        "drift_error_pct": 6.370845455888732,
        "base_shear_error_pct": 3.5039650007387997,
        "mode_shape_mac": 0.9867937605543295,
        "buckling_factor_error_pct": 3.949924182651015,
        "equilibrium_residual_mean": 0.08369518549561979
      },
      "test": {
        "case_count": 19,
        "drift_error_pct": 6.740357162608747,
        "base_shear_error_pct": 3.632020620021286,
        "mode_shape_mac": 0.979671968544123,
        "buckling_factor_error_pct": 4.647560932919361,
        "equilibrium_residual_mean": 0.08136041070283517
      },
      "all": {
        "case_count": 99,
        "drift_error_pct": 6.404249160468358,
        "base_shear_error_pct": 3.507909355743891,
        "mode_shape_mac": 0.9854961867595736,
        "buckling_factor_error_pct": 4.060556200196815,
        "equilibrium_residual_mean": 0.08210004290175589
      }
    },
    "topk_residual_meta": {
      "train": {
        "case_count": 70,
        "drift_error_pct": 0.2264832885189262,
        "base_shear_error_pct": 0.17573574304336406,
        "mode_shape_mac": 1.0,
        "buckling_factor_error_pct": 0.3267600946427494,
        "equilibrium_residual_mean": 0.06579722852579185
      },
      "val": {
        "case_count": 10,
        "drift_error_pct": 0.181284692937118,
        "base_shear_error_pct": 0.12845500343800226,
        "mode_shape_mac": 1.0,
        "buckling_factor_error_pct": 0.27531853408139073,
        "equilibrium_residual_mean": 0.06679750941693782
      },
      "test": {
        "case_count": 19,
        "drift_error_pct": 1.1130321653799833,
        "base_shear_error_pct": 0.535315595737209,
        "mode_shape_mac": 0.9992284115992094,
        "buckling_factor_error_pct": 1.0744568693530454,
        "equilibrium_residual_mean": 0.06507392678605883
      },
      "all": {
        "case_count": 99,
        "drift_error_pct": 0.39206351785773425,
        "base_shear_error_pct": 0.23997018551941893,
        "mode_shape_mac": 0.999851917377626,
        "buckling_factor_error_pct": 0.46506133821731543,
        "equilibrium_residual_mean": 0.06575945151424167
      }
    },
    "improvement_pct": {
      "drift_error_reduction_pct": 83.48704469913874,
      "base_shear_error_reduction_pct": 85.2612181553619,
      "buckling_error_reduction_pct": 76.88127418099012,
      "mode_shape_mac_gain_pct": 1.9962236016764852
    }
  },
  "training": {
    "epochs": 60,
    "branches": 10,
    "top_k": 3,
    "lr": 0.055,
    "epsilon": 0.11,
    "temperature": 0.32,
    "seed": 23,
    "final_total_loss": 0.010048643685877323,
    "final_weighted_loss": 0.007760217878967524,
    "last_selected_branch_ids": [
      7,
      0,
      3
    ],
    "last_selected_weights": [
      0.33381287968479284,
      0.3336766047263228,
      0.33251051558888434
    ],
    "param_vector": [
      0.5747705101966858,
      -0.3320671021938324,
      0.5085222721099854,
      -0.36709335446357727,
      1.870714783668518,
      -0.052122049033641815,
      0.032888900488615036,
      0.11799047887325287,
      0.059622228145599365,
      0.06361597776412964,
      0.0,
      0.0,
      0.31316614151000977,
      0.0,
      0.0,
      0.31316614151000977,
      0.0
    ]
  },
  "metric_source_validation": {
    "enabled": true,
    "accepted_metric_sources": [
      "commercial_solver_export",
      "engine_export_direct",
      "open_data_measurement"
    ],
    "global_metric_source": "open_data_measurement",
    "missing_metric_source_case_ids": [],
    "invalid_metric_source_case_ids": [],
    "pass": true
  }
}