{
  "schema_version": "1.0",
  "generated_at": "2026-03-06T00:00:00Z",
  "description": "RC/composite benchmark-lock proxy cases for cracking, bond-slip, creep, and slab-wall interaction.",
  "cases": [
    {
      "case_id": "RC-CRK-001",
      "benchmark_family": "cyclic_wall_cracking",
      "story_k_n_per_m": [2200000, 2200000, 2200000, 2200000, 2200000, 2200000],
      "story_yield_drift_m": [0.020, 0.020, 0.020, 0.020, 0.020, 0.020],
      "story_mass_kg": [210000, 210000, 210000, 210000, 210000, 210000],
      "story_h_m": [3.2, 3.2, 3.2, 3.2, 3.2, 3.2],
      "drift_ratio_proxy": [0.006, 0.007, 0.008, 0.009, 0.010, 0.011],
      "elapsed_hours": 4.0,
      "cycle_count": 40,
      "expected_ranges": {
        "cracking_index_mean": [0.95, 1.0],
        "stiffness_scale_mean": [0.68, 0.76],
        "yield_scale_mean": [0.85, 0.90]
      }
    },
    {
      "case_id": "RC-BND-001",
      "benchmark_family": "bond_slip_pullout",
      "story_k_n_per_m": [1800000, 1800000, 1800000, 1800000, 1800000, 1800000],
      "story_yield_drift_m": [0.018, 0.018, 0.018, 0.018, 0.018, 0.018],
      "story_mass_kg": [160000, 160000, 160000, 160000, 160000, 160000],
      "story_h_m": [3.1, 3.1, 3.1, 3.1, 3.1, 3.1],
      "drift_ratio_proxy": [0.004, 0.005, 0.006, 0.007, 0.008, 0.009],
      "elapsed_hours": 1.0,
      "cycle_count": 120,
      "expected_ranges": {
        "bond_slip_index_mean": [0.80, 1.0],
        "yield_scale_mean": [0.80, 0.90],
        "stiffness_scale_mean": [0.70, 0.78]
      }
    },
    {
      "case_id": "RC-CRP-001",
      "benchmark_family": "creep_shrinkage_column",
      "story_k_n_per_m": [2600000, 2600000, 2600000, 2600000, 2600000, 2600000],
      "story_yield_drift_m": [0.022, 0.022, 0.022, 0.022, 0.022, 0.022],
      "story_mass_kg": [240000, 240000, 240000, 240000, 240000, 240000],
      "story_h_m": [3.4, 3.4, 3.4, 3.4, 3.4, 3.4],
      "drift_ratio_proxy": [0.00001, 0.00001, 0.00002, 0.00002, 0.00003, 0.00003],
      "elapsed_hours": 4320.0,
      "cycle_count": 2,
      "expected_ranges": {
        "creep_index_mean": [0.95, 1.0],
        "stiffness_scale_mean": [0.64, 0.70],
        "cracking_index_mean": [0.10, 0.50]
      }
    },
    {
      "case_id": "RC-SLB-001",
      "benchmark_family": "slab_wall_interaction",
      "story_k_n_per_m": [2000000, 2000000, 2000000, 2000000, 2000000, 2000000],
      "story_yield_drift_m": [0.019, 0.019, 0.019, 0.019, 0.019, 0.019],
      "story_mass_kg": [175000, 175000, 175000, 175000, 175000, 175000],
      "story_h_m": [3.2, 3.2, 3.2, 3.2, 3.2, 3.2],
      "drift_ratio_proxy": [0.002, 0.003, 0.004, 0.005, 0.006, 0.007],
      "elapsed_hours": 48.0,
      "cycle_count": 60,
      "expected_ranges": {
        "cracking_index_mean": [0.95, 1.0],
        "bond_slip_index_mean": [0.60, 0.95],
        "yield_scale_mean": [0.84, 0.93]
      }
    }
  ]
}
