{
  "schema_version": "1.1",
  "run_id": "phase1-hf-benchmark-topk-residual-meta",
  "generated_at": "2026-03-04T12:16:45.840116+00:00",
  "algorithm": "topk_weighted_residual_correction_with_meta_learning",
  "contract_pass": false,
  "reason_code": "ERR_BENCHMARK_KPI_FAIL",
  "reason": "benchmark KPI thresholds violated",
  "kpi_pass": false,
  "metrics": {
    "drift_error_pct": 78658.69695489526,
    "base_shear_error_pct": 35486.27566297176,
    "mode_shape_mac": 0.9591651216121109,
    "buckling_factor_error_pct": 28684.99848911841
  },
  "checks": {
    "drift_ok": false,
    "base_shear_ok": false,
    "mac_ok": true,
    "buckling_factor_ok": false,
    "improves_over_lf": false
  },
  "target_split": "all",
  "comparison": {
    "baseline_lf": {
      "train": {
        "case_count": 70,
        "drift_error_pct": 6.048918549335422,
        "base_shear_error_pct": 2.9780481166718644,
        "mode_shape_mac": 0.9294290352584597,
        "buckling_factor_error_pct": 4.16808925665928,
        "equilibrium_residual_mean": 0.07245315926965756
      },
      "val": {
        "case_count": 10,
        "drift_error_pct": 6.075302476613102,
        "base_shear_error_pct": 3.3414163621372017,
        "mode_shape_mac": 0.9878493950467735,
        "buckling_factor_error_pct": 3.7666875355001226,
        "equilibrium_residual_mean": 0.0746581379515472
      },
      "test": {
        "case_count": 19,
        "drift_error_pct": 6.080545256694027,
        "base_shear_error_pct": 2.990989784666082,
        "mode_shape_mac": 0.987838909486612,
        "buckling_factor_error_pct": 3.7699380591502982,
        "equilibrium_residual_mean": 0.07481845051579965
      },
      "all": {
        "case_count": 99,
        "drift_error_pct": 6.057653364614114,
        "base_shear_error_pct": 3.0172357343137186,
        "mode_shape_mac": 0.9465400575636923,
        "buckling_factor_error_pct": 4.051130772171783,
        "equilibrium_residual_mean": 0.07312982917365349
      }
    },
    "topk_residual_meta": {
      "train": {
        "case_count": 70,
        "drift_error_pct": 78585.58235008857,
        "base_shear_error_pct": 35479.28465614914,
        "mode_shape_mac": 0.942574813596106,
        "buckling_factor_error_pct": 28618.657112357414,
        "equilibrium_residual_mean": 0.006571601863418306
      },
      "val": {
        "case_count": 10,
        "drift_error_pct": 85993.3111126686,
        "base_shear_error_pct": 38726.319172942785,
        "mode_shape_mac": 1.0,
        "buckling_factor_error_pct": 31463.561734286217,
        "equilibrium_residual_mean": 0.0
      },
      "test": {
        "case_count": 19,
        "drift_error_pct": 75067.74331061819,
        "base_shear_error_pct": 33806.7459460177,
        "mode_shape_mac": 0.9987952677827132,
        "buckling_factor_error_pct": 27467.01237972843,
        "equilibrium_residual_mean": 0.00793268178638659
      },
      "all": {
        "case_count": 99,
        "drift_error_pct": 78658.69695489526,
        "base_shear_error_pct": 35486.27566297176,
        "mode_shape_mac": 0.9591651216121109,
        "buckling_factor_error_pct": 28684.99848911841,
        "equilibrium_residual_mean": 0.0061690210543497645
      }
    },
    "improvement_pct": {
      "drift_error_reduction_pct": -1298401.122800809,
      "base_shear_error_reduction_pct": -1176018.765246006,
      "buckling_error_reduction_pct": -707973.871279662,
      "mode_shape_mac_gain_pct": 1.3338119129278405
    }
  },
  "training": {
    "epochs": 24,
    "branches": 10,
    "top_k": 3,
    "lr": 0.055,
    "epsilon": 0.11,
    "temperature": 0.32,
    "seed": 11,
    "final_total_loss": 717.08837890625,
    "final_weighted_loss": 717.0879516601562,
    "last_selected_branch_ids": [
      4,
      2,
      0
    ],
    "last_selected_weights": [
      1.0,
      2.345659859437938e-163,
      0.0
    ],
    "param_vector": [
      0.08709739148616791,
      -0.017415277659893036,
      0.06508667021989822,
      -0.10566648840904236,
      0.15109887719154358,
      0.04031907021999359,
      -0.019925398752093315,
      0.1963842213153839,
      -0.016260560601949692,
      0.2762661576271057,
      0.0,
      0.0,
      -0.6185961961746216,
      0.0,
      0.0,
      -0.6185961961746216,
      0.0
    ]
  },
  "metric_source_validation": {
    "enabled": true,
    "accepted_metric_sources": [
      "commercial_solver_export",
      "engine_export_direct",
      "open_data_measurement"
    ],
    "global_metric_source": "open_data_measurement",
    "missing_metric_source_case_ids": [],
    "invalid_metric_source_case_ids": [],
    "pass": true
  }
}