{
  "schema_version": "1.1",
  "run_id": "phase1-hf-benchmark-topk-residual-meta",
  "generated_at": "2026-03-04T12:16:27.483767+00:00",
  "algorithm": "topk_weighted_residual_correction_with_meta_learning",
  "contract_pass": false,
  "reason_code": "ERR_BENCHMARK_KPI_FAIL",
  "reason": "benchmark KPI thresholds violated",
  "kpi_pass": false,
  "metrics": {
    "drift_error_pct": 2013.9782475935754,
    "base_shear_error_pct": 67381.93191079424,
    "mode_shape_mac": 0.9444021769244262,
    "buckling_factor_error_pct": 153079.58159851423
  },
  "checks": {
    "drift_ok": false,
    "base_shear_ok": false,
    "mac_ok": true,
    "buckling_factor_ok": false,
    "improves_over_lf": false
  },
  "target_split": "all",
  "comparison": {
    "baseline_lf": {
      "train": {
        "case_count": 70,
        "drift_error_pct": 6.341499243802338,
        "base_shear_error_pct": 3.2044050630014578,
        "mode_shape_mac": 0.928168536577339,
        "buckling_factor_error_pct": 4.666960880429321,
        "equilibrium_residual_mean": 0.07203615716849374
      },
      "val": {
        "case_count": 10,
        "drift_error_pct": 6.075302476613102,
        "base_shear_error_pct": 3.3414163621372017,
        "mode_shape_mac": 0.9878493950467735,
        "buckling_factor_error_pct": 3.7666875355001226,
        "equilibrium_residual_mean": 0.0746581379515472
      },
      "test": {
        "case_count": 19,
        "drift_error_pct": 6.080545256694027,
        "base_shear_error_pct": 2.990989784666082,
        "mode_shape_mac": 0.987838909486612,
        "buckling_factor_error_pct": 3.7699380591502982,
        "equilibrium_residual_mean": 0.07481845051579965
      },
      "all": {
        "case_count": 99,
        "drift_error_pct": 6.264528603126075,
        "base_shear_error_pct": 3.1772861004053503,
        "mode_shape_mac": 0.9456487958699706,
        "buckling_factor_error_pct": 4.403868283928378,
        "equilibrium_residual_mean": 0.0728349792031336
      }
    },
    "topk_residual_meta": {
      "train": {
        "case_count": 70,
        "drift_error_pct": 2011.6892872915948,
        "base_shear_error_pct": 67352.79677534965,
        "mode_shape_mac": 0.9269598688398089,
        "buckling_factor_error_pct": 152345.53343230576,
        "equilibrium_residual_mean": 0.006553561346871513
      },
      "val": {
        "case_count": 10,
        "drift_error_pct": 2202.5316980155258,
        "base_shear_error_pct": 73575.78413688675,
        "mode_shape_mac": 0.986513364315033,
        "buckling_factor_error_pct": 168909.08647017047,
        "equilibrium_residual_mean": 0.0
      },
      "test": {
        "case_count": 19,
        "drift_error_pct": 1923.1726011156318,
        "base_shear_error_pct": 64229.34965922546,
        "mode_shape_mac": 0.9864995291358546,
        "buckling_factor_error_pct": 147452.65122577906,
        "equilibrium_residual_mean": 0.007911344892100283
      },
      "all": {
        "case_count": 99,
        "drift_error_pct": 2013.9782475935754,
        "base_shear_error_pct": 67381.93191079424,
        "mode_shape_mac": 0.9444021769244262,
        "buckling_factor_error_pct": 153079.58159851423,
        "equilibrium_residual_mean": 0.006152170174049608
      }
    },
    "improvement_pct": {
      "drift_error_reduction_pct": -32048.91933909562,
      "base_shear_error_reduction_pct": -2120638.5731551787,
      "buckling_error_reduction_pct": -3475925.4333029874,
      "mode_shape_mac_gain_pct": -0.13182684216264437
    }
  },
  "training": {
    "epochs": 24,
    "branches": 10,
    "top_k": 3,
    "lr": 0.055,
    "epsilon": 0.11,
    "temperature": 0.32,
    "seed": 23,
    "final_total_loss": 952.712646484375,
    "final_weighted_loss": 952.7125244140625,
    "last_selected_branch_ids": [
      8,
      1,
      3
    ],
    "last_selected_weights": [
      1.0,
      0.0,
      0.0
    ],
    "param_vector": [
      0.0788041204214096,
      0.07268577814102173,
      -0.048492223024368286,
      -0.12119365483522415,
      0.1594192385673523,
      0.0010353539837524295,
      0.03785101696848869,
      0.0,
      -0.08728490024805069,
      0.30376365780830383,
      0.0,
      0.0,
      -0.26103824377059937,
      0.0,
      0.0,
      -0.26103824377059937,
      0.0
    ]
  },
  "metric_source_validation": {
    "enabled": true,
    "accepted_metric_sources": [
      "commercial_solver_export",
      "engine_export_direct",
      "open_data_measurement"
    ],
    "global_metric_source": "open_data_measurement",
    "missing_metric_source_case_ids": [],
    "invalid_metric_source_case_ids": [],
    "pass": true
  }
}