{
  "schema_version": "1.1",
  "run_id": "phase1-hf-benchmark-topk-residual-meta",
  "generated_at": "2026-03-04T12:16:55.282267+00:00",
  "algorithm": "topk_weighted_residual_correction_with_meta_learning",
  "contract_pass": false,
  "reason_code": "ERR_BENCHMARK_KPI_FAIL",
  "reason": "benchmark KPI thresholds violated",
  "kpi_pass": false,
  "metrics": {
    "drift_error_pct": 2014.1978836969563,
    "base_shear_error_pct": 67197.72235099047,
    "mode_shape_mac": 0.944438241346918,
    "buckling_factor_error_pct": 153604.40690246056
  },
  "checks": {
    "drift_ok": false,
    "base_shear_ok": false,
    "mac_ok": true,
    "buckling_factor_ok": false,
    "improves_over_lf": false
  },
  "target_split": "all",
  "comparison": {
    "baseline_lf": {
      "train": {
        "case_count": 70,
        "drift_error_pct": 6.1690044069051115,
        "base_shear_error_pct": 3.302829145307872,
        "mode_shape_mac": 0.9282231257696517,
        "buckling_factor_error_pct": 4.30138177843528,
        "equilibrium_residual_mean": 0.07274480873479747
      },
      "val": {
        "case_count": 10,
        "drift_error_pct": 6.075302476613102,
        "base_shear_error_pct": 3.3414163621372017,
        "mode_shape_mac": 0.9878493950467735,
        "buckling_factor_error_pct": 3.7666875355001226,
        "equilibrium_residual_mean": 0.0746581379515472
      },
      "test": {
        "case_count": 19,
        "drift_error_pct": 6.080545256694027,
        "base_shear_error_pct": 2.990989784666082,
        "mode_shape_mac": 0.987838909486612,
        "buckling_factor_error_pct": 3.7699380591502982,
        "equilibrium_residual_mean": 0.07481845051579965
      },
      "all": {
        "case_count": 99,
        "drift_error_pct": 6.142562556835106,
        "base_shear_error_pct": 3.2468788858745317,
        "mode_shape_mac": 0.9456873942887776,
        "buckling_factor_error_pct": 4.145378009791178,
        "equilibrium_residual_mean": 0.07333604596718675
      }
    },
    "topk_residual_meta": {
      "train": {
        "case_count": 70,
        "drift_error_pct": 2011.96783312323,
        "base_shear_error_pct": 67092.28361973098,
        "mode_shape_mac": 0.9270117878913879,
        "buckling_factor_error_pct": 153087.7820543826,
        "equilibrium_residual_mean": 0.006553285249641963
      },
      "val": {
        "case_count": 10,
        "drift_error_pct": 2202.6161634137943,
        "base_shear_error_pct": 73575.75361931013,
        "mode_shape_mac": 0.9865111649036408,
        "buckling_factor_error_pct": 168909.09867720172,
        "equilibrium_residual_mean": 0.0
      },
      "test": {
        "case_count": 19,
        "drift_error_pct": 1923.2463438544567,
        "base_shear_error_pct": 64229.32227230454,
        "mode_shape_mac": 0.9864973206269113,
        "buckling_factor_error_pct": 147452.66067183187,
        "equilibrium_residual_mean": 0.007911018242961481
      },
      "all": {
        "case_count": 99,
        "drift_error_pct": 2014.1978836969563,
        "base_shear_error_pct": 67197.72235099047,
        "mode_shape_mac": 0.944438241346918,
        "buckling_factor_error_pct": 153604.40690246056,
        "equilibrium_residual_mean": 0.006151912263547531
      }
    },
    "improvement_pct": {
      "drift_error_reduction_pct": -32690.840387220276,
      "base_shear_error_reduction_pct": -2069509.761033359,
      "buckling_error_reduction_pct": -3705337.876585792,
      "mode_shape_mac_gain_pct": -0.13208941447284656
    }
  },
  "training": {
    "epochs": 24,
    "branches": 10,
    "top_k": 3,
    "lr": 0.055,
    "epsilon": 0.11,
    "temperature": 0.32,
    "seed": 23,
    "final_total_loss": 952.7586059570312,
    "final_weighted_loss": 952.7584838867188,
    "last_selected_branch_ids": [
      8,
      1,
      3
    ],
    "last_selected_weights": [
      1.0,
      0.0,
      0.0
    ],
    "param_vector": [
      0.07881336659193039,
      0.07267975062131882,
      -0.048553090542554855,
      -0.12078869342803955,
      0.1608274132013321,
      0.0010353935649618506,
      0.0378510057926178,
      0.0,
      -0.08728490769863129,
      0.30376365780830383,
      0.0,
      0.0,
      -0.26094290614128113,
      0.0,
      0.0,
      -0.26094290614128113,
      0.0
    ]
  },
  "metric_source_validation": {
    "enabled": true,
    "accepted_metric_sources": [
      "commercial_solver_export",
      "engine_export_direct",
      "open_data_measurement"
    ],
    "global_metric_source": "open_data_measurement",
    "missing_metric_source_case_ids": [],
    "invalid_metric_source_case_ids": [],
    "pass": true
  }
}