{
  "schema_version": "1.1",
  "run_id": "phase1-hf-benchmark-topk-residual-meta",
  "generated_at": "2026-03-01T12:07:53.049575+00:00",
  "algorithm": "topk_weighted_residual_correction_with_meta_learning",
  "contract_pass": true,
  "reason_code": "PASS",
  "reason": "top-k residual/meta benchmark KPI thresholds satisfied",
  "kpi_pass": true,
  "metrics": {
    "drift_error_pct": 1.432447535057995,
    "base_shear_error_pct": 1.2701916604660815,
    "mode_shape_mac": 0.9807962477207184,
    "buckling_factor_error_pct": 1.1825799699511774
  },
  "checks": {
    "drift_ok": true,
    "base_shear_ok": true,
    "mac_ok": true,
    "buckling_factor_ok": true,
    "improves_over_lf": true
  },
  "target_split": "all",
  "comparison": {
    "baseline_lf": {
      "train": {
        "case_count": 7,
        "drift_error_pct": 9.856170149843956,
        "base_shear_error_pct": 6.168436098099889,
        "mode_shape_mac": 0.9365084581065116,
        "buckling_factor_error_pct": 9.539897949534597,
        "equilibrium_residual_mean": 0.026246998227013096
      },
      "val": {
        "case_count": 2,
        "drift_error_pct": 9.506628628964595,
        "base_shear_error_pct": 5.376294212699743,
        "mode_shape_mac": 0.9475,
        "buckling_factor_error_pct": 8.103087388801681,
        "equilibrium_residual_mean": 0.0235
      },
      "test": {
        "case_count": 3,
        "drift_error_pct": 12.430072264312741,
        "base_shear_error_pct": 7.495167949188726,
        "mode_shape_mac": 0.9313333333333333,
        "buckling_factor_error_pct": 11.219466061392133,
        "equilibrium_residual_mean": 0.03266666666666667
      },
      "all": {
        "case_count": 12,
        "drift_error_pct": 10.441388758314593,
        "base_shear_error_pct": 6.368095413305407,
        "mode_shape_mac": 0.9370466005621317,
        "buckling_factor_error_pct": 9.72032155071016,
        "equilibrium_residual_mean": 0.027394082299090974
      }
    },
    "topk_residual_meta": {
      "train": {
        "case_count": 7,
        "drift_error_pct": 1.5788616700526361,
        "base_shear_error_pct": 1.1898762665043816,
        "mode_shape_mac": 0.9780485033988953,
        "buckling_factor_error_pct": 1.6048498983257893,
        "equilibrium_residual_mean": 0.02462672894554479
      },
      "val": {
        "case_count": 2,
        "drift_error_pct": 1.2406343220664213,
        "base_shear_error_pct": 0.9474485679177623,
        "mode_shape_mac": 0.9856339395046234,
        "buckling_factor_error_pct": 0.771558531162813,
        "equilibrium_residual_mean": 0.022159759886562824
      },
      "test": {
        "case_count": 3,
        "drift_error_pct": 1.218690028731548,
        "base_shear_error_pct": 1.672756308075594,
        "mode_shape_mac": 0.983982523282369,
        "buckling_factor_error_pct": 0.47129776293599224,
        "equilibrium_residual_mean": 0.030216120804349583
      },
      "all": {
        "case_count": 12,
        "drift_error_pct": 1.432447535057995,
        "base_shear_error_pct": 1.2701916604660815,
        "mode_shape_mac": 0.9807962477207184,
        "buckling_factor_error_pct": 1.1825799699511774,
        "equilibrium_residual_mean": 0.02561291540041566
      }
    },
    "improvement_pct": {
      "drift_error_reduction_pct": 86.28106310171316,
      "base_shear_error_reduction_pct": 80.05382177829557,
      "buckling_error_reduction_pct": 87.83394187340664,
      "mode_shape_mac_gain_pct": 4.668887025719036
    }
  },
  "training": {
    "epochs": 24,
    "branches": 10,
    "top_k": 3,
    "lr": 0.055,
    "epsilon": 0.11,
    "temperature": 0.32,
    "seed": 23,
    "final_total_loss": 0.07392460107803345,
    "final_weighted_loss": 0.06510379165410995,
    "last_selected_branch_ids": [
      1,
      4,
      9
    ],
    "last_selected_weights": [
      0.3336394693888746,
      0.3332548804098791,
      0.3331056502012463
    ],
    "param_vector": [
      1.3335020542144775,
      -1.1340466737747192,
      0.6756603121757507,
      -1.378849744796753,
      0.9600196480751038,
      1.2086387872695923,
      -0.8659560680389404,
      0.42949575185775757,
      -1.2821179628372192,
      0.18252642452716827,
      1.0669047832489014,
      1.054936170578003,
      1.0277063846588135,
      1.0542899370193481,
      1.0754554271697998,
      1.052548885345459,
      1.0507158041000366
    ]
  },
  "metric_source_validation": {
    "enabled": true,
    "accepted_metric_sources": [
      "commercial_solver_export",
      "engine_export_direct",
      "open_data_measurement"
    ],
    "global_metric_source": "commercial_solver_export",
    "missing_metric_source_case_ids": [],
    "invalid_metric_source_case_ids": [],
    "pass": true
  }
}