{
  "schema_version": "1.1",
  "run_id": "phase1-hf-benchmark-topk-residual-meta",
  "generated_at": "2026-03-04T12:17:23.761491+00:00",
  "algorithm": "topk_weighted_residual_correction_with_meta_learning",
  "contract_pass": false,
  "reason_code": "ERR_BENCHMARK_KPI_FAIL",
  "reason": "benchmark KPI thresholds violated",
  "kpi_pass": false,
  "metrics": {
    "drift_error_pct": 2027.868980923846,
    "base_shear_error_pct": 67265.9416312393,
    "mode_shape_mac": 0.94554541869597,
    "buckling_factor_error_pct": 153522.60694977365
  },
  "checks": {
    "drift_ok": false,
    "base_shear_ok": false,
    "mac_ok": true,
    "buckling_factor_ok": false,
    "improves_over_lf": false
  },
  "target_split": "all",
  "comparison": {
    "baseline_lf": {
      "train": {
        "case_count": 70,
        "drift_error_pct": 6.845493926791389,
        "base_shear_error_pct": 3.134868962145698,
        "mode_shape_mac": 0.9297755215552046,
        "buckling_factor_error_pct": 4.501420476676044,
        "equilibrium_residual_mean": 0.07229225264335401
      },
      "val": {
        "case_count": 10,
        "drift_error_pct": 6.075302476613102,
        "base_shear_error_pct": 3.3414163621372017,
        "mode_shape_mac": 0.9878493950467735,
        "buckling_factor_error_pct": 3.7666875355001226,
        "equilibrium_residual_mean": 0.0746581379515472
      },
      "test": {
        "case_count": 19,
        "drift_error_pct": 6.080545256694027,
        "base_shear_error_pct": 2.990989784666082,
        "mode_shape_mac": 0.987838909486612,
        "buckling_factor_error_pct": 3.7699380591502982,
        "equilibrium_residual_mean": 0.07481845051579965
      },
      "all": {
        "case_count": 99,
        "drift_error_pct": 6.620888479987019,
        "base_shear_error_pct": 3.1281191604063285,
        "mode_shape_mac": 0.9467850478745221,
        "buckling_factor_error_pct": 4.286819513597777,
        "equilibrium_residual_mean": 0.07301605681162066
      }
    },
    "topk_residual_meta": {
      "train": {
        "case_count": 70,
        "drift_error_pct": 2031.3369594027758,
        "base_shear_error_pct": 67188.73939680879,
        "mode_shape_mac": 0.9285731511456626,
        "buckling_factor_error_pct": 152972.10221080997,
        "equilibrium_residual_mean": 0.0065535965774740496
      },
      "val": {
        "case_count": 10,
        "drift_error_pct": 2202.5256768257304,
        "base_shear_error_pct": 73575.82102547257,
        "mode_shape_mac": 0.9865220129489899,
        "buckling_factor_error_pct": 168909.07426313922,
        "equilibrium_residual_mean": 0.0
      },
      "test": {
        "case_count": 19,
        "drift_error_pct": 1923.1676413162686,
        "base_shear_error_pct": 64229.38176112346,
        "mode_shape_mac": 0.9865081969060396,
        "buckling_factor_error_pct": 147452.64161260505,
        "equilibrium_residual_mean": 0.007911386458497299
      },
      "all": {
        "case_count": 99,
        "drift_error_pct": 2027.868980923846,
        "base_shear_error_pct": 67265.9416312393,
        "mode_shape_mac": 0.94554541869597,
        "buckling_factor_error_pct": 153522.60694977365,
        "equilibrium_residual_mean": 0.006152203061965981
      }
    },
    "improvement_pct": {
      "drift_error_reduction_pct": -30528.351271185013,
      "base_shear_error_reduction_pct": -2150263.7867331677,
      "buckling_error_reduction_pct": -3581170.6007985747,
      "mode_shape_mac_gain_pct": -0.1309303712954734
    }
  },
  "training": {
    "epochs": 24,
    "branches": 10,
    "top_k": 3,
    "lr": 0.055,
    "epsilon": 0.11,
    "temperature": 0.32,
    "seed": 23,
    "final_total_loss": 957.2567138671875,
    "final_weighted_loss": 957.256591796875,
    "last_selected_branch_ids": [
      8,
      1,
      3
    ],
    "last_selected_weights": [
      1.0,
      0.0,
      0.0
    ],
    "param_vector": [
      0.07793054729700089,
      0.07258782535791397,
      -0.04841763898730278,
      -0.1206723153591156,
      0.160021111369133,
      0.001035352936014533,
      0.037851039320230484,
      0.0,
      -0.08728489279747009,
      0.30376362800598145,
      0.0,
      0.0,
      -0.2622185945510864,
      0.0,
      0.0,
      -0.2622185945510864,
      0.0
    ]
  },
  "metric_source_validation": {
    "enabled": true,
    "accepted_metric_sources": [
      "commercial_solver_export",
      "engine_export_direct",
      "open_data_measurement"
    ],
    "global_metric_source": "open_data_measurement",
    "missing_metric_source_case_ids": [],
    "invalid_metric_source_case_ids": [],
    "pass": true
  }
}