{
  "schema_version": "1.1",
  "run_id": "phase1-hf-benchmark-topk-residual-meta",
  "generated_at": "2026-03-04T12:17:04.952764+00:00",
  "algorithm": "topk_weighted_residual_correction_with_meta_learning",
  "contract_pass": false,
  "reason_code": "ERR_BENCHMARK_KPI_FAIL",
  "reason": "benchmark KPI thresholds violated",
  "kpi_pass": false,
  "metrics": {
    "drift_error_pct": 32263.730579795505,
    "base_shear_error_pct": 29076.326298791446,
    "mode_shape_mac": 0.9466618389794321,
    "buckling_factor_error_pct": 1104.6885626954656
  },
  "checks": {
    "drift_ok": false,
    "base_shear_ok": false,
    "mac_ok": true,
    "buckling_factor_ok": false,
    "improves_over_lf": false
  },
  "target_split": "all",
  "comparison": {
    "baseline_lf": {
      "train": {
        "case_count": 70,
        "drift_error_pct": 6.422345982391254,
        "base_shear_error_pct": 3.277059101176167,
        "mode_shape_mac": 0.9296828248460471,
        "buckling_factor_error_pct": 4.309661478413443,
        "equilibrium_residual_mean": 0.07256992488801467
      },
      "val": {
        "case_count": 10,
        "drift_error_pct": 6.075302476613102,
        "base_shear_error_pct": 3.3414163621372017,
        "mode_shape_mac": 0.9878493950467735,
        "buckling_factor_error_pct": 3.7666875355001226,
        "equilibrium_residual_mean": 0.0746581379515472
      },
      "test": {
        "case_count": 19,
        "drift_error_pct": 6.080545256694027,
        "base_shear_error_pct": 2.990989784666082,
        "mode_shape_mac": 0.987838909486612,
        "buckling_factor_error_pct": 3.7699380591502982,
        "equilibrium_residual_mean": 0.07481845051579965
      },
      "all": {
        "case_count": 99,
        "drift_error_pct": 6.3216929637445,
        "base_shear_error_pct": 3.2286576425490834,
        "mode_shape_mac": 0.946719504746835,
        "buckling_factor_error_pct": 4.151232343109071,
        "equilibrium_residual_mean": 0.07321239072198679
      }
    },
    "topk_residual_meta": {
      "train": {
        "case_count": 70,
        "drift_error_pct": 32202.657407045477,
        "base_shear_error_pct": 28996.78255683271,
        "mode_shape_mac": 0.9296268616403852,
        "buckling_factor_error_pct": 1100.3604988818604,
        "equilibrium_residual_mean": 0.006557571887969971
      },
      "val": {
        "case_count": 10,
        "drift_error_pct": 35353.837160509735,
        "base_shear_error_pct": 31925.47436064986,
        "mode_shape_mac": 0.9877877116203309,
        "buckling_factor_error_pct": 1216.1542979153721,
        "equilibrium_residual_mean": 0.0
      },
      "test": {
        "case_count": 19,
        "drift_error_pct": 30862.365121130206,
        "base_shear_error_pct": 27869.830578713983,
        "mode_shape_mac": 0.9877770856807107,
        "buckling_factor_error_pct": 1061.9678845245871,
        "equilibrium_residual_mean": 0.007916087774853958
      },
      "all": {
        "case_count": 99,
        "drift_error_pct": 32263.730579795505,
        "base_shear_error_pct": 29076.326298791446,
        "mode_shape_mac": 0.9466618389794321,
        "buckling_factor_error_pct": 1104.6885626954656,
        "equilibrium_residual_mean": 0.0061559161604052845
      }
    },
    "improvement_pct": {
      "drift_error_reduction_pct": -510265.35252235463,
      "base_shear_error_reduction_pct": -900470.1290718195,
      "buckling_error_reduction_pct": -26511.099340879282,
      "mode_shape_mac_gain_pct": -0.006091114328342541
    }
  },
  "training": {
    "epochs": 24,
    "branches": 10,
    "top_k": 3,
    "lr": 0.055,
    "epsilon": 0.11,
    "temperature": 0.32,
    "seed": 47,
    "final_total_loss": 210.47434997558594,
    "final_weighted_loss": 210.4741973876953,
    "last_selected_branch_ids": [
      1,
      4,
      3
    ],
    "last_selected_weights": [
      1.0,
      0.0,
      0.0
    ],
    "param_vector": [
      0.11133087426424026,
      -0.022821566089987755,
      -0.0028685610741376877,
      -0.06755059957504272,
      0.17688339948654175,
      0.01657768152654171,
      -0.01642652601003647,
      0.0,
      -0.0006303172558546066,
      0.2613568902015686,
      0.0,
      0.0,
      -0.313518226146698,
      0.0,
      0.0,
      -0.313518226146698,
      0.0
    ]
  },
  "metric_source_validation": {
    "enabled": true,
    "accepted_metric_sources": [
      "commercial_solver_export",
      "engine_export_direct",
      "open_data_measurement"
    ],
    "global_metric_source": "open_data_measurement",
    "missing_metric_source_case_ids": [],
    "invalid_metric_source_case_ids": [],
    "pass": true
  }
}