{
  "schema_version": "1.1",
  "run_id": "phase1-hf-benchmark-topk-residual-meta",
  "generated_at": "2026-03-04T12:15:50.986927+00:00",
  "algorithm": "topk_weighted_residual_correction_with_meta_learning",
  "contract_pass": false,
  "reason_code": "ERR_BENCHMARK_KPI_FAIL",
  "reason": "benchmark KPI thresholds violated",
  "kpi_pass": false,
  "metrics": {
    "drift_error_pct": 78288.25855442208,
    "base_shear_error_pct": 35550.974997056415,
    "mode_shape_mac": 0.9591653660278429,
    "buckling_factor_error_pct": 28673.097370099345
  },
  "checks": {
    "drift_ok": false,
    "base_shear_ok": false,
    "mac_ok": true,
    "buckling_factor_ok": false,
    "improves_over_lf": false
  },
  "target_split": "all",
  "comparison": {
    "baseline_lf": {
      "train": {
        "case_count": 70,
        "drift_error_pct": 6.009715009918723,
        "base_shear_error_pct": 3.261469892977855,
        "mode_shape_mac": 0.9301262450326188,
        "buckling_factor_error_pct": 4.246190977352985,
        "equilibrium_residual_mean": 0.07215935618603955
      },
      "val": {
        "case_count": 10,
        "drift_error_pct": 6.075302476613102,
        "base_shear_error_pct": 3.3414163621372017,
        "mode_shape_mac": 0.9878493950467735,
        "buckling_factor_error_pct": 3.7666875355001226,
        "equilibrium_residual_mean": 0.0746581379515472
      },
      "test": {
        "case_count": 19,
        "drift_error_pct": 6.080545256694027,
        "base_shear_error_pct": 2.990989784666082,
        "mode_shape_mac": 0.987838909486612,
        "buckling_factor_error_pct": 3.7699380591502982,
        "equilibrium_residual_mean": 0.07481845051579965
      },
      "all": {
        "case_count": 99,
        "drift_error_pct": 6.029933690279074,
        "base_shear_error_pct": 3.2176349700856304,
        "mode_shape_mac": 0.9470330341716836,
        "buckling_factor_error_pct": 4.106354211046121,
        "equilibrium_residual_mean": 0.07292208961958013
      }
    },
    "topk_residual_meta": {
      "train": {
        "case_count": 70,
        "drift_error_pct": 78061.66980775644,
        "base_shear_error_pct": 35570.811299385954,
        "mode_shape_mac": 0.9425750741202916,
        "buckling_factor_error_pct": 28601.833575597702,
        "equilibrium_residual_mean": 0.006571649547134127
      },
      "val": {
        "case_count": 10,
        "drift_error_pct": 85993.32888301126,
        "base_shear_error_pct": 38726.25737644818,
        "mode_shape_mac": 1.0,
        "buckling_factor_error_pct": 31463.540233265267,
        "equilibrium_residual_mean": 0.0
      },
      "test": {
        "case_count": 19,
        "drift_error_pct": 75067.75902709043,
        "base_shear_error_pct": 33806.69263089931,
        "mode_shape_mac": 0.9987955814913699,
        "buckling_factor_error_pct": 27466.994053439088,
        "equilibrium_residual_mean": 0.0079327382539448
      },
      "all": {
        "case_count": 99,
        "drift_error_pct": 78288.25855442208,
        "base_shear_error_pct": 35550.974997056415,
        "mode_shape_mac": 0.9591653660278429,
        "buckling_factor_error_pct": 28673.097370099345,
        "equilibrium_residual_mean": 0.0061690656073165664
      }
    },
    "improvement_pct": {
      "drift_error_reduction_pct": -1298227.0227437408,
      "base_shear_error_reduction_pct": -1104779.0595444797,
      "buckling_error_reduction_pct": -698161.6670760773,
      "mode_shape_mac_gain_pct": 1.281088559573924
    }
  },
  "training": {
    "epochs": 24,
    "branches": 10,
    "top_k": 3,
    "lr": 0.055,
    "epsilon": 0.11,
    "temperature": 0.32,
    "seed": 11,
    "final_total_loss": 715.6453247070312,
    "final_weighted_loss": 715.6448974609375,
    "last_selected_branch_ids": [
      4,
      2,
      0
    ],
    "last_selected_weights": [
      1.0,
      4.038258224081347e-164,
      0.0
    ],
    "param_vector": [
      0.08757191896438599,
      -0.017472995445132256,
      0.06534170359373093,
      -0.10568127781152725,
      0.15048742294311523,
      0.04031908139586449,
      -0.019925367087125778,
      0.1963842213153839,
      -0.016260549426078796,
      0.2762661278247833,
      0.0,
      0.0,
      -0.6178125739097595,
      0.0,
      0.0,
      -0.6178125739097595,
      0.0
    ]
  },
  "metric_source_validation": {
    "enabled": true,
    "accepted_metric_sources": [
      "commercial_solver_export",
      "engine_export_direct",
      "open_data_measurement"
    ],
    "global_metric_source": "open_data_measurement",
    "missing_metric_source_case_ids": [],
    "invalid_metric_source_case_ids": [],
    "pass": true
  }
}