{
  "schema_version": "1.1",
  "run_id": "phase1-hf-benchmark-topk-residual-meta",
  "generated_at": "2026-03-01T11:32:20.760181+00:00",
  "algorithm": "topk_weighted_residual_correction_with_meta_learning",
  "contract_pass": true,
  "reason_code": "PASS",
  "reason": "top-k residual/meta benchmark KPI thresholds satisfied",
  "kpi_pass": true,
  "metrics": {
    "drift_error_pct": 1.7965012210271947,
    "base_shear_error_pct": 2.7342961761485505,
    "mode_shape_mac": 0.9804579317569733,
    "buckling_factor_error_pct": 6.521361110960718
  },
  "checks": {
    "drift_ok": true,
    "base_shear_ok": true,
    "mac_ok": true,
    "buckling_factor_ok": true,
    "improves_over_lf": true
  },
  "target_split": "test",
  "comparison": {
    "baseline_lf": {
      "train": {
        "case_count": 14,
        "drift_error_pct": 15.914609567094965,
        "base_shear_error_pct": 9.548765740256977,
        "mode_shape_mac": 0.9429197008464936,
        "buckling_factor_error_pct": 11.140226696966467,
        "equilibrium_residual_mean": 1.2840498075913913
      },
      "val": {
        "case_count": 4,
        "drift_error_pct": 17.23259432579613,
        "base_shear_error_pct": 10.339556595477672,
        "mode_shape_mac": 0.9454547716680861,
        "buckling_factor_error_pct": 12.062816028057282,
        "equilibrium_residual_mean": 1.934706364504704
      },
      "test": {
        "case_count": 4,
        "drift_error_pct": 14.666430154999938,
        "base_shear_error_pct": 8.350799773966964,
        "mode_shape_mac": 0.9147277216430914,
        "buckling_factor_error_pct": 12.51062543900417,
        "equilibrium_residual_mean": 0.8208522672320073
      },
      "all": {
        "case_count": 22,
        "drift_error_pct": 15.927301448296083,
        "base_shear_error_pct": 9.474733901880738,
        "mode_shape_mac": 0.9382548084134374,
        "buckling_factor_error_pct": 11.55713361935347,
        "equilibrium_residual_mean": 1.318133265146651
      }
    },
    "topk_residual_meta": {
      "train": {
        "case_count": 14,
        "drift_error_pct": 5.721731778818749,
        "base_shear_error_pct": 4.4178664648916985,
        "mode_shape_mac": 0.9960242850439889,
        "buckling_factor_error_pct": 3.9039823299708565,
        "equilibrium_residual_mean": 1.2539389346327101
      },
      "val": {
        "case_count": 4,
        "drift_error_pct": 4.691382455828657,
        "base_shear_error_pct": 4.125274303332628,
        "mode_shape_mac": 0.9965275973081589,
        "buckling_factor_error_pct": 3.5218661226183583,
        "equilibrium_residual_mean": 1.8932503163814545
      },
      "test": {
        "case_count": 4,
        "drift_error_pct": 1.7965012210271947,
        "base_shear_error_pct": 2.7342961761485505,
        "mode_shape_mac": 0.9804579317569733,
        "buckling_factor_error_pct": 6.521361110960718,
        "equilibrium_residual_mean": 0.8041196428239346
      },
      "all": {
        "case_count": 22,
        "drift_error_pct": 4.820717255040268,
        "base_shear_error_pct": 4.058564201200386,
        "mode_shape_mac": 0.9932855503125624,
        "buckling_factor_error_pct": 4.310393706995832,
        "equilibrium_residual_mean": 1.2883920418945225
      }
    },
    "improvement_pct": {
      "drift_error_reduction_pct": 87.75093051246184,
      "base_shear_error_reduction_pct": 67.2570741706378,
      "buckling_error_reduction_pct": 47.87342053556189,
      "mode_shape_mac_gain_pct": 7.185767803758389
    }
  },
  "training": {
    "epochs": 8,
    "branches": 10,
    "top_k": 3,
    "lr": 0.055,
    "epsilon": 0.11,
    "temperature": 0.32,
    "seed": 23,
    "final_total_loss": 0.14863787591457367,
    "final_weighted_loss": 0.14790646731853485,
    "last_selected_branch_ids": [
      2,
      7,
      1
    ],
    "last_selected_weights": [
      0.3534980840472472,
      0.3266944437549711,
      0.3198074721977818
    ],
    "param_vector": [
      0.3571290969848633,
      -0.33142009377479553,
      0.2741108238697052,
      -0.35931849479675293,
      0.032292887568473816,
      -0.38580718636512756,
      0.3569484055042267,
      -0.3051854074001312,
      0.3757869601249695,
      -0.1477610319852829,
      0.2751483619213104,
      0.2889505624771118,
      0.3183349072933197,
      0.0,
      0.2194419801235199,
      0.3012527525424957,
      0.408020943403244
    ]
  },
  "metric_source_validation": {
    "enabled": true,
    "accepted_metric_sources": [
      "commercial_solver_export",
      "engine_export_direct",
      "open_data_measurement"
    ],
    "global_metric_source": "open_data_measurement",
    "missing_metric_source_case_ids": [],
    "invalid_metric_source_case_ids": [],
    "pass": true
  }
}