{
  "schema_version": "1.1",
  "run_id": "phase1-hf-benchmark-topk-residual-meta",
  "generated_at": "2026-03-01T06:47:49.131471+00:00",
  "algorithm": "topk_weighted_residual_correction_with_meta_learning",
  "contract_pass": true,
  "reason_code": "PASS",
  "reason": "top-k residual/meta benchmark KPI thresholds satisfied",
  "kpi_pass": true,
  "metrics": {
    "drift_error_pct": 2.887218329228592,
    "base_shear_error_pct": 1.776857183637134,
    "mode_shape_mac": 0.9994266315510398,
    "buckling_factor_error_pct": 2.0919701080455
  },
  "checks": {
    "drift_ok": true,
    "base_shear_ok": true,
    "mac_ok": true,
    "buckling_factor_ok": true,
    "improves_over_lf": true
  },
  "target_split": "test",
  "comparison": {
    "baseline_lf": {
      "train": {
        "case_count": 70,
        "drift_error_pct": 6.317791803398774,
        "base_shear_error_pct": 3.474785491869327,
        "mode_shape_mac": 0.9868916783045161,
        "buckling_factor_error_pct": 3.9170309181072396,
        "equilibrium_residual_mean": 0.08207292269948237
      },
      "val": {
        "case_count": 10,
        "drift_error_pct": 6.370845455888732,
        "base_shear_error_pct": 3.5039650007387997,
        "mode_shape_mac": 0.9867937605543295,
        "buckling_factor_error_pct": 3.949924182651015,
        "equilibrium_residual_mean": 0.08369518549561979
      },
      "test": {
        "case_count": 19,
        "drift_error_pct": 8.348966936214461,
        "base_shear_error_pct": 4.6972581519918934,
        "mode_shape_mac": 0.9813628844943459,
        "buckling_factor_error_pct": 5.666197335761448,
        "equilibrium_residual_mean": 0.08228961544442612
      },
      "all": {
        "case_count": 99,
        "drift_error_pct": 6.71297224833208,
        "base_shear_error_pct": 3.7123488820816846,
        "mode_shape_mac": 0.9858207059823436,
        "buckling_factor_error_pct": 4.256052075489742,
        "equilibrium_residual_mean": 0.0822783751248895
      }
    },
    "topk_residual_meta": {
      "train": {
        "case_count": 70,
        "drift_error_pct": 0.3518558085963265,
        "base_shear_error_pct": 0.15084042948094661,
        "mode_shape_mac": 1.0,
        "buckling_factor_error_pct": 0.22061073394173183,
        "equilibrium_residual_mean": 0.06581060806555407
      },
      "val": {
        "case_count": 10,
        "drift_error_pct": 0.26251540092482756,
        "base_shear_error_pct": 0.09983849116080522,
        "mode_shape_mac": 1.0,
        "buckling_factor_error_pct": 0.17031491676935592,
        "equilibrium_residual_mean": 0.06681238673627377
      },
      "test": {
        "case_count": 19,
        "drift_error_pct": 2.887218329228592,
        "base_shear_error_pct": 1.776857183637134,
        "mode_shape_mac": 0.9994266315510398,
        "buckling_factor_error_pct": 2.0919701080455,
        "equilibrium_residual_mean": 0.06579722150375969
      },
      "all": {
        "case_count": 99,
        "drift_error_pct": 0.8294162511750942,
        "base_shear_error_pct": 0.457752540044241,
        "mode_shape_mac": 0.9998899595906036,
        "buckling_factor_error_pct": 0.5746801272371647,
        "equilibrium_residual_mean": 0.06590922869215107
      }
    },
    "improvement_pct": {
      "drift_error_reduction_pct": 65.41825651859993,
      "base_shear_error_reduction_pct": 62.17246048349184,
      "buckling_error_reduction_pct": 63.07982260267728,
      "mode_shape_mac_gain_pct": 1.8406796651986042
    }
  },
  "training": {
    "epochs": 60,
    "branches": 10,
    "top_k": 3,
    "lr": 0.055,
    "epsilon": 0.11,
    "temperature": 0.32,
    "seed": 11,
    "final_total_loss": 0.011464450508356094,
    "final_weighted_loss": 0.009147636592388153,
    "last_selected_branch_ids": [
      8,
      3,
      5
    ],
    "last_selected_weights": [
      0.33467298255599126,
      0.33283179067133156,
      0.3324952267726771
    ],
    "param_vector": [
      0.5528373718261719,
      -0.32730650901794434,
      0.5117653012275696,
      -0.37060752511024475,
      1.8885912895202637,
      -0.06002317741513252,
      -0.03737875819206238,
      0.11886662244796753,
      -0.008051540702581406,
      0.08505339175462723,
      0.0,
      0.0,
      0.303227037191391,
      0.0,
      0.0,
      0.303227037191391,
      0.0
    ]
  },
  "metric_source_validation": {
    "enabled": true,
    "accepted_metric_sources": [
      "commercial_solver_export",
      "engine_export_direct",
      "open_data_measurement"
    ],
    "global_metric_source": "open_data_measurement",
    "missing_metric_source_case_ids": [],
    "invalid_metric_source_case_ids": [],
    "pass": true
  }
}