{
  "schema_version": "1.1",
  "run_id": "phase1-hf-benchmark-topk-residual-meta",
  "generated_at": "2026-03-01T11:32:12.813441+00:00",
  "algorithm": "topk_weighted_residual_correction_with_meta_learning",
  "contract_pass": true,
  "reason_code": "PASS",
  "reason": "top-k residual/meta benchmark KPI thresholds satisfied",
  "kpi_pass": true,
  "metrics": {
    "drift_error_pct": 8.693363462669371,
    "base_shear_error_pct": 2.8868429744761457,
    "mode_shape_mac": 0.9849524348974228,
    "buckling_factor_error_pct": 9.256892290957175
  },
  "checks": {
    "drift_ok": true,
    "base_shear_ok": true,
    "mac_ok": true,
    "buckling_factor_ok": true,
    "improves_over_lf": true
  },
  "target_split": "test",
  "comparison": {
    "baseline_lf": {
      "train": {
        "case_count": 14,
        "drift_error_pct": 15.914609567094965,
        "base_shear_error_pct": 9.548765740256977,
        "mode_shape_mac": 0.9429197008464936,
        "buckling_factor_error_pct": 11.140226696966467,
        "equilibrium_residual_mean": 1.2840498075913913
      },
      "val": {
        "case_count": 4,
        "drift_error_pct": 17.23259432579613,
        "base_shear_error_pct": 10.339556595477672,
        "mode_shape_mac": 0.9454547716680861,
        "buckling_factor_error_pct": 12.062816028057282,
        "equilibrium_residual_mean": 1.934706364504704
      },
      "test": {
        "case_count": 4,
        "drift_error_pct": 20.29349335049998,
        "base_shear_error_pct": 11.195861016854154,
        "mode_shape_mac": 0.9019141000180558,
        "buckling_factor_error_pct": 19.563258905424565,
        "equilibrium_residual_mean": 0.7547588886742073
      },
      "all": {
        "case_count": 22,
        "drift_error_pct": 16.950403847477908,
        "base_shear_error_pct": 9.992017764223862,
        "mode_shape_mac": 0.9359250590270672,
        "buckling_factor_error_pct": 12.839430613248089,
        "equilibrium_residual_mean": 1.306116287227051
      }
    },
    "topk_residual_meta": {
      "train": {
        "case_count": 14,
        "drift_error_pct": 5.721731778818749,
        "base_shear_error_pct": 4.4178664648916985,
        "mode_shape_mac": 0.9960242850439889,
        "buckling_factor_error_pct": 3.9039823299708565,
        "equilibrium_residual_mean": 1.2539389346327101
      },
      "val": {
        "case_count": 4,
        "drift_error_pct": 4.691382455828657,
        "base_shear_error_pct": 4.125274303332628,
        "mode_shape_mac": 0.9965275973081589,
        "buckling_factor_error_pct": 3.5218661226183583,
        "equilibrium_residual_mean": 1.8932503163814545
      },
      "test": {
        "case_count": 4,
        "drift_error_pct": 8.693363462669371,
        "base_shear_error_pct": 2.8868429744761457,
        "mode_shape_mac": 0.9849524348974228,
        "buckling_factor_error_pct": 9.256892290957175,
        "equilibrium_residual_mean": 0.7390590980648994
      },
      "all": {
        "case_count": 22,
        "drift_error_pct": 6.074692208066119,
        "base_shear_error_pct": 4.086299982714494,
        "mode_shape_mac": 0.9941027327017351,
        "buckling_factor_error_pct": 4.807763012449732,
        "equilibrium_residual_mean": 1.2765628519383343
      }
    },
    "improvement_pct": {
      "drift_error_reduction_pct": 57.161818753816526,
      "base_shear_error_reduction_pct": 74.21508743159355,
      "buckling_error_reduction_pct": 52.682258432973086,
      "mode_shape_mac_gain_pct": 9.20690062143441
    }
  },
  "training": {
    "epochs": 8,
    "branches": 10,
    "top_k": 3,
    "lr": 0.055,
    "epsilon": 0.11,
    "temperature": 0.32,
    "seed": 23,
    "final_total_loss": 0.14863787591457367,
    "final_weighted_loss": 0.14790646731853485,
    "last_selected_branch_ids": [
      2,
      7,
      1
    ],
    "last_selected_weights": [
      0.3534980840472472,
      0.3266944437549711,
      0.3198074721977818
    ],
    "param_vector": [
      0.3571290969848633,
      -0.33142009377479553,
      0.2741108238697052,
      -0.35931849479675293,
      0.032292887568473816,
      -0.38580718636512756,
      0.3569484055042267,
      -0.3051854074001312,
      0.3757869601249695,
      -0.1477610319852829,
      0.2751483619213104,
      0.2889505624771118,
      0.3183349072933197,
      0.0,
      0.2194419801235199,
      0.3012527525424957,
      0.408020943403244
    ]
  },
  "metric_source_validation": {
    "enabled": true,
    "accepted_metric_sources": [
      "commercial_solver_export",
      "engine_export_direct",
      "open_data_measurement"
    ],
    "global_metric_source": "open_data_measurement",
    "missing_metric_source_case_ids": [],
    "invalid_metric_source_case_ids": [],
    "pass": true
  }
}