{
  "schema_version": "1.1",
  "run_id": "phase1-hf-benchmark-topk-residual-meta",
  "generated_at": "2026-03-01T13:27:46.247403+00:00",
  "algorithm": "topk_weighted_residual_correction_with_meta_learning",
  "contract_pass": true,
  "reason_code": "PASS",
  "reason": "top-k residual/meta benchmark KPI thresholds satisfied",
  "kpi_pass": true,
  "metrics": {
    "drift_error_pct": 0.1900436681382406,
    "base_shear_error_pct": 0.10883640535611568,
    "mode_shape_mac": 0.8728015542030334,
    "buckling_factor_error_pct": 0.15769587111656463
  },
  "checks": {
    "drift_ok": true,
    "base_shear_ok": true,
    "mac_ok": true,
    "buckling_factor_ok": true,
    "improves_over_lf": true
  },
  "target_split": "test",
  "comparison": {
    "baseline_lf": {
      "train": {
        "case_count": 21,
        "drift_error_pct": 5.5515559128379,
        "base_shear_error_pct": 3.053355752060845,
        "mode_shape_mac": 0.8682812729378536,
        "buckling_factor_error_pct": 3.4419646659594965,
        "equilibrium_residual_mean": 0.058643131912554415
      },
      "val": {
        "case_count": 3,
        "drift_error_pct": 5.545811899296258,
        "base_shear_error_pct": 3.050196544612941,
        "mode_shape_mac": 0.8705823806650214,
        "buckling_factor_error_pct": 3.4384033775636773,
        "equilibrium_residual_mean": 0.05846749274292551
      },
      "test": {
        "case_count": 5,
        "drift_error_pct": 5.517403693372837,
        "base_shear_error_pct": 3.0345720313550557,
        "mode_shape_mac": 0.8619795746360743,
        "buckling_factor_error_pct": 3.420790289891154,
        "equilibrium_residual_mean": 0.05759883293513366
      },
      "all": {
        "case_count": 29,
        "drift_error_pct": 5.545073390839616,
        "base_shear_error_pct": 3.0497903649617877,
        "mode_shape_mac": 0.8674328188575986,
        "buckling_factor_error_pct": 3.437945502320559,
        "equilibrium_residual_mean": 0.05844491079545129
      }
    },
    "topk_residual_meta": {
      "train": {
        "case_count": 21,
        "drift_error_pct": 0.23129963470079826,
        "base_shear_error_pct": 0.1255954585894147,
        "mode_shape_mac": 0.8793426979155767,
        "buckling_factor_error_pct": 0.16074689869688796,
        "equilibrium_residual_mean": 0.04581213884410404
      },
      "val": {
        "case_count": 3,
        "drift_error_pct": 0.21334714489723208,
        "base_shear_error_pct": 0.11862588971504433,
        "mode_shape_mac": 0.8816021680831909,
        "buckling_factor_error_pct": 0.15590736301866986,
        "equilibrium_residual_mean": 0.04573229451974233
      },
      "test": {
        "case_count": 5,
        "drift_error_pct": 0.1900436681382406,
        "base_shear_error_pct": 0.10883640535611568,
        "mode_shape_mac": 0.8728015542030334,
        "buckling_factor_error_pct": 0.15769587111656463,
        "equilibrium_residual_mean": 0.045276174694299696
      },
      "all": {
        "case_count": 29,
        "drift_error_pct": 0.22232938289998835,
        "base_shear_error_pct": 0.12198497676908343,
        "mode_shape_mac": 0.8784486528100639,
        "buckling_factor_error_pct": 0.15972021783701656,
        "equilibrium_residual_mean": 0.045711471474376215
      }
    },
    "improvement_pct": {
      "drift_error_reduction_pct": 96.55555984843905,
      "base_shear_error_reduction_pct": 96.4134512467804,
      "buckling_error_reduction_pct": 95.39007487297381,
      "mode_shape_mac_gain_pct": 1.2554798147656905
    }
  },
  "training": {
    "epochs": 160,
    "branches": 10,
    "top_k": 3,
    "lr": 0.055,
    "epsilon": 0.11,
    "temperature": 0.32,
    "seed": 23,
    "final_total_loss": 0.012310519814491272,
    "final_weighted_loss": 0.008474810980260372,
    "last_selected_branch_ids": [
      4,
      5,
      2
    ],
    "last_selected_weights": [
      0.3345683352962559,
      0.3332035699166941,
      0.3322280947870501
    ],
    "param_vector": [
      0.5865607261657715,
      -0.35137489438056946,
      0.12610553205013275,
      -0.4049975872039795,
      2.494987964630127,
      0.362901508808136,
      -0.24729089438915253,
      0.04409434646368027,
      -0.2716130316257477,
      0.18913577497005463,
      0.0,
      0.0,
      0.5077976584434509,
      0.0,
      0.0,
      0.5077976584434509,
      0.0
    ]
  },
  "metric_source_validation": {
    "enabled": true,
    "accepted_metric_sources": [
      "commercial_solver_export",
      "engine_export_direct",
      "open_data_measurement"
    ],
    "global_metric_source": "open_data_measurement",
    "missing_metric_source_case_ids": [],
    "invalid_metric_source_case_ids": [],
    "pass": true
  }
}