{
  "schema_version": "1.1",
  "run_id": "phase1-hf-benchmark-topk-residual-meta",
  "generated_at": "2026-03-01T11:31:42.232517+00:00",
  "algorithm": "topk_weighted_residual_correction_with_meta_learning",
  "contract_pass": true,
  "reason_code": "PASS",
  "reason": "top-k residual/meta benchmark KPI thresholds satisfied",
  "kpi_pass": true,
  "metrics": {
    "drift_error_pct": 1.1675912736119884,
    "base_shear_error_pct": 0.31229676045622756,
    "mode_shape_mac": 0.9750526398420334,
    "buckling_factor_error_pct": 0.39368543435436626
  },
  "checks": {
    "drift_ok": true,
    "base_shear_ok": true,
    "mac_ok": true,
    "buckling_factor_ok": true,
    "improves_over_lf": true
  },
  "target_split": "test",
  "comparison": {
    "baseline_lf": {
      "train": {
        "case_count": 14,
        "drift_error_pct": 15.914609567094965,
        "base_shear_error_pct": 9.548765740256977,
        "mode_shape_mac": 0.9429197008464936,
        "buckling_factor_error_pct": 11.140226696966467,
        "equilibrium_residual_mean": 1.2840498075913913
      },
      "val": {
        "case_count": 4,
        "drift_error_pct": 17.23259432579613,
        "base_shear_error_pct": 10.339556595477672,
        "mode_shape_mac": 0.9454547716680861,
        "buckling_factor_error_pct": 12.062816028057282,
        "equilibrium_residual_mean": 1.934706364504704
      },
      "test": {
        "case_count": 4,
        "drift_error_pct": 15.859851979535787,
        "base_shear_error_pct": 9.515911187721477,
        "mode_shape_mac": 0.9353458111557905,
        "buckling_factor_error_pct": 11.101896385675056,
        "equilibrium_residual_mean": 0.8300395818683258
      },
      "all": {
        "case_count": 22,
        "drift_error_pct": 16.144287234575327,
        "base_shear_error_pct": 9.686572340745192,
        "mode_shape_mac": 0.942003551961201,
        "buckling_factor_error_pct": 11.301001064202723,
        "equilibrium_residual_mean": 1.319803685989618
      }
    },
    "topk_residual_meta": {
      "train": {
        "case_count": 14,
        "drift_error_pct": 0.8890997774220087,
        "base_shear_error_pct": 0.6310302959969684,
        "mode_shape_mac": 0.9805131043706622,
        "buckling_factor_error_pct": 0.7619992670221937,
        "equilibrium_residual_mean": 1.2389304978506905
      },
      "val": {
        "case_count": 4,
        "drift_error_pct": 1.9147156579887181,
        "base_shear_error_pct": 1.3880049711105071,
        "mode_shape_mac": 0.9825482219457626,
        "buckling_factor_error_pct": 1.6263040432121074,
        "equilibrium_residual_mean": 1.8711726069450378
      },
      "test": {
        "case_count": 4,
        "drift_error_pct": 1.1675912736119884,
        "base_shear_error_pct": 0.31229676045622756,
        "mode_shape_mac": 0.9750526398420334,
        "buckling_factor_error_pct": 0.39368543435436626,
        "equilibrium_residual_mean": 0.7969807237386703
      },
      "all": {
        "case_count": 22,
        "drift_error_pct": 1.1262102095595887,
        "base_shear_error_pct": 0.7107105031920226,
        "mode_shape_mac": 0.9798903140154752,
        "buckling_factor_error_pct": 0.8521794385716639,
        "equilibrium_residual_mean": 1.2735291042111136
      }
    },
    "improvement_pct": {
      "drift_error_reduction_pct": 92.63806954113727,
      "base_shear_error_reduction_pct": 96.7181623042133,
      "buckling_error_reduction_pct": 96.45389021228532,
      "mode_shape_mac_gain_pct": 4.245149570636109
    }
  },
  "training": {
    "epochs": 60,
    "branches": 10,
    "top_k": 3,
    "lr": 0.06,
    "epsilon": 0.12,
    "temperature": 0.35,
    "seed": 23,
    "final_total_loss": 0.03915395587682724,
    "final_weighted_loss": 0.036455318331718445,
    "last_selected_branch_ids": [
      9,
      0,
      7
    ],
    "last_selected_weights": [
      0.33470670874432495,
      0.33267892338578176,
      0.3326143678698933
    ],
    "param_vector": [
      0.4975917935371399,
      -0.5004938244819641,
      0.17903967201709747,
      -0.6080297827720642,
      -0.0023259480949491262,
      -1.007591962814331,
      0.40362343192100525,
      -0.44153791666030884,
      0.438822865486145,
      -0.6293238997459412,
      -0.16087813675403595,
      -0.1452491283416748,
      -0.12186350673437119,
      0.0,
      -0.30042919516563416,
      -0.2243170142173767,
      1.5473147630691528
    ]
  },
  "metric_source_validation": {
    "enabled": true,
    "accepted_metric_sources": [
      "commercial_solver_export",
      "engine_export_direct",
      "open_data_measurement"
    ],
    "global_metric_source": "open_data_measurement",
    "missing_metric_source_case_ids": [],
    "invalid_metric_source_case_ids": [],
    "pass": true
  }
}