{
  "schema_version": "1.1",
  "run_id": "phase1-hf-benchmark-topk-residual-meta",
  "generated_at": "2026-03-01T06:49:45.161291+00:00",
  "algorithm": "topk_weighted_residual_correction_with_meta_learning",
  "contract_pass": true,
  "reason_code": "PASS",
  "reason": "top-k residual/meta benchmark KPI thresholds satisfied",
  "kpi_pass": true,
  "metrics": {
    "drift_error_pct": 1.3907828307720542,
    "base_shear_error_pct": 0.6864552342276279,
    "mode_shape_mac": 0.9998967208360371,
    "buckling_factor_error_pct": 1.5014078568737104
  },
  "checks": {
    "drift_ok": true,
    "base_shear_ok": true,
    "mac_ok": true,
    "buckling_factor_ok": true,
    "improves_over_lf": true
  },
  "target_split": "test",
  "comparison": {
    "baseline_lf": {
      "train": {
        "case_count": 70,
        "drift_error_pct": 6.317791803398774,
        "base_shear_error_pct": 3.474785491869327,
        "mode_shape_mac": 0.9868916783045161,
        "buckling_factor_error_pct": 3.9170309181072396,
        "equilibrium_residual_mean": 0.08207292269948237
      },
      "val": {
        "case_count": 10,
        "drift_error_pct": 6.370845455888732,
        "base_shear_error_pct": 3.5039650007387997,
        "mode_shape_mac": 0.9867937605543295,
        "buckling_factor_error_pct": 3.949924182651015,
        "equilibrium_residual_mean": 0.08369518549561979
      },
      "test": {
        "case_count": 19,
        "drift_error_pct": 5.700138110754595,
        "base_shear_error_pct": 3.1049608799638087,
        "mode_shape_mac": 0.9805594756276905,
        "buckling_factor_error_pct": 5.177561514829847,
        "equilibrium_residual_mean": 0.08205958348182579
      },
      "all": {
        "case_count": 99,
        "drift_error_pct": 6.20461116061756,
        "base_shear_error_pct": 3.4067564763389204,
        "mode_shape_mac": 0.9856665164018745,
        "buckling_factor_error_pct": 4.162273483593777,
        "equilibrium_residual_mean": 0.08223422757651165
      }
    },
    "topk_residual_meta": {
      "train": {
        "case_count": 70,
        "drift_error_pct": 0.3518558085963265,
        "base_shear_error_pct": 0.15084042948094661,
        "mode_shape_mac": 1.0,
        "buckling_factor_error_pct": 0.22061073394173183,
        "equilibrium_residual_mean": 0.06581060806555407
      },
      "val": {
        "case_count": 10,
        "drift_error_pct": 0.26251540092482756,
        "base_shear_error_pct": 0.09983849116080522,
        "mode_shape_mac": 1.0,
        "buckling_factor_error_pct": 0.17031491676935592,
        "equilibrium_residual_mean": 0.06681238673627377
      },
      "test": {
        "case_count": 19,
        "drift_error_pct": 1.3907828307720542,
        "base_shear_error_pct": 0.6864552342276279,
        "mode_shape_mac": 0.9998967208360371,
        "buckling_factor_error_pct": 1.5014078568737104,
        "equilibrium_residual_mean": 0.065577802493384
      },
      "all": {
        "case_count": 99,
        "drift_error_pct": 0.5422215595521227,
        "base_shear_error_pct": 0.24848347904645715,
        "mode_shape_mac": 0.9999801787463102,
        "buckling_factor_error_pct": 0.4613398972142961,
        "equilibrium_residual_mean": 0.06586711797298807
      }
    },
    "improvement_pct": {
      "drift_error_reduction_pct": 75.60089240385194,
      "base_shear_error_reduction_pct": 77.89166238269549,
      "buckling_error_reduction_pct": 71.00164136006308,
      "mode_shape_mac_gain_pct": 1.9720624489369312
    }
  },
  "training": {
    "epochs": 60,
    "branches": 10,
    "top_k": 3,
    "lr": 0.055,
    "epsilon": 0.11,
    "temperature": 0.32,
    "seed": 11,
    "final_total_loss": 0.011464450508356094,
    "final_weighted_loss": 0.009147636592388153,
    "last_selected_branch_ids": [
      8,
      3,
      5
    ],
    "last_selected_weights": [
      0.33467298255599126,
      0.33283179067133156,
      0.3324952267726771
    ],
    "param_vector": [
      0.5528373718261719,
      -0.32730650901794434,
      0.5117653012275696,
      -0.37060752511024475,
      1.8885912895202637,
      -0.06002317741513252,
      -0.03737875819206238,
      0.11886662244796753,
      -0.008051540702581406,
      0.08505339175462723,
      0.0,
      0.0,
      0.303227037191391,
      0.0,
      0.0,
      0.303227037191391,
      0.0
    ]
  },
  "metric_source_validation": {
    "enabled": true,
    "accepted_metric_sources": [
      "commercial_solver_export",
      "engine_export_direct",
      "open_data_measurement"
    ],
    "global_metric_source": "open_data_measurement",
    "missing_metric_source_case_ids": [],
    "invalid_metric_source_case_ids": [],
    "pass": true
  }
}