{
  "schema_version": "1.1",
  "run_id": "phase1-hf-benchmark-topk-residual-meta",
  "generated_at": "2026-03-01T11:32:23.402625+00:00",
  "algorithm": "topk_weighted_residual_correction_with_meta_learning",
  "contract_pass": true,
  "reason_code": "PASS",
  "reason": "top-k residual/meta benchmark KPI thresholds satisfied",
  "kpi_pass": true,
  "metrics": {
    "drift_error_pct": 2.1728725177385124,
    "base_shear_error_pct": 2.2265759196884884,
    "mode_shape_mac": 0.9769106954336166,
    "buckling_factor_error_pct": 2.4263088369232615
  },
  "checks": {
    "drift_ok": true,
    "base_shear_ok": true,
    "mac_ok": true,
    "buckling_factor_ok": true,
    "improves_over_lf": true
  },
  "target_split": "test",
  "comparison": {
    "baseline_lf": {
      "train": {
        "case_count": 14,
        "drift_error_pct": 15.914609567094965,
        "base_shear_error_pct": 9.548765740256977,
        "mode_shape_mac": 0.9429197008464936,
        "buckling_factor_error_pct": 11.140226696966467,
        "equilibrium_residual_mean": 1.2840498075913913
      },
      "val": {
        "case_count": 4,
        "drift_error_pct": 17.23259432579613,
        "base_shear_error_pct": 10.339556595477672,
        "mode_shape_mac": 0.9454547716680861,
        "buckling_factor_error_pct": 12.062816028057282,
        "equilibrium_residual_mean": 1.934706364504704
      },
      "test": {
        "case_count": 4,
        "drift_error_pct": 14.554352000790473,
        "base_shear_error_pct": 9.418845040998928,
        "mode_shape_mac": 0.9156317309959447,
        "buckling_factor_error_pct": 12.41627934038868,
        "equilibrium_residual_mean": 0.8316642385872774
      },
      "all": {
        "case_count": 22,
        "drift_error_pct": 15.906923602076176,
        "base_shear_error_pct": 9.668923950432001,
        "mode_shape_mac": 0.9384191737503197,
        "buckling_factor_error_pct": 11.539979783241563,
        "equilibrium_residual_mean": 1.3200990781203366
      }
    },
    "topk_residual_meta": {
      "train": {
        "case_count": 14,
        "drift_error_pct": 6.032699901458301,
        "base_shear_error_pct": 3.227223670454401,
        "mode_shape_mac": 0.9943740963935852,
        "buckling_factor_error_pct": 3.2428515240227624,
        "equilibrium_residual_mean": 1.2533151294503893
      },
      "val": {
        "case_count": 4,
        "drift_error_pct": 4.884688806386112,
        "base_shear_error_pct": 2.808186496675305,
        "mode_shape_mac": 0.9957315027713776,
        "buckling_factor_error_pct": 2.7478202918939214,
        "equilibrium_residual_mean": 1.892523616552353
      },
      "test": {
        "case_count": 4,
        "drift_error_pct": 2.1728725177385124,
        "base_shear_error_pct": 2.2265759196884884,
        "mode_shape_mac": 0.9769106954336166,
        "buckling_factor_error_pct": 2.4263088369232615,
        "equilibrium_residual_mean": 0.8144028075039387
      },
      "all": {
        "case_count": 22,
        "drift_error_pct": 5.122183814405213,
        "base_shear_error_pct": 2.969099138718945,
        "mode_shape_mac": 0.9914457337422804,
        "buckling_factor_error_pct": 3.0043835387085185,
        "equilibrium_residual_mean": 1.289732614024119
      }
    },
    "improvement_pct": {
      "drift_error_reduction_pct": 85.07063373470355,
      "base_shear_error_reduction_pct": 76.36041457316145,
      "buckling_error_reduction_pct": 80.45864811505353,
      "mode_shape_mac_gain_pct": 6.692533948230251
    }
  },
  "training": {
    "epochs": 8,
    "branches": 10,
    "top_k": 3,
    "lr": 0.055,
    "epsilon": 0.11,
    "temperature": 0.32,
    "seed": 47,
    "final_total_loss": 0.1387542486190796,
    "final_weighted_loss": 0.1380692720413208,
    "last_selected_branch_ids": [
      0,
      3,
      8
    ],
    "last_selected_weights": [
      0.34005595873638755,
      0.330186139117244,
      0.3297579021463684
    ],
    "param_vector": [
      0.3696671426296234,
      -0.298610121011734,
      0.22216668725013733,
      -0.34310629963874817,
      0.03379660099744797,
      -0.3938460350036621,
      0.3341081142425537,
      -0.27689868211746216,
      0.36552929878234863,
      -0.14874742925167084,
      0.26829421520233154,
      0.26434439420700073,
      0.29814571142196655,
      0.0,
      0.23640742897987366,
      0.2773960828781128,
      0.4133211374282837
    ]
  },
  "metric_source_validation": {
    "enabled": true,
    "accepted_metric_sources": [
      "commercial_solver_export",
      "engine_export_direct",
      "open_data_measurement"
    ],
    "global_metric_source": "open_data_measurement",
    "missing_metric_source_case_ids": [],
    "invalid_metric_source_case_ids": [],
    "pass": true
  }
}