{
  "schema_version": "1.1",
  "run_id": "phase1-hf-benchmark-topk-residual-meta",
  "generated_at": "2026-03-01T06:51:21.855284+00:00",
  "algorithm": "topk_weighted_residual_correction_with_meta_learning",
  "contract_pass": true,
  "reason_code": "PASS",
  "reason": "top-k residual/meta benchmark KPI thresholds satisfied",
  "kpi_pass": true,
  "metrics": {
    "drift_error_pct": 1.0917024395253598,
    "base_shear_error_pct": 1.3535789863541603,
    "mode_shape_mac": 1.0,
    "buckling_factor_error_pct": 2.37405040795868
  },
  "checks": {
    "drift_ok": true,
    "base_shear_ok": true,
    "mac_ok": true,
    "buckling_factor_ok": true,
    "improves_over_lf": true
  },
  "target_split": "test",
  "comparison": {
    "baseline_lf": {
      "train": {
        "case_count": 70,
        "drift_error_pct": 6.317791803398774,
        "base_shear_error_pct": 3.474785491869327,
        "mode_shape_mac": 0.9868916783045161,
        "buckling_factor_error_pct": 3.9170309181072396,
        "equilibrium_residual_mean": 0.08207292269948237
      },
      "val": {
        "case_count": 10,
        "drift_error_pct": 6.370845455888732,
        "base_shear_error_pct": 3.5039650007387997,
        "mode_shape_mac": 0.9867937605543295,
        "buckling_factor_error_pct": 3.949924182651015,
        "equilibrium_residual_mean": 0.08369518549561979
      },
      "test": {
        "case_count": 19,
        "drift_error_pct": 6.447284284748745,
        "base_shear_error_pct": 3.4238723897795316,
        "mode_shape_mac": 0.9798623565023696,
        "buckling_factor_error_pct": 5.464379104174279,
        "equilibrium_residual_mean": 0.08245734282105384
      },
      "all": {
        "case_count": 99,
        "drift_error_pct": 6.348002850576034,
        "base_shear_error_pct": 3.467961715596484,
        "mode_shape_mac": 0.9855327258626715,
        "buckling_factor_error_pct": 4.217319283568972,
        "equilibrium_residual_mean": 0.08231056522747461
      }
    },
    "topk_residual_meta": {
      "train": {
        "case_count": 70,
        "drift_error_pct": 0.37913670246763204,
        "base_shear_error_pct": 0.20417410440203684,
        "mode_shape_mac": 1.0,
        "buckling_factor_error_pct": 0.3858194793091479,
        "equilibrium_residual_mean": 0.0655160803347826
      },
      "val": {
        "case_count": 10,
        "drift_error_pct": 0.2893939194312142,
        "base_shear_error_pct": 0.20771407451641916,
        "mode_shape_mac": 1.0,
        "buckling_factor_error_pct": 0.3352399011350419,
        "equilibrium_residual_mean": 0.06650731489062309
      },
      "test": {
        "case_count": 19,
        "drift_error_pct": 1.0917024395253598,
        "base_shear_error_pct": 1.3535789863541603,
        "mode_shape_mac": 1.0,
        "buckling_factor_error_pct": 2.37405040795868,
        "equilibrium_residual_mean": 0.0656032536767031
      },
      "all": {
        "case_count": 99,
        "drift_error_pct": 0.5068268153336182,
        "base_shear_error_pct": 0.4251245332730891,
        "mode_shape_mac": 1.0,
        "buckling_factor_error_pct": 0.762290104183896,
        "equilibrium_residual_mean": 0.06563293527473103
      }
    },
    "improvement_pct": {
      "drift_error_reduction_pct": 83.06725139904539,
      "base_shear_error_reduction_pct": 60.46643004585462,
      "buckling_error_reduction_pct": 56.55406840010193,
      "mode_shape_mac_gain_pct": 2.0551502324787663
    }
  },
  "training": {
    "epochs": 60,
    "branches": 10,
    "top_k": 3,
    "lr": 0.055,
    "epsilon": 0.11,
    "temperature": 0.32,
    "seed": 47,
    "final_total_loss": 0.013720312155783176,
    "final_weighted_loss": 0.01140725240111351,
    "last_selected_branch_ids": [
      3,
      1,
      2
    ],
    "last_selected_weights": [
      0.3341638002009278,
      0.3330730024532086,
      0.3327631973458636
    ],
    "param_vector": [
      0.5497851967811584,
      -0.361221581697464,
      0.5251998901367188,
      -0.36481785774230957,
      1.907470703125,
      -0.0779087021946907,
      0.017678111791610718,
      0.07871466875076294,
      0.06863077729940414,
      0.1016552522778511,
      0.0,
      0.0,
      0.30858391523361206,
      0.0,
      0.0,
      0.30858391523361206,
      0.0
    ]
  },
  "metric_source_validation": {
    "enabled": true,
    "accepted_metric_sources": [
      "commercial_solver_export",
      "engine_export_direct",
      "open_data_measurement"
    ],
    "global_metric_source": "open_data_measurement",
    "missing_metric_source_case_ids": [],
    "invalid_metric_source_case_ids": [],
    "pass": true
  }
}