{
  "schema_version": "1.1",
  "run_id": "phase1-hf-benchmark-topk-residual-meta",
  "generated_at": "2026-03-01T11:32:28.693591+00:00",
  "algorithm": "topk_weighted_residual_correction_with_meta_learning",
  "contract_pass": true,
  "reason_code": "PASS",
  "reason": "top-k residual/meta benchmark KPI thresholds satisfied",
  "kpi_pass": true,
  "metrics": {
    "drift_error_pct": 2.132681192609993,
    "base_shear_error_pct": 6.9720447020434815,
    "mode_shape_mac": 0.954799696803093,
    "buckling_factor_error_pct": 16.493352062674845
  },
  "checks": {
    "drift_ok": true,
    "base_shear_ok": true,
    "mac_ok": true,
    "buckling_factor_ok": true,
    "improves_over_lf": true
  },
  "target_split": "test",
  "comparison": {
    "baseline_lf": {
      "train": {
        "case_count": 14,
        "drift_error_pct": 15.914609567094965,
        "base_shear_error_pct": 9.548765740256977,
        "mode_shape_mac": 0.9429197008464936,
        "buckling_factor_error_pct": 11.140226696966467,
        "equilibrium_residual_mean": 1.2840498075913913
      },
      "val": {
        "case_count": 4,
        "drift_error_pct": 17.23259432579613,
        "base_shear_error_pct": 10.339556595477672,
        "mode_shape_mac": 0.9454547716680861,
        "buckling_factor_error_pct": 12.062816028057282,
        "equilibrium_residual_mean": 1.934706364504704
      },
      "test": {
        "case_count": 4,
        "drift_error_pct": 12.859678092190277,
        "base_shear_error_pct": 12.34055845276661,
        "mode_shape_mac": 0.8706256186162478,
        "buckling_factor_error_pct": 25.919596572499486,
        "equilibrium_residual_mean": 0.8169865114985856
      },
      "all": {
        "case_count": 22,
        "drift_error_pct": 15.59880107323978,
        "base_shear_error_pct": 10.200144570753398,
        "mode_shape_mac": 0.9302362442267385,
        "buckling_factor_error_pct": 13.995128370898074,
        "equilibrium_residual_mean": 1.317430400467847
      }
    },
    "topk_residual_meta": {
      "train": {
        "case_count": 14,
        "drift_error_pct": 5.721731778818749,
        "base_shear_error_pct": 4.4178664648916985,
        "mode_shape_mac": 0.9960242850439889,
        "buckling_factor_error_pct": 3.9039823299708565,
        "equilibrium_residual_mean": 1.2539389346327101
      },
      "val": {
        "case_count": 4,
        "drift_error_pct": 4.691382455828657,
        "base_shear_error_pct": 4.125274303332628,
        "mode_shape_mac": 0.9965275973081589,
        "buckling_factor_error_pct": 3.5218661226183583,
        "equilibrium_residual_mean": 1.8932503163814545
      },
      "test": {
        "case_count": 4,
        "drift_error_pct": 2.132681192609993,
        "base_shear_error_pct": 6.9720447020434815,
        "mode_shape_mac": 0.954799696803093,
        "buckling_factor_error_pct": 16.493352062674845,
        "equilibrium_residual_mean": 0.8004242368042469
      },
      "all": {
        "case_count": 22,
        "drift_error_pct": 4.88184088623714,
        "base_shear_error_pct": 4.829063933181282,
        "mode_shape_mac": 0.9886204166845842,
        "buckling_factor_error_pct": 6.123482970943855,
        "equilibrium_residual_mean": 1.287720149890943
      }
    },
    "improvement_pct": {
      "drift_error_reduction_pct": 83.41574977755332,
      "base_shear_error_reduction_pct": 43.50300491887034,
      "buckling_error_reduction_pct": 36.367250097657084,
      "mode_shape_mac_gain_pct": 9.668228959380903
    }
  },
  "training": {
    "epochs": 8,
    "branches": 10,
    "top_k": 3,
    "lr": 0.055,
    "epsilon": 0.11,
    "temperature": 0.32,
    "seed": 23,
    "final_total_loss": 0.14863787591457367,
    "final_weighted_loss": 0.14790646731853485,
    "last_selected_branch_ids": [
      2,
      7,
      1
    ],
    "last_selected_weights": [
      0.3534980840472472,
      0.3266944437549711,
      0.3198074721977818
    ],
    "param_vector": [
      0.3571290969848633,
      -0.33142009377479553,
      0.2741108238697052,
      -0.35931849479675293,
      0.032292887568473816,
      -0.38580718636512756,
      0.3569484055042267,
      -0.3051854074001312,
      0.3757869601249695,
      -0.1477610319852829,
      0.2751483619213104,
      0.2889505624771118,
      0.3183349072933197,
      0.0,
      0.2194419801235199,
      0.3012527525424957,
      0.408020943403244
    ]
  },
  "metric_source_validation": {
    "enabled": true,
    "accepted_metric_sources": [
      "commercial_solver_export",
      "engine_export_direct",
      "open_data_measurement"
    ],
    "global_metric_source": "open_data_measurement",
    "missing_metric_source_case_ids": [],
    "invalid_metric_source_case_ids": [],
    "pass": true
  }
}