{
  "schema_version": "1.1",
  "run_id": "phase1-hf-benchmark-topk-residual-meta",
  "generated_at": "2026-03-01T11:32:02.089052+00:00",
  "algorithm": "topk_weighted_residual_correction_with_meta_learning",
  "contract_pass": true,
  "reason_code": "PASS",
  "reason": "top-k residual/meta benchmark KPI thresholds satisfied",
  "kpi_pass": true,
  "metrics": {
    "drift_error_pct": 1.9173536798183801,
    "base_shear_error_pct": 1.3051428901440594,
    "mode_shape_mac": 0.9921828806400299,
    "buckling_factor_error_pct": 1.2848627801669956
  },
  "checks": {
    "drift_ok": true,
    "base_shear_ok": true,
    "mac_ok": true,
    "buckling_factor_ok": true,
    "improves_over_lf": true
  },
  "target_split": "test",
  "comparison": {
    "baseline_lf": {
      "train": {
        "case_count": 14,
        "drift_error_pct": 15.914609567094965,
        "base_shear_error_pct": 9.548765740256977,
        "mode_shape_mac": 0.9429197008464936,
        "buckling_factor_error_pct": 11.140226696966467,
        "equilibrium_residual_mean": 1.2840498075913913
      },
      "val": {
        "case_count": 4,
        "drift_error_pct": 17.23259432579613,
        "base_shear_error_pct": 10.339556595477672,
        "mode_shape_mac": 0.9454547716680861,
        "buckling_factor_error_pct": 12.062816028057282,
        "equilibrium_residual_mean": 1.934706364504704
      },
      "test": {
        "case_count": 4,
        "drift_error_pct": 15.84280308036834,
        "base_shear_error_pct": 10.21923370472975,
        "mode_shape_mac": 0.9253729796132435,
        "buckling_factor_error_pct": 12.063399496477448,
        "equilibrium_residual_mean": 0.8360295697900916
      },
      "all": {
        "case_count": 22,
        "drift_error_pct": 16.1411874347267,
        "base_shear_error_pct": 9.814449162019427,
        "mode_shape_mac": 0.940190309862556,
        "buckling_factor_error_pct": 11.475819811621339,
        "equilibrium_residual_mean": 1.3208927747026662
      }
    },
    "topk_residual_meta": {
      "train": {
        "case_count": 14,
        "drift_error_pct": 4.8077851841145565,
        "base_shear_error_pct": 3.8257271415267207,
        "mode_shape_mac": 0.9955644011497498,
        "buckling_factor_error_pct": 3.793795419572384,
        "equilibrium_residual_mean": 1.26167950459889
      },
      "val": {
        "case_count": 4,
        "drift_error_pct": 3.513779582048546,
        "base_shear_error_pct": 3.411797895057606,
        "mode_shape_mac": 0.9963091462850571,
        "buckling_factor_error_pct": 3.304335200670899,
        "equilibrium_residual_mean": 1.9039389491081238
      },
      "test": {
        "case_count": 4,
        "drift_error_pct": 1.9173536798183801,
        "base_shear_error_pct": 1.3051428901440594,
        "mode_shape_mac": 0.9921828806400299,
        "buckling_factor_error_pct": 1.2848627801669956,
        "equilibrium_residual_mean": 0.8230799175798893
      },
      "all": {
        "case_count": 22,
        "drift_error_pct": 4.04697843750325,
        "base_shear_error_pct": 3.2921792328263977,
        "mode_shape_mac": 0.9950849874453112,
        "buckling_factor_error_pct": 3.2486330816984075,
        "equilibrium_residual_mean": 1.2987085695971141
      }
    },
    "improvement_pct": {
      "drift_error_reduction_pct": 87.89763610585885,
      "base_shear_error_reduction_pct": 87.22856402099892,
      "buckling_error_reduction_pct": 89.34908206810044,
      "mode_shape_mac_gain_pct": 7.219780834178817
    }
  },
  "training": {
    "epochs": 8,
    "branches": 10,
    "top_k": 3,
    "lr": 0.055,
    "epsilon": 0.11,
    "temperature": 0.32,
    "seed": 11,
    "final_total_loss": 0.12495904415845871,
    "final_weighted_loss": 0.12425605952739716,
    "last_selected_branch_ids": [
      3,
      8,
      2
    ],
    "last_selected_weights": [
      0.34035140516688334,
      0.33903145632141574,
      0.32061713851170104
    ],
    "param_vector": [
      0.33692607283592224,
      -0.31547459959983826,
      0.2577142119407654,
      -0.3581402003765106,
      0.021950654685497284,
      -0.37188073992729187,
      0.34415507316589355,
      -0.2953709065914154,
      0.3785910904407501,
      -0.128456711769104,
      0.27669161558151245,
      0.2735885679721832,
      0.2937606871128082,
      0.0,
      0.25251686573028564,
      0.2788545787334442,
      0.4201105237007141
    ]
  },
  "metric_source_validation": {
    "enabled": true,
    "accepted_metric_sources": [
      "commercial_solver_export",
      "engine_export_direct",
      "open_data_measurement"
    ],
    "global_metric_source": "open_data_measurement",
    "missing_metric_source_case_ids": [],
    "invalid_metric_source_case_ids": [],
    "pass": true
  }
}