{
  "schema_version": "1.1",
  "run_id": "phase1-hf-benchmark-topk-residual-meta",
  "generated_at": "2026-02-25T14:31:00.682708+00:00",
  "algorithm": "topk_weighted_residual_correction_with_meta_learning",
  "contract_pass": true,
  "reason_code": "PASS",
  "reason": "top-k residual/meta benchmark KPI thresholds satisfied",
  "kpi_pass": true,
  "metrics": {
    "drift_error_pct": 0.2840563681083365,
    "base_shear_error_pct": 0.27608547861370086,
    "mode_shape_mac": 0.9744143088658651,
    "buckling_factor_error_pct": 0.21418969944550706
  },
  "checks": {
    "drift_ok": true,
    "base_shear_ok": true,
    "mac_ok": true,
    "buckling_factor_ok": true,
    "improves_over_lf": true
  },
  "target_split": "test",
  "comparison": {
    "baseline_lf": {
      "train": {
        "case_count": 7,
        "drift_error_pct": 10.21519954582205,
        "base_shear_error_pct": 6.19126080566179,
        "mode_shape_mac": 0.943,
        "buckling_factor_error_pct": 9.039164365985954,
        "equilibrium_residual_mean": 0.026285714285714284
      },
      "val": {
        "case_count": 2,
        "drift_error_pct": 9.506628628964595,
        "base_shear_error_pct": 5.376294212699743,
        "mode_shape_mac": 0.9475,
        "buckling_factor_error_pct": 8.103087388801681,
        "equilibrium_residual_mean": 0.0235
      },
      "test": {
        "case_count": 3,
        "drift_error_pct": 12.430072264312741,
        "base_shear_error_pct": 7.495167949188726,
        "mode_shape_mac": 0.9313333333333333,
        "buckling_factor_error_pct": 11.219466061392133,
        "equilibrium_residual_mean": 0.03266666666666667
      },
      "all": {
        "case_count": 12,
        "drift_error_pct": 10.650822572635148,
        "base_shear_error_pct": 6.3814098260498495,
        "mode_shape_mac": 0.9408333333333333,
        "buckling_factor_error_pct": 9.428226960306786,
        "equilibrium_residual_mean": 0.02741666666666667
      }
    },
    "topk_residual_meta": {
      "train": {
        "case_count": 7,
        "drift_error_pct": 0.3292779743436321,
        "base_shear_error_pct": 0.28529194246099465,
        "mode_shape_mac": 0.9789772970335824,
        "buckling_factor_error_pct": 0.36795920064708276,
        "equilibrium_residual_mean": 0.025008480729801313
      },
      "val": {
        "case_count": 2,
        "drift_error_pct": 0.34447398076102825,
        "base_shear_error_pct": 0.35263274300853953,
        "mode_shape_mac": 0.9813837707042694,
        "buckling_factor_error_pct": 0.45187168256079413,
        "equilibrium_residual_mean": 0.02246137149631977
      },
      "test": {
        "case_count": 3,
        "drift_error_pct": 0.2840563681083365,
        "base_shear_error_pct": 0.27608547861370086,
        "mode_shape_mac": 0.9744143088658651,
        "buckling_factor_error_pct": 0.21418969944550706,
        "equilibrium_residual_mean": 0.030762601643800735
      },
      "all": {
        "case_count": 12,
        "drift_error_pct": 0.32050524052104085,
        "base_shear_error_pct": 0.29421379325709535,
        "mode_shape_mac": 0.9782376289367676,
        "buckling_factor_error_pct": 0.3435022389989741,
        "equilibrium_residual_mean": 0.02602249275272091
      }
    },
    "improvement_pct": {
      "drift_error_reduction_pct": 97.71476495012926,
      "base_shear_error_reduction_pct": 96.31648709561492,
      "buckling_error_reduction_pct": 98.09091004622256,
      "mode_shape_mac_gain_pct": 4.625731087959745
    }
  },
  "training": {
    "epochs": 180,
    "branches": 8,
    "top_k": 3,
    "lr": 0.06,
    "epsilon": 0.12,
    "temperature": 0.35,
    "seed": 47,
    "final_total_loss": 0.030387094244360924,
    "final_weighted_loss": 0.024236619472503662,
    "last_selected_branch_ids": [
      3,
      5,
      6
    ],
    "last_selected_weights": [
      0.33510776975287276,
      0.33244711473632416,
      0.332445115510803
    ],
    "param_vector": [
      1.7322888374328613,
      -1.142348051071167,
      0.6504784822463989,
      -1.743367314338684,
      0.7696833610534668,
      -0.5603346824645996,
      0.08035802841186523,
      -0.4659024775028229,
      -0.03489478677511215,
      0.15987440943717957,
      0.5517290234565735,
      0.6365671157836914,
      0.5243289470672607,
      0.6482622623443604,
      0.8755742311477661,
      0.8028137683868408,
      0.7259290218353271
    ]
  },
  "metric_source_validation": {
    "enabled": true,
    "accepted_metric_sources": [
      "commercial_solver_export",
      "engine_export_direct"
    ],
    "global_metric_source": "commercial_solver_export",
    "missing_metric_source_case_ids": [],
    "invalid_metric_source_case_ids": [],
    "pass": true
  }
}