{
  "schema_version": "1.1",
  "run_id": "phase1-hf-benchmark-topk-residual-meta",
  "generated_at": "2026-02-25T14:17:08.064811+00:00",
  "algorithm": "topk_weighted_residual_correction_with_meta_learning",
  "contract_pass": true,
  "reason_code": "PASS",
  "reason": "top-k residual/meta benchmark KPI thresholds satisfied",
  "kpi_pass": true,
  "metrics": {
    "drift_error_pct": 1.082263796811438,
    "base_shear_error_pct": 0.667055152699074,
    "mode_shape_mac": 0.9799404293298721,
    "buckling_factor_error_pct": 0.7222459066296607
  },
  "checks": {
    "drift_ok": true,
    "base_shear_ok": true,
    "mac_ok": true,
    "buckling_factor_ok": true,
    "improves_over_lf": true
  },
  "target_split": "test",
  "comparison": {
    "baseline_lf": {
      "train": {
        "case_count": 14,
        "drift_error_pct": 15.914609567094965,
        "base_shear_error_pct": 9.548765740256977,
        "mode_shape_mac": 0.9429197008464936,
        "buckling_factor_error_pct": 11.140226696966467,
        "equilibrium_residual_mean": 1.2840498075913913
      },
      "val": {
        "case_count": 4,
        "drift_error_pct": 17.23259432579613,
        "base_shear_error_pct": 10.339556595477672,
        "mode_shape_mac": 0.9454547716680861,
        "buckling_factor_error_pct": 12.062816028057282,
        "equilibrium_residual_mean": 1.934706364504704
      },
      "test": {
        "case_count": 4,
        "drift_error_pct": 15.859851979535787,
        "base_shear_error_pct": 9.515911187721477,
        "mode_shape_mac": 0.9353458111557905,
        "buckling_factor_error_pct": 11.101896385675056,
        "equilibrium_residual_mean": 0.8300395818683258
      },
      "all": {
        "case_count": 22,
        "drift_error_pct": 16.144287234575327,
        "base_shear_error_pct": 9.686572340745192,
        "mode_shape_mac": 0.942003551961201,
        "buckling_factor_error_pct": 11.301001064202723,
        "equilibrium_residual_mean": 1.319803685989618
      }
    },
    "topk_residual_meta": {
      "train": {
        "case_count": 14,
        "drift_error_pct": 1.3630572910597714,
        "base_shear_error_pct": 0.4670378954902742,
        "mode_shape_mac": 0.9872419663837978,
        "buckling_factor_error_pct": 0.4320112357047138,
        "equilibrium_residual_mean": 1.233756239925112
      },
      "val": {
        "case_count": 4,
        "drift_error_pct": 1.3912626647773676,
        "base_shear_error_pct": 0.4299647313470045,
        "mode_shape_mac": 0.9901251792907715,
        "buckling_factor_error_pct": 0.7408693972755487,
        "equilibrium_residual_mean": 1.863960474729538
      },
      "test": {
        "case_count": 4,
        "drift_error_pct": 1.082263796811438,
        "base_shear_error_pct": 0.667055152699074,
        "mode_shape_mac": 0.9799404293298721,
        "buckling_factor_error_pct": 0.7222459066296607,
        "equilibrium_residual_mean": 0.7938227429986
      },
      "all": {
        "case_count": 22,
        "drift_error_pct": 1.3171321782360008,
        "base_shear_error_pct": 0.49666409422946156,
        "mode_shape_mac": 0.9864386347207156,
        "buckling_factor_error_pct": 0.5409372052494015,
        "equilibrium_residual_mean": 1.2683509195392781
      }
    },
    "improvement_pct": {
      "drift_error_reduction_pct": 93.17607882968959,
      "base_shear_error_reduction_pct": 92.99010741546448,
      "buckling_error_reduction_pct": 93.49439157474406,
      "mode_shape_mac_gain_pct": 4.7677145331924695
    }
  },
  "training": {
    "epochs": 220,
    "branches": 10,
    "top_k": 3,
    "lr": 0.055,
    "epsilon": 0.11,
    "temperature": 0.32,
    "seed": 31,
    "final_total_loss": 0.03505680710077286,
    "final_weighted_loss": 0.03257637470960617,
    "last_selected_branch_ids": [
      3,
      9,
      6
    ],
    "last_selected_weights": [
      0.3383705321969267,
      0.3316758022817112,
      0.32995366552136207
    ],
    "param_vector": [
      0.5926980972290039,
      -0.5827619433403015,
      0.22146949172019958,
      -0.6907488107681274,
      0.020172741264104843,
      -0.8093332052230835,
      0.287007600069046,
      -0.4175315201282501,
      0.29674482345581055,
      -0.6233296394348145,
      -0.11088190227746964,
      -0.10467252135276794,
      -0.12970435619354248,
      0.0,
      -0.33607247471809387,
      -0.24906951189041138,
      1.4612226486206055
    ]
  },
  "metric_source_validation": {
    "enabled": true,
    "accepted_metric_sources": [
      "commercial_solver_export",
      "engine_export_direct",
      "open_data_surrogate"
    ],
    "global_metric_source": "open_data_surrogate",
    "missing_metric_source_case_ids": [],
    "invalid_metric_source_case_ids": [],
    "pass": true
  }
}