{
  "schema_version": "1.1",
  "run_id": "phase1-hf-benchmark-topk-residual-meta",
  "generated_at": "2026-02-25T14:16:39.957624+00:00",
  "algorithm": "topk_weighted_residual_correction_with_meta_learning",
  "contract_pass": true,
  "reason_code": "PASS",
  "reason": "top-k residual/meta benchmark KPI thresholds satisfied",
  "kpi_pass": true,
  "metrics": {
    "drift_error_pct": 1.1365608106368648,
    "base_shear_error_pct": 0.5920202764147351,
    "mode_shape_mac": 0.9811934679746628,
    "buckling_factor_error_pct": 0.7594636545499625
  },
  "checks": {
    "drift_ok": true,
    "base_shear_ok": true,
    "mac_ok": true,
    "buckling_factor_ok": true,
    "improves_over_lf": true
  },
  "target_split": "test",
  "comparison": {
    "baseline_lf": {
      "train": {
        "case_count": 14,
        "drift_error_pct": 15.914609567094965,
        "base_shear_error_pct": 9.548765740256977,
        "mode_shape_mac": 0.9429197008464936,
        "buckling_factor_error_pct": 11.140226696966467,
        "equilibrium_residual_mean": 1.2840498075913913
      },
      "val": {
        "case_count": 4,
        "drift_error_pct": 17.23259432579613,
        "base_shear_error_pct": 10.339556595477672,
        "mode_shape_mac": 0.9454547716680861,
        "buckling_factor_error_pct": 12.062816028057282,
        "equilibrium_residual_mean": 1.934706364504704
      },
      "test": {
        "case_count": 4,
        "drift_error_pct": 15.859851979535787,
        "base_shear_error_pct": 9.515911187721477,
        "mode_shape_mac": 0.9353458111557905,
        "buckling_factor_error_pct": 11.101896385675056,
        "equilibrium_residual_mean": 0.8300395818683258
      },
      "all": {
        "case_count": 22,
        "drift_error_pct": 16.144287234575327,
        "base_shear_error_pct": 9.686572340745192,
        "mode_shape_mac": 0.942003551961201,
        "buckling_factor_error_pct": 11.301001064202723,
        "equilibrium_residual_mean": 1.319803685989618
      }
    },
    "topk_residual_meta": {
      "train": {
        "case_count": 14,
        "drift_error_pct": 1.3652688887372573,
        "base_shear_error_pct": 0.36354423305770417,
        "mode_shape_mac": 0.9885426717145103,
        "buckling_factor_error_pct": 0.4867482342424978,
        "equilibrium_residual_mean": 1.2304773713861192
      },
      "val": {
        "case_count": 4,
        "drift_error_pct": 1.3915124734546962,
        "base_shear_error_pct": 0.7186084876918374,
        "mode_shape_mac": 0.9913750290870667,
        "buckling_factor_error_pct": 0.6549929937402253,
        "equilibrium_residual_mean": 1.8593877851963043
      },
      "test": {
        "case_count": 4,
        "drift_error_pct": 1.1365608106368648,
        "base_shear_error_pct": 0.5920202764147351,
        "mode_shape_mac": 0.9811934679746628,
        "buckling_factor_error_pct": 0.7594636545499625,
        "equilibrium_residual_mean": 0.7915910296142101
      },
      "all": {
        "case_count": 22,
        "drift_error_pct": 1.3284571626676296,
        "base_shear_error_pct": 0.46964246905609763,
        "mode_shape_mac": 0.9877214269204573,
        "buckling_factor_error_pct": 0.5669228123888963,
        "equilibrium_residual_mean": 1.2650272026658058
      }
    },
    "improvement_pct": {
      "drift_error_reduction_pct": 92.83372371883806,
      "base_shear_error_reduction_pct": 93.77862755614379,
      "buckling_error_reduction_pct": 93.15915382231535,
      "mode_shape_mac_gain_pct": 4.901679814251706
    }
  },
  "training": {
    "epochs": 220,
    "branches": 10,
    "top_k": 3,
    "lr": 0.055,
    "epsilon": 0.11,
    "temperature": 0.32,
    "seed": 17,
    "final_total_loss": 0.038522906601428986,
    "final_weighted_loss": 0.03593900054693222,
    "last_selected_branch_ids": [
      1,
      5,
      3
    ],
    "last_selected_weights": [
      0.3379338879864352,
      0.33121275358426167,
      0.3308533584293031
    ],
    "param_vector": [
      0.584895670413971,
      -0.5634227395057678,
      0.2264777421951294,
      -0.6907922029495239,
      0.025565017014741898,
      -0.8263615369796753,
      0.27534520626068115,
      -0.42824965715408325,
      0.3032497465610504,
      -0.6493490934371948,
      -0.10917170345783234,
      -0.09534948319196701,
      -0.13787782192230225,
      0.0,
      -0.32354220747947693,
      -0.2512648105621338,
      1.5378626585006714
    ]
  },
  "metric_source_validation": {
    "enabled": true,
    "accepted_metric_sources": [
      "commercial_solver_export",
      "engine_export_direct",
      "open_data_surrogate"
    ],
    "global_metric_source": "open_data_surrogate",
    "missing_metric_source_case_ids": [],
    "invalid_metric_source_case_ids": [],
    "pass": true
  }
}