{
  "schema_version": "1.1",
  "run_id": "phase1-hf-benchmark-topk-residual-meta",
  "generated_at": "2026-02-25T14:16:54.122821+00:00",
  "algorithm": "topk_weighted_residual_correction_with_meta_learning",
  "contract_pass": true,
  "reason_code": "PASS",
  "reason": "top-k residual/meta benchmark KPI thresholds satisfied",
  "kpi_pass": true,
  "metrics": {
    "drift_error_pct": 0.5638592829057187,
    "base_shear_error_pct": 0.5450564932006583,
    "mode_shape_mac": 0.9760836511850357,
    "buckling_factor_error_pct": 0.7116799442754556
  },
  "checks": {
    "drift_ok": true,
    "base_shear_ok": true,
    "mac_ok": true,
    "buckling_factor_ok": true,
    "improves_over_lf": true
  },
  "target_split": "test",
  "comparison": {
    "baseline_lf": {
      "train": {
        "case_count": 14,
        "drift_error_pct": 15.914609567094965,
        "base_shear_error_pct": 9.548765740256977,
        "mode_shape_mac": 0.9429197008464936,
        "buckling_factor_error_pct": 11.140226696966467,
        "equilibrium_residual_mean": 1.2840498075913913
      },
      "val": {
        "case_count": 4,
        "drift_error_pct": 17.23259432579613,
        "base_shear_error_pct": 10.339556595477672,
        "mode_shape_mac": 0.9454547716680861,
        "buckling_factor_error_pct": 12.062816028057282,
        "equilibrium_residual_mean": 1.934706364504704
      },
      "test": {
        "case_count": 4,
        "drift_error_pct": 15.859851979535787,
        "base_shear_error_pct": 9.515911187721477,
        "mode_shape_mac": 0.9353458111557905,
        "buckling_factor_error_pct": 11.101896385675056,
        "equilibrium_residual_mean": 0.8300395818683258
      },
      "all": {
        "case_count": 22,
        "drift_error_pct": 16.144287234575327,
        "base_shear_error_pct": 9.686572340745192,
        "mode_shape_mac": 0.942003551961201,
        "buckling_factor_error_pct": 11.301001064202723,
        "equilibrium_residual_mean": 1.319803685989618
      }
    },
    "topk_residual_meta": {
      "train": {
        "case_count": 14,
        "drift_error_pct": 1.026440796596954,
        "base_shear_error_pct": 0.6832546099227236,
        "mode_shape_mac": 0.9820313368524823,
        "buckling_factor_error_pct": 0.7808590036487717,
        "equilibrium_residual_mean": 1.2329033953802926
      },
      "val": {
        "case_count": 4,
        "drift_error_pct": 2.5774114990019203,
        "base_shear_error_pct": 1.3715266294342823,
        "mode_shape_mac": 0.9841551333665848,
        "buckling_factor_error_pct": 1.5001963949587678,
        "equilibrium_residual_mean": 1.862867295742035
      },
      "test": {
        "case_count": 4,
        "drift_error_pct": 0.5638592829057187,
        "base_shear_error_pct": 0.5450564932006583,
        "mode_shape_mac": 0.9760836511850357,
        "buckling_factor_error_pct": 0.7116799442754556,
        "equilibrium_residual_mean": 0.7930273860692978
      },
      "all": {
        "case_count": 22,
        "drift_error_pct": 1.2243297399994508,
        "base_shear_error_pct": 0.7832680467935407,
        "mode_shape_mac": 0.9813360842791471,
        "buckling_factor_error_pct": 0.8990696094554408,
        "equilibrium_residual_mean": 1.2674648301167921
      }
    },
    "improvement_pct": {
      "drift_error_reduction_pct": 96.44473804904815,
      "base_shear_error_reduction_pct": 94.27215657598872,
      "buckling_error_reduction_pct": 93.58956416496783,
      "mode_shape_mac_gain_pct": 4.355377395543809
    }
  },
  "training": {
    "epochs": 220,
    "branches": 10,
    "top_k": 3,
    "lr": 0.055,
    "epsilon": 0.11,
    "temperature": 0.32,
    "seed": 23,
    "final_total_loss": 0.035801537334918976,
    "final_weighted_loss": 0.033307503908872604,
    "last_selected_branch_ids": [
      6,
      4,
      3
    ],
    "last_selected_weights": [
      0.3349435117212244,
      0.33329407200210914,
      0.33176241627666647
    ],
    "param_vector": [
      0.5723477005958557,
      -0.5791019797325134,
      0.20950934290885925,
      -0.7108457684516907,
      0.02138669416308403,
      -0.7763411998748779,
      0.27880820631980896,
      -0.39184820652008057,
      0.2891627252101898,
      -0.6375529170036316,
      -0.13417910039424896,
      -0.12640808522701263,
      -0.14512453973293304,
      0.0,
      -0.34175464510917664,
      -0.298170804977417,
      1.4585442543029785
    ]
  },
  "metric_source_validation": {
    "enabled": true,
    "accepted_metric_sources": [
      "commercial_solver_export",
      "engine_export_direct",
      "open_data_surrogate"
    ],
    "global_metric_source": "open_data_surrogate",
    "missing_metric_source_case_ids": [],
    "invalid_metric_source_case_ids": [],
    "pass": true
  }
}