{
  "schema_version": "1.1",
  "run_id": "phase1-hf-benchmark-topk-residual-meta",
  "generated_at": "2026-02-25T14:16:25.885918+00:00",
  "algorithm": "topk_weighted_residual_correction_with_meta_learning",
  "contract_pass": true,
  "reason_code": "PASS",
  "reason": "top-k residual/meta benchmark KPI thresholds satisfied",
  "kpi_pass": true,
  "metrics": {
    "drift_error_pct": 0.5490420395782949,
    "base_shear_error_pct": 0.7148478643846365,
    "mode_shape_mac": 0.9748997390270233,
    "buckling_factor_error_pct": 0.7393743995347102
  },
  "checks": {
    "drift_ok": true,
    "base_shear_ok": true,
    "mac_ok": true,
    "buckling_factor_ok": true,
    "improves_over_lf": true
  },
  "target_split": "test",
  "comparison": {
    "baseline_lf": {
      "train": {
        "case_count": 14,
        "drift_error_pct": 15.914609567094965,
        "base_shear_error_pct": 9.548765740256977,
        "mode_shape_mac": 0.9429197008464936,
        "buckling_factor_error_pct": 11.140226696966467,
        "equilibrium_residual_mean": 1.2840498075913913
      },
      "val": {
        "case_count": 4,
        "drift_error_pct": 17.23259432579613,
        "base_shear_error_pct": 10.339556595477672,
        "mode_shape_mac": 0.9454547716680861,
        "buckling_factor_error_pct": 12.062816028057282,
        "equilibrium_residual_mean": 1.934706364504704
      },
      "test": {
        "case_count": 4,
        "drift_error_pct": 15.859851979535787,
        "base_shear_error_pct": 9.515911187721477,
        "mode_shape_mac": 0.9353458111557905,
        "buckling_factor_error_pct": 11.101896385675056,
        "equilibrium_residual_mean": 0.8300395818683258
      },
      "all": {
        "case_count": 22,
        "drift_error_pct": 16.144287234575327,
        "base_shear_error_pct": 9.686572340745192,
        "mode_shape_mac": 0.942003551961201,
        "buckling_factor_error_pct": 11.301001064202723,
        "equilibrium_residual_mean": 1.319803685989618
      }
    },
    "topk_residual_meta": {
      "train": {
        "case_count": 14,
        "drift_error_pct": 1.0789635327669147,
        "base_shear_error_pct": 0.40098245623480067,
        "mode_shape_mac": 0.9809451699256897,
        "buckling_factor_error_pct": 0.8842853274748675,
        "equilibrium_residual_mean": 1.2359533948557717
      },
      "val": {
        "case_count": 4,
        "drift_error_pct": 2.6440670464892317,
        "base_shear_error_pct": 0.9191680048307362,
        "mode_shape_mac": 0.98311847448349,
        "buckling_factor_error_pct": 1.7082620333794831,
        "equilibrium_residual_mean": 1.8670503795146942
      },
      "test": {
        "case_count": 4,
        "drift_error_pct": 0.5490420395782949,
        "base_shear_error_pct": 0.7148478643846365,
        "mode_shape_mac": 0.9748997390270233,
        "buckling_factor_error_pct": 0.7393743995347102,
        "equilibrium_residual_mean": 0.7949904873967171
      },
      "all": {
        "case_count": 22,
        "drift_error_pct": 1.2671784455912236,
        "base_shear_error_pct": 0.5522644483703955,
        "mode_shape_mac": 0.9802411469546232,
        "buckling_factor_error_pct": 1.0077518325593144,
        "equilibrium_residual_mean": 1.2705232270739295
      }
    },
    "improvement_pct": {
      "drift_error_reduction_pct": 96.53816416264961,
      "base_shear_error_reduction_pct": 92.4878674224386,
      "buckling_error_reduction_pct": 93.34010718665382,
      "mode_shape_mac_gain_pct": 4.228802588248799
    }
  },
  "training": {
    "epochs": 220,
    "branches": 10,
    "top_k": 3,
    "lr": 0.055,
    "epsilon": 0.11,
    "temperature": 0.32,
    "seed": 11,
    "final_total_loss": 0.034509800374507904,
    "final_weighted_loss": 0.032121334224939346,
    "last_selected_branch_ids": [
      4,
      5,
      1
    ],
    "last_selected_weights": [
      0.33420041317357074,
      0.33389030474484593,
      0.33190928208158327
    ],
    "param_vector": [
      0.5624016523361206,
      -0.6083369851112366,
      0.207249253988266,
      -0.7054341435432434,
      0.007485265377908945,
      -0.7951575517654419,
      0.2919544279575348,
      -0.35129353404045105,
      0.2543276250362396,
      -0.6389781832695007,
      -0.12836618721485138,
      -0.14099374413490295,
      -0.14749987423419952,
      0.0,
      -0.33976882696151733,
      -0.29471486806869507,
      1.4107766151428223
    ]
  },
  "metric_source_validation": {
    "enabled": true,
    "accepted_metric_sources": [
      "commercial_solver_export",
      "engine_export_direct",
      "open_data_surrogate"
    ],
    "global_metric_source": "open_data_surrogate",
    "missing_metric_source_case_ids": [],
    "invalid_metric_source_case_ids": [],
    "pass": true
  }
}