{
  "schema_version": "1.1",
  "run_id": "phase1-hf-benchmark-topk-residual-meta",
  "generated_at": "2026-02-25T14:43:25.235447+00:00",
  "algorithm": "topk_weighted_residual_correction_with_meta_learning",
  "contract_pass": true,
  "reason_code": "PASS",
  "reason": "top-k residual/meta benchmark KPI thresholds satisfied",
  "kpi_pass": true,
  "metrics": {
    "drift_error_pct": 0.4445690264653775,
    "base_shear_error_pct": 0.1899322888169447,
    "mode_shape_mac": 0.9723373254140218,
    "buckling_factor_error_pct": 0.5412642363893525
  },
  "checks": {
    "drift_ok": true,
    "base_shear_ok": true,
    "mac_ok": true,
    "buckling_factor_ok": true,
    "improves_over_lf": true
  },
  "target_split": "test",
  "comparison": {
    "baseline_lf": {
      "train": {
        "case_count": 7,
        "drift_error_pct": 10.21519954582205,
        "base_shear_error_pct": 6.19126080566179,
        "mode_shape_mac": 0.943,
        "buckling_factor_error_pct": 9.039164365985954,
        "equilibrium_residual_mean": 0.026285714285714284
      },
      "val": {
        "case_count": 2,
        "drift_error_pct": 9.506628628964595,
        "base_shear_error_pct": 5.376294212699743,
        "mode_shape_mac": 0.9475,
        "buckling_factor_error_pct": 8.103087388801681,
        "equilibrium_residual_mean": 0.0235
      },
      "test": {
        "case_count": 3,
        "drift_error_pct": 12.430072264312741,
        "base_shear_error_pct": 7.495167949188726,
        "mode_shape_mac": 0.9313333333333333,
        "buckling_factor_error_pct": 11.219466061392133,
        "equilibrium_residual_mean": 0.03266666666666667
      },
      "all": {
        "case_count": 12,
        "drift_error_pct": 10.650822572635148,
        "base_shear_error_pct": 6.3814098260498495,
        "mode_shape_mac": 0.9408333333333333,
        "buckling_factor_error_pct": 9.428226960306786,
        "equilibrium_residual_mean": 0.02741666666666667
      }
    },
    "topk_residual_meta": {
      "train": {
        "case_count": 7,
        "drift_error_pct": 0.4255772694769017,
        "base_shear_error_pct": 0.20887115841884965,
        "mode_shape_mac": 0.9772638252803257,
        "buckling_factor_error_pct": 0.36465966347558015,
        "equilibrium_residual_mean": 0.025021997945649282
      },
      "val": {
        "case_count": 2,
        "drift_error_pct": 0.5019602809181958,
        "base_shear_error_pct": 0.34918226040817263,
        "mode_shape_mac": 0.9803024232387543,
        "buckling_factor_error_pct": 0.2780704988602398,
        "equilibrium_residual_mean": 0.022458001039922237
      },
      "test": {
        "case_count": 3,
        "drift_error_pct": 0.4445690264653775,
        "base_shear_error_pct": 0.1899322888169447,
        "mode_shape_mac": 0.9723373254140218,
        "buckling_factor_error_pct": 0.5412642363893525,
        "equilibrium_residual_mean": 0.030773015071948368
      },
      "all": {
        "case_count": 12,
        "drift_error_pct": 0.44305571063090304,
        "base_shear_error_pct": 0.22752162468326062,
        "mode_shape_mac": 0.9765386333068212,
        "buckling_factor_error_pct": 0.39437927926813315,
        "equilibrium_residual_mean": 0.02603241940960288
      }
    },
    "improvement_pct": {
      "drift_error_reduction_pct": 96.42343972736383,
      "base_shear_error_reduction_pct": 97.46593685285595,
      "buckling_error_reduction_pct": 95.17566849057172,
      "mode_shape_mac_gain_pct": 4.402719264211364
    }
  },
  "training": {
    "epochs": 180,
    "branches": 8,
    "top_k": 3,
    "lr": 0.06,
    "epsilon": 0.12,
    "temperature": 0.35,
    "seed": 11,
    "final_total_loss": 0.028905093669891357,
    "final_weighted_loss": 0.022919781506061554,
    "last_selected_branch_ids": [
      2,
      7,
      6
    ],
    "last_selected_weights": [
      0.33380964923987827,
      0.33343263509944016,
      0.3327577156606815
    ],
    "param_vector": [
      1.6759133338928223,
      -1.1512830257415771,
      0.6377840638160706,
      -1.7165679931640625,
      0.7798209190368652,
      -0.5866827368736267,
      0.08300036936998367,
      -0.5284194350242615,
      -0.01851186901330948,
      0.15987439453601837,
      0.5883000493049622,
      0.7067793607711792,
      0.4830426573753357,
      0.5511013269424438,
      0.8103315830230713,
      0.8537712693214417,
      0.6579498648643494
    ]
  },
  "metric_source_validation": {
    "enabled": true,
    "accepted_metric_sources": [
      "commercial_solver_export",
      "engine_export_direct"
    ],
    "global_metric_source": "commercial_solver_export",
    "missing_metric_source_case_ids": [],
    "invalid_metric_source_case_ids": [],
    "pass": true
  }
}