{
  "schema_version": "1.1",
  "run_id": "phase1-hf-benchmark-topk-residual-meta",
  "generated_at": "2026-02-25T14:43:31.780682+00:00",
  "algorithm": "topk_weighted_residual_correction_with_meta_learning",
  "contract_pass": true,
  "reason_code": "PASS",
  "reason": "top-k residual/meta benchmark KPI thresholds satisfied",
  "kpi_pass": true,
  "metrics": {
    "drift_error_pct": 0.4773343868175632,
    "base_shear_error_pct": 0.2838674124091893,
    "mode_shape_mac": 0.9745904604593912,
    "buckling_factor_error_pct": 0.43901799066167513
  },
  "checks": {
    "drift_ok": true,
    "base_shear_ok": true,
    "mac_ok": true,
    "buckling_factor_ok": true,
    "improves_over_lf": true
  },
  "target_split": "test",
  "comparison": {
    "baseline_lf": {
      "train": {
        "case_count": 7,
        "drift_error_pct": 10.21519954582205,
        "base_shear_error_pct": 6.19126080566179,
        "mode_shape_mac": 0.943,
        "buckling_factor_error_pct": 9.039164365985954,
        "equilibrium_residual_mean": 0.026285714285714284
      },
      "val": {
        "case_count": 2,
        "drift_error_pct": 9.506628628964595,
        "base_shear_error_pct": 5.376294212699743,
        "mode_shape_mac": 0.9475,
        "buckling_factor_error_pct": 8.103087388801681,
        "equilibrium_residual_mean": 0.0235
      },
      "test": {
        "case_count": 3,
        "drift_error_pct": 12.430072264312741,
        "base_shear_error_pct": 7.495167949188726,
        "mode_shape_mac": 0.9313333333333333,
        "buckling_factor_error_pct": 11.219466061392133,
        "equilibrium_residual_mean": 0.03266666666666667
      },
      "all": {
        "case_count": 12,
        "drift_error_pct": 10.650822572635148,
        "base_shear_error_pct": 6.3814098260498495,
        "mode_shape_mac": 0.9408333333333333,
        "buckling_factor_error_pct": 9.428226960306786,
        "equilibrium_residual_mean": 0.02741666666666667
      }
    },
    "topk_residual_meta": {
      "train": {
        "case_count": 7,
        "drift_error_pct": 0.24722758801722158,
        "base_shear_error_pct": 0.23617487491632141,
        "mode_shape_mac": 0.9785219260624477,
        "buckling_factor_error_pct": 0.4060240344798043,
        "equilibrium_residual_mean": 0.025003154362951006
      },
      "val": {
        "case_count": 2,
        "drift_error_pct": 0.42981435476803076,
        "base_shear_error_pct": 0.48527329876547165,
        "mode_shape_mac": 0.9808839559555054,
        "buckling_factor_error_pct": 0.3171584513847414,
        "equilibrium_residual_mean": 0.02246180735528469
      },
      "test": {
        "case_count": 3,
        "drift_error_pct": 0.4773343868175632,
        "base_shear_error_pct": 0.2838674124091893,
        "mode_shape_mac": 0.9745904604593912,
        "buckling_factor_error_pct": 0.43901799066167513,
        "equilibrium_residual_mean": 0.030718474959333737
      },
      "all": {
        "case_count": 12,
        "drift_error_pct": 0.3351854155091085,
        "base_shear_error_pct": 0.28961441326439674,
        "mode_shape_mac": 0.9779327313105265,
        "buckling_factor_error_pct": 0.39946159300942813,
        "equilibrium_residual_mean": 0.026008426677435637
      }
    },
    "improvement_pct": {
      "drift_error_reduction_pct": 96.15984222241401,
      "base_shear_error_reduction_pct": 96.21266108600122,
      "buckling_error_reduction_pct": 96.08699747154277,
      "mode_shape_mac_gain_pct": 4.644645002797913
    }
  },
  "training": {
    "epochs": 180,
    "branches": 8,
    "top_k": 3,
    "lr": 0.06,
    "epsilon": 0.12,
    "temperature": 0.35,
    "seed": 17,
    "final_total_loss": 0.02892458066344261,
    "final_weighted_loss": 0.02275441400706768,
    "last_selected_branch_ids": [
      2,
      3,
      1
    ],
    "last_selected_weights": [
      0.33409407182694184,
      0.3329826429190409,
      0.33292328525401726
    ],
    "param_vector": [
      1.7316210269927979,
      -1.1872279644012451,
      0.6525894403457642,
      -1.7022373676300049,
      0.7833042740821838,
      -0.5106729865074158,
      0.08965054154396057,
      -0.510123074054718,
      -0.05312499776482582,
      0.15987439453601837,
      0.5531005263328552,
      0.7322282195091248,
      0.5617167949676514,
      0.5424960255622864,
      0.9074445962905884,
      0.9087395071983337,
      0.6669306755065918
    ]
  },
  "metric_source_validation": {
    "enabled": true,
    "accepted_metric_sources": [
      "commercial_solver_export",
      "engine_export_direct"
    ],
    "global_metric_source": "commercial_solver_export",
    "missing_metric_source_case_ids": [],
    "invalid_metric_source_case_ids": [],
    "pass": true
  }
}