{
  "schema_version": "1.1",
  "run_id": "phase1-hf-benchmark-topk-residual-meta",
  "generated_at": "2026-03-01T11:31:00.335952+00:00",
  "algorithm": "topk_weighted_residual_correction_with_meta_learning",
  "contract_pass": true,
  "reason_code": "PASS",
  "reason": "top-k residual/meta benchmark KPI thresholds satisfied",
  "kpi_pass": true,
  "metrics": {
    "drift_error_pct": 5.401971671627497,
    "base_shear_error_pct": 7.059143399083402,
    "mode_shape_mac": 0.8533336520195007,
    "buckling_factor_error_pct": 9.503118593973188
  },
  "checks": {
    "drift_ok": true,
    "base_shear_ok": true,
    "mac_ok": true,
    "buckling_factor_ok": true,
    "improves_over_lf": true
  },
  "target_split": "test",
  "comparison": {
    "baseline_lf": {
      "train": {
        "case_count": 21,
        "drift_error_pct": 5.5515559128379,
        "base_shear_error_pct": 3.053355752060845,
        "mode_shape_mac": 0.8682812729378536,
        "buckling_factor_error_pct": 3.4419646659594965,
        "equilibrium_residual_mean": 0.058643131912554415
      },
      "val": {
        "case_count": 3,
        "drift_error_pct": 5.545811899296258,
        "base_shear_error_pct": 3.050196544612941,
        "mode_shape_mac": 0.8705823806650214,
        "buckling_factor_error_pct": 3.4384033775636773,
        "equilibrium_residual_mean": 0.05846749274292551
      },
      "test": {
        "case_count": 5,
        "drift_error_pct": 9.661375431049134,
        "base_shear_error_pct": 8.633138459560756,
        "mode_shape_mac": 0.8358809027473081,
        "buckling_factor_error_pct": 12.853941583944765,
        "equilibrium_residual_mean": 0.051377720138636285
      },
      "all": {
        "case_count": 29,
        "drift_error_pct": 6.259551276645876,
        "base_shear_error_pct": 4.015060438790357,
        "mode_shape_mac": 0.8629330478422943,
        "buckling_factor_error_pct": 5.064350897847042,
        "equilibrium_residual_mean": 0.05737230514088277
      }
    },
    "topk_residual_meta": {
      "train": {
        "case_count": 21,
        "drift_error_pct": 1.5475984167807926,
        "base_shear_error_pct": 0.5400241505842257,
        "mode_shape_mac": 0.8854861770357404,
        "buckling_factor_error_pct": 0.2239869309825339,
        "equilibrium_residual_mean": 0.056476139064346044
      },
      "val": {
        "case_count": 3,
        "drift_error_pct": 1.5588974078060673,
        "base_shear_error_pct": 0.5282945060701723,
        "mode_shape_mac": 0.8877200881640116,
        "buckling_factor_error_pct": 0.2042730486549292,
        "equilibrium_residual_mean": 0.056317521880070366
      },
      "test": {
        "case_count": 5,
        "drift_error_pct": 5.401971671627497,
        "base_shear_error_pct": 7.059143399083402,
        "mode_shape_mac": 0.8533336520195007,
        "buckling_factor_error_pct": 9.503118593973188,
        "equilibrium_residual_mean": 0.04944102019071579
      },
      "all": {
        "case_count": 29,
        "drift_error_pct": 2.2133143908259427,
        "base_shear_error_pct": 1.6627968164102163,
        "mode_shape_mac": 0.8801737324944858,
        "buckling_factor_error_pct": 1.8217978505677221,
        "equilibrium_residual_mean": 0.05524677886017438
      }
    },
    "improvement_pct": {
      "drift_error_reduction_pct": 44.08692933858079,
      "base_shear_error_reduction_pct": 18.23201455473283,
      "buckling_error_reduction_pct": 26.068447317023193,
      "mode_shape_mac_gain_pct": 2.0879468851160867
    }
  },
  "training": {
    "epochs": 8,
    "branches": 10,
    "top_k": 3,
    "lr": 0.055,
    "epsilon": 0.11,
    "temperature": 0.32,
    "seed": 47,
    "final_total_loss": 0.03994952142238617,
    "final_weighted_loss": 0.03920108452439308,
    "last_selected_branch_ids": [
      1,
      9,
      6
    ],
    "last_selected_weights": [
      0.33484066414591945,
      0.33456071354289024,
      0.3305986223111903
    ],
    "param_vector": [
      0.44439709186553955,
      -0.4342021942138672,
      0.21104583144187927,
      -0.4438735842704773,
      0.4433107078075409,
      0.4392017126083374,
      -0.430048406124115,
      0.22190195322036743,
      -0.4382370412349701,
      0.27976739406585693,
      0.0,
      0.0,
      0.4162478446960449,
      0.0,
      0.0,
      0.4162478446960449,
      0.0
    ]
  },
  "metric_source_validation": {
    "enabled": true,
    "accepted_metric_sources": [
      "commercial_solver_export",
      "engine_export_direct",
      "open_data_measurement"
    ],
    "global_metric_source": "open_data_measurement",
    "missing_metric_source_case_ids": [],
    "invalid_metric_source_case_ids": [],
    "pass": true
  }
}