{
  "schema_version": "1.1",
  "run_id": "phase1-hf-benchmark-topk-residual-meta",
  "generated_at": "2026-03-01T11:31:15.255985+00:00",
  "algorithm": "topk_weighted_residual_correction_with_meta_learning",
  "contract_pass": true,
  "reason_code": "PASS",
  "reason": "top-k residual/meta benchmark KPI thresholds satisfied",
  "kpi_pass": true,
  "metrics": {
    "drift_error_pct": 8.713826808666463,
    "base_shear_error_pct": 4.867150741343403,
    "mode_shape_mac": 0.840114152431488,
    "buckling_factor_error_pct": 9.294202825281525
  },
  "checks": {
    "drift_ok": true,
    "base_shear_ok": true,
    "mac_ok": true,
    "buckling_factor_ok": true,
    "improves_over_lf": true
  },
  "target_split": "test",
  "comparison": {
    "baseline_lf": {
      "train": {
        "case_count": 21,
        "drift_error_pct": 5.5515559128379,
        "base_shear_error_pct": 3.053355752060845,
        "mode_shape_mac": 0.8682812729378536,
        "buckling_factor_error_pct": 3.4419646659594965,
        "equilibrium_residual_mean": 0.058643131912554415
      },
      "val": {
        "case_count": 3,
        "drift_error_pct": 5.545811899296258,
        "base_shear_error_pct": 3.050196544612941,
        "mode_shape_mac": 0.8705823806650214,
        "buckling_factor_error_pct": 3.4384033775636773,
        "equilibrium_residual_mean": 0.05846749274292551
      },
      "test": {
        "case_count": 5,
        "drift_error_pct": 9.906434199180392,
        "base_shear_error_pct": 8.291297726694536,
        "mode_shape_mac": 0.8244872832631094,
        "buckling_factor_error_pct": 12.724090343325205,
        "equilibrium_residual_mean": 0.057346254079459494
      },
      "all": {
        "case_count": 29,
        "drift_error_pct": 6.301802788392643,
        "base_shear_error_pct": 3.956122381399629,
        "mode_shape_mac": 0.860968630689846,
        "buckling_factor_error_pct": 5.041962752912637,
        "equilibrium_residual_mean": 0.05840136271688677
      }
    },
    "topk_residual_meta": {
      "train": {
        "case_count": 21,
        "drift_error_pct": 1.571053362138915,
        "base_shear_error_pct": 0.5569945804085081,
        "mode_shape_mac": 0.8835055970010304,
        "buckling_factor_error_pct": 0.20994628687103067,
        "equilibrium_residual_mean": 0.05648879334330559
      },
      "val": {
        "case_count": 3,
        "drift_error_pct": 1.5822650351660892,
        "base_shear_error_pct": 0.5451854585714231,
        "mode_shape_mac": 0.8857471744219462,
        "buckling_factor_error_pct": 0.18741045537210263,
        "equilibrium_residual_mean": 0.056330081075429916
      },
      "test": {
        "case_count": 5,
        "drift_error_pct": 8.713826808666463,
        "base_shear_error_pct": 4.867150741343403,
        "mode_shape_mac": 0.840114152431488,
        "buckling_factor_error_pct": 9.294202825281525,
        "equilibrium_residual_mean": 0.055158835649490354
      },
      "all": {
        "case_count": 29,
        "drift_error_pct": 2.8037258535775096,
        "base_shear_error_pct": 1.2989033196899986,
        "mode_shape_mac": 0.8762562007739626,
        "buckling_factor_error_pct": 1.7738661212695026,
        "equilibrium_residual_mean": 0.05624307178217789
      }
    },
    "improvement_pct": {
      "drift_error_reduction_pct": 12.038715107123002,
      "base_shear_error_reduction_pct": 41.29808261892226,
      "buckling_error_reduction_pct": 26.955856375563446,
      "mode_shape_mac_gain_pct": 1.895343868316742
    }
  },
  "training": {
    "epochs": 8,
    "branches": 10,
    "top_k": 3,
    "lr": 0.055,
    "epsilon": 0.11,
    "temperature": 0.32,
    "seed": 23,
    "final_total_loss": 0.03801395371556282,
    "final_weighted_loss": 0.03727897256612778,
    "last_selected_branch_ids": [
      5,
      0,
      1
    ],
    "last_selected_weights": [
      0.33591876536526005,
      0.33392430029402986,
      0.3301569343407101
    ],
    "param_vector": [
      0.44446858763694763,
      -0.43896016478538513,
      0.18782484531402588,
      -0.44446706771850586,
      0.4434674382209778,
      0.4392017126083374,
      -0.43381649255752563,
      0.20109471678733826,
      -0.43912243843078613,
      0.27976739406585693,
      0.0,
      0.0,
      0.41030097007751465,
      0.0,
      0.0,
      0.41030097007751465,
      0.0
    ]
  },
  "metric_source_validation": {
    "enabled": true,
    "accepted_metric_sources": [
      "commercial_solver_export",
      "engine_export_direct",
      "open_data_measurement"
    ],
    "global_metric_source": "open_data_measurement",
    "missing_metric_source_case_ids": [],
    "invalid_metric_source_case_ids": [],
    "pass": true
  }
}