{
  "schema_version": "1.1",
  "run_id": "phase1-hf-benchmark-topk-residual-meta",
  "generated_at": "2026-03-01T11:31:26.919355+00:00",
  "algorithm": "topk_weighted_residual_correction_with_meta_learning",
  "contract_pass": false,
  "reason_code": "ERR_BENCHMARK_KPI_FAIL",
  "reason": "benchmark KPI thresholds violated",
  "kpi_pass": false,
  "metrics": {
    "drift_error_pct": 2.110435073997864,
    "base_shear_error_pct": 2.4038718472826868,
    "mode_shape_mac": 0.8602291941642761,
    "buckling_factor_error_pct": 2.088841974955749
  },
  "checks": {
    "drift_ok": true,
    "base_shear_ok": true,
    "mac_ok": true,
    "buckling_factor_ok": true,
    "improves_over_lf": false
  },
  "target_split": "test",
  "comparison": {
    "baseline_lf": {
      "train": {
        "case_count": 21,
        "drift_error_pct": 5.5515559128379,
        "base_shear_error_pct": 3.053355752060845,
        "mode_shape_mac": 0.8682812729378536,
        "buckling_factor_error_pct": 3.4419646659594965,
        "equilibrium_residual_mean": 0.058643131912554415
      },
      "val": {
        "case_count": 3,
        "drift_error_pct": 5.545811899296258,
        "base_shear_error_pct": 3.050196544612941,
        "mode_shape_mac": 0.8705823806650214,
        "buckling_factor_error_pct": 3.4384033775636773,
        "equilibrium_residual_mean": 0.05846749274292551
      },
      "test": {
        "case_count": 5,
        "drift_error_pct": 4.964165249921611,
        "base_shear_error_pct": 2.224972016918219,
        "mode_shape_mac": 0.8431084545412408,
        "buckling_factor_error_pct": 5.0235487413781845,
        "equilibrium_residual_mean": 0.057852699843822394
      },
      "all": {
        "case_count": 29,
        "drift_error_pct": 5.449687452313542,
        "base_shear_error_pct": 2.910204155576126,
        "mode_shape_mac": 0.8641791774619376,
        "buckling_factor_error_pct": 3.7142831663700475,
        "equilibrium_residual_mean": 0.05848868095212176
      }
    },
    "topk_residual_meta": {
      "train": {
        "case_count": 21,
        "drift_error_pct": 1.5475984167807926,
        "base_shear_error_pct": 0.5400241505842257,
        "mode_shape_mac": 0.8854861770357404,
        "buckling_factor_error_pct": 0.2239869309825339,
        "equilibrium_residual_mean": 0.056476139064346044
      },
      "val": {
        "case_count": 3,
        "drift_error_pct": 1.5588974078060673,
        "base_shear_error_pct": 0.5282945060701723,
        "mode_shape_mac": 0.8877200881640116,
        "buckling_factor_error_pct": 0.2042730486549292,
        "equilibrium_residual_mean": 0.056317521880070366
      },
      "test": {
        "case_count": 5,
        "drift_error_pct": 2.110435073997864,
        "base_shear_error_pct": 2.4038718472826868,
        "mode_shape_mac": 0.8602291941642761,
        "buckling_factor_error_pct": 2.088841974955749,
        "equilibrium_residual_mean": 0.05572513863444328
      },
      "all": {
        "case_count": 29,
        "drift_error_pct": 1.6458080808897995,
        "base_shear_error_pct": 0.8601637902376792,
        "mode_shape_mac": 0.8813626190711712,
        "buckling_factor_error_pct": 0.5434742955647154,
        "equilibrium_residual_mean": 0.05633024755736877
      }
    },
    "improvement_pct": {
      "drift_error_reduction_pct": 57.48660715855118,
      "base_shear_error_reduction_pct": -8.040542937356115,
      "buckling_error_reduction_pct": 58.41899656013517,
      "mode_shape_mac_gain_pct": 2.0306687153731797
    }
  },
  "training": {
    "epochs": 8,
    "branches": 10,
    "top_k": 3,
    "lr": 0.055,
    "epsilon": 0.11,
    "temperature": 0.32,
    "seed": 47,
    "final_total_loss": 0.03994952142238617,
    "final_weighted_loss": 0.03920108452439308,
    "last_selected_branch_ids": [
      1,
      9,
      6
    ],
    "last_selected_weights": [
      0.33484066414591945,
      0.33456071354289024,
      0.3305986223111903
    ],
    "param_vector": [
      0.44439709186553955,
      -0.4342021942138672,
      0.21104583144187927,
      -0.4438735842704773,
      0.4433107078075409,
      0.4392017126083374,
      -0.430048406124115,
      0.22190195322036743,
      -0.4382370412349701,
      0.27976739406585693,
      0.0,
      0.0,
      0.4162478446960449,
      0.0,
      0.0,
      0.4162478446960449,
      0.0
    ]
  },
  "metric_source_validation": {
    "enabled": true,
    "accepted_metric_sources": [
      "commercial_solver_export",
      "engine_export_direct",
      "open_data_measurement"
    ],
    "global_metric_source": "open_data_measurement",
    "missing_metric_source_case_ids": [],
    "invalid_metric_source_case_ids": [],
    "pass": true
  }
}