{
  "schema_version": "1.1",
  "run_id": "phase1-hf-benchmark-topk-residual-meta",
  "generated_at": "2026-03-01T11:30:47.771019+00:00",
  "algorithm": "topk_weighted_residual_correction_with_meta_learning",
  "contract_pass": true,
  "reason_code": "PASS",
  "reason": "top-k residual/meta benchmark KPI thresholds satisfied",
  "kpi_pass": true,
  "metrics": {
    "drift_error_pct": 1.6681993950286185,
    "base_shear_error_pct": 0.3625130980971442,
    "mode_shape_mac": 0.8743518948554992,
    "buckling_factor_error_pct": 0.07120746429182707
  },
  "checks": {
    "drift_ok": true,
    "base_shear_ok": true,
    "mac_ok": true,
    "buckling_factor_ok": true,
    "improves_over_lf": true
  },
  "target_split": "test",
  "comparison": {
    "baseline_lf": {
      "train": {
        "case_count": 21,
        "drift_error_pct": 5.5515559128379,
        "base_shear_error_pct": 3.053355752060845,
        "mode_shape_mac": 0.8682812729378536,
        "buckling_factor_error_pct": 3.4419646659594965,
        "equilibrium_residual_mean": 0.058643131912554415
      },
      "val": {
        "case_count": 3,
        "drift_error_pct": 5.545811899296258,
        "base_shear_error_pct": 3.050196544612941,
        "mode_shape_mac": 0.8705823806650214,
        "buckling_factor_error_pct": 3.4384033775636773,
        "equilibrium_residual_mean": 0.05846749274292551
      },
      "test": {
        "case_count": 5,
        "drift_error_pct": 5.581795873955986,
        "base_shear_error_pct": 3.1812953386383946,
        "mode_shape_mac": 0.8594113932797214,
        "buckling_factor_error_pct": 3.5970085133369913,
        "equilibrium_residual_mean": 0.057619495068224204
      },
      "all": {
        "case_count": 29,
        "drift_error_pct": 5.556175490940159,
        "base_shear_error_pct": 3.075087486907192,
        "mode_shape_mac": 0.8669900289685724,
        "buckling_factor_error_pct": 3.4683279546388075,
        "equilibrium_residual_mean": 0.05844847323219103
      }
    },
    "topk_residual_meta": {
      "train": {
        "case_count": 21,
        "drift_error_pct": 1.571053362138915,
        "base_shear_error_pct": 0.5569945804085081,
        "mode_shape_mac": 0.8835055970010304,
        "buckling_factor_error_pct": 0.20994628687103067,
        "equilibrium_residual_mean": 0.05648879334330559
      },
      "val": {
        "case_count": 3,
        "drift_error_pct": 1.5822650351660892,
        "base_shear_error_pct": 0.5451854585714231,
        "mode_shape_mac": 0.8857471744219462,
        "buckling_factor_error_pct": 0.18741045537210263,
        "equilibrium_residual_mean": 0.056330081075429916
      },
      "test": {
        "case_count": 5,
        "drift_error_pct": 1.6681993950286185,
        "base_shear_error_pct": 0.3625130980971442,
        "mode_shape_mac": 0.8743518948554992,
        "buckling_factor_error_pct": 0.07120746429182707,
        "equilibrium_residual_mean": 0.055541209131479266
      },
      "all": {
        "case_count": 29,
        "drift_error_pct": 1.5889625063985717,
        "base_shear_error_pct": 0.5222416570613331,
        "mode_shape_mac": 0.8821592598125853,
        "buckling_factor_error_pct": 0.18369450730576165,
        "equilibrium_residual_mean": 0.05630899824458977
      }
    },
    "improvement_pct": {
      "drift_error_reduction_pct": 70.11357217822595,
      "base_shear_error_reduction_pct": 88.6048587286366,
      "buckling_error_reduction_pct": 98.02036987046864,
      "mode_shape_mac_gain_pct": 1.7384574713119993
    }
  },
  "training": {
    "epochs": 8,
    "branches": 10,
    "top_k": 3,
    "lr": 0.055,
    "epsilon": 0.11,
    "temperature": 0.32,
    "seed": 23,
    "final_total_loss": 0.03801395371556282,
    "final_weighted_loss": 0.03727897256612778,
    "last_selected_branch_ids": [
      5,
      0,
      1
    ],
    "last_selected_weights": [
      0.33591876536526005,
      0.33392430029402986,
      0.3301569343407101
    ],
    "param_vector": [
      0.44446858763694763,
      -0.43896016478538513,
      0.18782484531402588,
      -0.44446706771850586,
      0.4434674382209778,
      0.4392017126083374,
      -0.43381649255752563,
      0.20109471678733826,
      -0.43912243843078613,
      0.27976739406585693,
      0.0,
      0.0,
      0.41030097007751465,
      0.0,
      0.0,
      0.41030097007751465,
      0.0
    ]
  },
  "metric_source_validation": {
    "enabled": true,
    "accepted_metric_sources": [
      "commercial_solver_export",
      "engine_export_direct",
      "open_data_measurement"
    ],
    "global_metric_source": "open_data_measurement",
    "missing_metric_source_case_ids": [],
    "invalid_metric_source_case_ids": [],
    "pass": true
  }
}