{
  "schema_version": "1.1",
  "run_id": "phase1-hf-benchmark-topk-residual-meta",
  "generated_at": "2026-03-01T11:30:53.994148+00:00",
  "algorithm": "topk_weighted_residual_correction_with_meta_learning",
  "contract_pass": true,
  "reason_code": "PASS",
  "reason": "top-k residual/meta benchmark KPI thresholds satisfied",
  "kpi_pass": true,
  "metrics": {
    "drift_error_pct": 4.788145025162072,
    "base_shear_error_pct": 6.810821303300301,
    "mode_shape_mac": 0.8574781537055969,
    "buckling_factor_error_pct": 11.52431848300333
  },
  "checks": {
    "drift_ok": true,
    "base_shear_ok": true,
    "mac_ok": true,
    "buckling_factor_ok": true,
    "improves_over_lf": true
  },
  "target_split": "test",
  "comparison": {
    "baseline_lf": {
      "train": {
        "case_count": 21,
        "drift_error_pct": 5.5515559128379,
        "base_shear_error_pct": 3.053355752060845,
        "mode_shape_mac": 0.8682812729378536,
        "buckling_factor_error_pct": 3.4419646659594965,
        "equilibrium_residual_mean": 0.058643131912554415
      },
      "val": {
        "case_count": 3,
        "drift_error_pct": 5.545811899296258,
        "base_shear_error_pct": 3.050196544612941,
        "mode_shape_mac": 0.8705823806650214,
        "buckling_factor_error_pct": 3.4384033775636773,
        "equilibrium_residual_mean": 0.05846749274292551
      },
      "test": {
        "case_count": 5,
        "drift_error_pct": 7.360456050432822,
        "base_shear_error_pct": 6.965244974647037,
        "mode_shape_mac": 0.8393478689869625,
        "buckling_factor_error_pct": 14.825007294692332,
        "equilibrium_residual_mean": 0.06161512350984433
      },
      "all": {
        "case_count": 29,
        "drift_error_pct": 5.862841038608581,
        "base_shear_error_pct": 3.7274925965638537,
        "mode_shape_mac": 0.8635308006422345,
        "buckling_factor_error_pct": 5.404189813493174,
        "equilibrium_residual_mean": 0.05913737468764278
      }
    },
    "topk_residual_meta": {
      "train": {
        "case_count": 21,
        "drift_error_pct": 1.5319327423675,
        "base_shear_error_pct": 0.5003516737637115,
        "mode_shape_mac": 0.8861828730219886,
        "buckling_factor_error_pct": 0.23962116249211135,
        "equilibrium_residual_mean": 0.05646640452600661
      },
      "val": {
        "case_count": 3,
        "drift_error_pct": 1.5432900554896827,
        "base_shear_error_pct": 0.4887838195648746,
        "mode_shape_mac": 0.8884140650431315,
        "buckling_factor_error_pct": 0.22306321819107797,
        "equilibrium_residual_mean": 0.056307860960563026
      },
      "test": {
        "case_count": 5,
        "drift_error_pct": 4.788145025162072,
        "base_shear_error_pct": 6.810821303300301,
        "mode_shape_mac": 0.8574781537055969,
        "buckling_factor_error_pct": 11.52431848300333,
        "equilibrium_residual_mean": 0.059271933138370515
      },
      "all": {
        "case_count": 29,
        "drift_error_pct": 2.0945235476550663,
        "base_shear_error_pct": 1.5871670042839336,
        "mode_shape_mac": 0.8814645964523842,
        "buckling_factor_error_pct": 2.183545740756008,
        "equilibrium_residual_mean": 0.05693371529723036
      }
    },
    "improvement_pct": {
      "drift_error_reduction_pct": 34.94771258255783,
      "base_shear_error_reduction_pct": 2.2170601595324557,
      "buckling_error_reduction_pct": 22.264331788023593,
      "mode_shape_mac_gain_pct": 2.160044171020114
    }
  },
  "training": {
    "epochs": 8,
    "branches": 10,
    "top_k": 3,
    "lr": 0.055,
    "epsilon": 0.11,
    "temperature": 0.32,
    "seed": 11,
    "final_total_loss": 0.03998972475528717,
    "final_weighted_loss": 0.039234645664691925,
    "last_selected_branch_ids": [
      6,
      4,
      5
    ],
    "last_selected_weights": [
      0.3340248168458853,
      0.3333300091968482,
      0.3326451739572665
    ],
    "param_vector": [
      0.44454872608184814,
      -0.427786648273468,
      0.21873505413532257,
      -0.4445474445819855,
      0.4436803460121155,
      0.4392017126083374,
      -0.4248034358024597,
      0.23111991584300995,
      -0.43912243843078613,
      0.27976739406585693,
      0.0,
      0.0,
      0.4198082387447357,
      0.0,
      0.0,
      0.4198082387447357,
      0.0
    ]
  },
  "metric_source_validation": {
    "enabled": true,
    "accepted_metric_sources": [
      "commercial_solver_export",
      "engine_export_direct",
      "open_data_measurement"
    ],
    "global_metric_source": "open_data_measurement",
    "missing_metric_source_case_ids": [],
    "invalid_metric_source_case_ids": [],
    "pass": true
  }
}