{
  "schema_version": "1.0",
  "run_id": "phase1-branch64-microbatch-cache-profile",
  "generated_at": "2026-03-01T12:52:41.431809+00:00",
  "hardware": {
    "gpu": "AMD Radeon RX 6900 XT",
    "cache_mb": 128.0,
    "cache_headroom_mb": 92.16
  },
  "inputs": {
    "runtime_hook_cmd": "python3 implementation/phase1/rust_hip_md3bead_hook.py",
    "branches": 64,
    "chunk_candidates": [
      64,
      32,
      16,
      8,
      4,
      2,
      1
    ],
    "node_count": 625469,
    "state_components": 5,
    "cache_headroom": 0.72,
    "graph_overhead_mb": 24.0,
    "cache_penalty_gain": 0.85,
    "repeats": 1
  },
  "full_batch_64": {
    "chunk_branches": 64,
    "num_chunks": 1,
    "avg_total_seconds": 246.10472676622373,
    "std_total_seconds": 0.0,
    "avg_peak_vram_mb": 2314.535888671875,
    "avg_cache_penalty": 15.51996488571167,
    "avg_branch_ms": 3845.3863557222458,
    "cache_safe_by_estimate": false,
    "estimated_working_set_mb": 2314.535888671875,
    "cache_headroom_mb": 92.16,
    "cache_fit_all_calls": false,
    "cache_fit_ratio_max": 18.082311630249023
  },
  "scenarios": [
    {
      "chunk_branches": 64,
      "num_chunks": 1,
      "avg_total_seconds": 246.10472676622373,
      "std_total_seconds": 0.0,
      "avg_peak_vram_mb": 2314.535888671875,
      "avg_cache_penalty": 15.51996488571167,
      "avg_branch_ms": 3845.3863557222458,
      "cache_safe_by_estimate": false,
      "estimated_working_set_mb": 2314.535888671875,
      "cache_headroom_mb": 92.16,
      "cache_fit_all_calls": false,
      "cache_fit_ratio_max": 18.082311630249023
    },
    {
      "chunk_branches": 32,
      "num_chunks": 2,
      "avg_total_seconds": 126.89634008358846,
      "std_total_seconds": 0.0,
      "avg_peak_vram_mb": 1169.2679443359375,
      "avg_cache_penalty": 7.914669942855835,
      "avg_branch_ms": 1982.7553138060696,
      "cache_safe_by_estimate": false,
      "estimated_working_set_mb": 1169.2679443359375,
      "cache_headroom_mb": 92.16,
      "cache_fit_all_calls": false,
      "cache_fit_ratio_max": 9.134905815124512
    },
    {
      "chunk_branches": 16,
      "num_chunks": 4,
      "avg_total_seconds": 66.34688860306748,
      "std_total_seconds": 0.0,
      "avg_peak_vram_mb": 596.6339721679688,
      "avg_cache_penalty": 4.112022471427917,
      "avg_branch_ms": 1036.6701344229293,
      "cache_safe_by_estimate": false,
      "estimated_working_set_mb": 596.6339721679688,
      "cache_headroom_mb": 92.16,
      "cache_fit_all_calls": false,
      "cache_fit_ratio_max": 4.661202907562256
    },
    {
      "chunk_branches": 8,
      "num_chunks": 8,
      "avg_total_seconds": 36.00084693773147,
      "std_total_seconds": 0.0,
      "avg_peak_vram_mb": 310.3169860839844,
      "avg_cache_penalty": 2.210698735713959,
      "avg_branch_ms": 562.5132334020542,
      "cache_safe_by_estimate": false,
      "estimated_working_set_mb": 310.3169860839844,
      "cache_headroom_mb": 92.16,
      "cache_fit_all_calls": false,
      "cache_fit_ratio_max": 2.424351453781128
    },
    {
      "chunk_branches": 4,
      "num_chunks": 16,
      "avg_total_seconds": 20.311536828880783,
      "std_total_seconds": 0.0,
      "avg_peak_vram_mb": 167.1584930419922,
      "avg_cache_penalty": 1.2600368678569793,
      "avg_branch_ms": 317.36776295126225,
      "cache_safe_by_estimate": false,
      "estimated_working_set_mb": 167.1584930419922,
      "cache_headroom_mb": 92.16,
      "cache_fit_all_calls": false,
      "cache_fit_ratio_max": 1.305925726890564
    },
    {
      "chunk_branches": 2,
      "num_chunks": 32,
      "avg_total_seconds": 16.112411423999998,
      "std_total_seconds": 0.0,
      "avg_peak_vram_mb": 95.5792465209961,
      "avg_cache_penalty": 1.0,
      "avg_branch_ms": 251.75642849999997,
      "cache_safe_by_estimate": false,
      "estimated_working_set_mb": 95.5792465209961,
      "cache_headroom_mb": 92.16,
      "cache_fit_all_calls": true,
      "cache_fit_ratio_max": 0.746712863445282
    },
    {
      "chunk_branches": 1,
      "num_chunks": 64,
      "avg_total_seconds": 16.11556757,
      "std_total_seconds": 0.0,
      "avg_peak_vram_mb": 59.78962326049805,
      "avg_cache_penalty": 1.0,
      "avg_branch_ms": 251.80574328125,
      "cache_safe_by_estimate": true,
      "estimated_working_set_mb": 59.78962326049805,
      "cache_headroom_mb": 92.16,
      "cache_fit_all_calls": true,
      "cache_fit_ratio_max": 0.467106431722641
    }
  ],
  "recommended": {
    "chunk_branches": 1,
    "num_chunks": 64,
    "avg_total_seconds": 16.11556757,
    "std_total_seconds": 0.0,
    "avg_peak_vram_mb": 59.78962326049805,
    "avg_cache_penalty": 1.0,
    "avg_branch_ms": 251.80574328125,
    "cache_safe_by_estimate": true,
    "estimated_working_set_mb": 59.78962326049805,
    "cache_headroom_mb": 92.16,
    "cache_fit_all_calls": true,
    "cache_fit_ratio_max": 0.467106431722641
  },
  "checks": {
    "full_batch_cache_safe": false,
    "full_batch_cache_fit": false,
    "microbatch_available": true,
    "recommended_chunk_le_16": true
  },
  "contract_pass": true,
  "reason_code": "PASS",
  "reason": "at least one cache-safe micro-batch chunk found and profiled"
}