{
  "schema_version": "1.2",
  "run_id": "phase1-hf-benchmark-topk-residual-meta-prod",
  "generated_at": "2026-03-28T12:12:06.560272+00:00",
  "algorithm": "topk_weighted_residual_correction_with_meta_learning",
  "source_cases_path": "implementation/phase1/stress/noise/noisy_cases_s01_k05_seed47.json",
  "source_cases_sha256": "bd46a1da8e9558a643abf16361d0404530fc86fa84dabc3e9b6173ca42221c1e",
  "source_family_order": [
    "zenodo_atwood_highrise_shm_2025"
  ],
  "contract_pass": true,
  "reason_code": "PASS",
  "reason": "top-k residual/meta benchmark KPI thresholds satisfied",
  "kpi_pass": true,
  "metrics": {
    "drift_error_pct": 0.9845185097979896,
    "base_shear_error_pct": 1.3284100020633667,
    "mode_shape_mac": 1.0,
    "buckling_factor_error_pct": 0.8459541246224178
  },
  "checks": {
    "drift_ok": true,
    "base_shear_ok": true,
    "mac_ok": true,
    "buckling_factor_ok": true,
    "improves_over_lf": true
  },
  "target_split": "all",
  "comparison": {
    "baseline_lf": {
      "train": {
        "case_count": 21,
        "drift_error_pct": 5.185646940549019,
        "base_shear_error_pct": 2.910707967530926,
        "mode_shape_mac": 0.9839401479258437,
        "buckling_factor_error_pct": 3.9853338671253233,
        "equilibrium_residual_mean": 0.059909358300296776
      },
      "val": {
        "case_count": 3,
        "drift_error_pct": 5.578935995930323,
        "base_shear_error_pct": 3.0684147977616796,
        "mode_shape_mac": 0.9888421280081392,
        "buckling_factor_error_pct": 3.4589403174768005,
        "equilibrium_residual_mean": 0.05948035400889162
      },
      "test": {
        "case_count": 5,
        "drift_error_pct": 5.515084095208609,
        "base_shear_error_pct": 3.033296252364738,
        "mode_shape_mac": 0.9889698318095828,
        "buckling_factor_error_pct": 3.419352139029338,
        "equilibrium_residual_mean": 0.05752790477793437
      },
      "all": {
        "case_count": 29,
        "drift_error_pct": 5.283131524667704,
        "base_shear_error_pct": 2.9481583783882135,
        "mode_shape_mac": 0.985314436190174,
        "buckling_factor_error_pct": 3.8332963054209963,
        "equilibrium_residual_mean": 0.05945438311112341
      }
    },
    "topk_residual_meta": {
      "train": {
        "case_count": 21,
        "drift_error_pct": 1.1285038943687924,
        "base_shear_error_pct": 1.453295514396988,
        "mode_shape_mac": 1.0,
        "buckling_factor_error_pct": 0.9434566282931569,
        "equilibrium_residual_mean": 0.04320559792575382
      },
      "val": {
        "case_count": 3,
        "drift_error_pct": 0.5781257163112252,
        "base_shear_error_pct": 1.0225528493741927,
        "mode_shape_mac": 1.0,
        "buckling_factor_error_pct": 0.5697612056451701,
        "equilibrium_residual_mean": 0.042965675393740334
      },
      "test": {
        "case_count": 5,
        "drift_error_pct": 0.623615570692676,
        "base_shear_error_pct": 0.9874051418756629,
        "mode_shape_mac": 1.0,
        "buckling_factor_error_pct": 0.6021593605916625,
        "equilibrium_residual_mean": 0.041611320525407794
      },
      "all": {
        "case_count": 29,
        "drift_error_pct": 0.9845185097979896,
        "base_shear_error_pct": 1.3284100020633667,
        "mode_shape_mac": 1.0,
        "buckling_factor_error_pct": 0.8459541246224178,
        "equilibrium_residual_mean": 0.0429059029396238
      }
    },
    "improvement_pct": {
      "drift_error_reduction_pct": 81.36486844589935,
      "base_shear_error_reduction_pct": 54.941023121369035,
      "buckling_error_reduction_pct": 77.9314183611092,
      "mode_shape_mac_gain_pct": 1.4904443972839103
    }
  },
  "training": {
    "epochs": 24,
    "branches": 10,
    "top_k": 3,
    "lr": 0.055,
    "epsilon": 0.11,
    "temperature": 0.32,
    "seed": 47,
    "final_total_loss": 0.03575924411416054,
    "final_weighted_loss": 0.034173302352428436,
    "last_selected_branch_ids": [
      5,
      3,
      7
    ],
    "last_selected_weights": [
      0.33588966456082114,
      0.33463183540245006,
      0.32947850003672885
    ],
    "param_vector": [
      0.17499668896198273,
      -0.03391538932919502,
      0.2657887041568756,
      -0.10541834682226181,
      0.9600249528884888,
      0.26262369751930237,
      -0.1679508090019226,
      -0.042772188782691956,
      -0.1117868721485138,
      0.11821704357862473,
      -0.21075348556041718,
      -0.20010769367218018,
      -0.17717376351356506,
      -0.23630215227603912,
      -0.2833268642425537,
      -0.19367031753063202,
      0.0,
      0.26235657930374146,
      -0.09612865746021271,
      0.30200064182281494,
      -0.19252516329288483,
      1.270308017730713
    ]
  },
  "metric_source_validation": {
    "enabled": true,
    "accepted_metric_sources": [
      "commercial_solver_export",
      "engine_export_direct",
      "open_data_measurement"
    ],
    "global_metric_source": "open_data_measurement",
    "missing_metric_source_case_ids": [],
    "invalid_metric_source_case_ids": [],
    "pass": true
  }
}