{
  "schema_version": "1.1",
  "run_id": "phase1-hf-benchmark-topk-residual-meta",
  "generated_at": "2026-03-01T12:07:55.947877+00:00",
  "algorithm": "topk_weighted_residual_correction_with_meta_learning",
  "contract_pass": true,
  "reason_code": "PASS",
  "reason": "top-k residual/meta benchmark KPI thresholds satisfied",
  "kpi_pass": true,
  "metrics": {
    "drift_error_pct": 1.6192150985176512,
    "base_shear_error_pct": 1.5447284957686038,
    "mode_shape_mac": 0.9784931391477585,
    "buckling_factor_error_pct": 0.7187434431704633
  },
  "checks": {
    "drift_ok": true,
    "base_shear_ok": true,
    "mac_ok": true,
    "buckling_factor_ok": true,
    "improves_over_lf": true
  },
  "target_split": "all",
  "comparison": {
    "baseline_lf": {
      "train": {
        "case_count": 7,
        "drift_error_pct": 10.787296909570475,
        "base_shear_error_pct": 6.5507268862798975,
        "mode_shape_mac": 0.9401347414766649,
        "buckling_factor_error_pct": 8.330283004168635,
        "equilibrium_residual_mean": 0.0262334500527366
      },
      "val": {
        "case_count": 2,
        "drift_error_pct": 9.506628628964595,
        "base_shear_error_pct": 5.376294212699743,
        "mode_shape_mac": 0.9475,
        "buckling_factor_error_pct": 8.103087388801681,
        "equilibrium_residual_mean": 0.0235
      },
      "test": {
        "case_count": 3,
        "drift_error_pct": 12.430072264312741,
        "base_shear_error_pct": 7.495167949188726,
        "mode_shape_mac": 0.9313333333333333,
        "buckling_factor_error_pct": 11.219466061392133,
        "equilibrium_residual_mean": 0.03266666666666667
      },
      "all": {
        "case_count": 12,
        "drift_error_pct": 10.984546034821728,
        "base_shear_error_pct": 6.591098373077078,
        "mode_shape_mac": 0.9391619325280546,
        "buckling_factor_error_pct": 9.014712832580015,
        "equilibrium_residual_mean": 0.027386179197429684
      }
    },
    "topk_residual_meta": {
      "train": {
        "case_count": 7,
        "drift_error_pct": 1.8046498131209707,
        "base_shear_error_pct": 1.4190876761173903,
        "mode_shape_mac": 0.9774975861821856,
        "buckling_factor_error_pct": 0.8014746315664975,
        "equilibrium_residual_mean": 0.024606469220348766
      },
      "val": {
        "case_count": 2,
        "drift_error_pct": 1.3191525138730822,
        "base_shear_error_pct": 1.1654224654874663,
        "mode_shape_mac": 0.9817371964454651,
        "buckling_factor_error_pct": 0.7654460140200307,
        "equilibrium_residual_mean": 0.02215511165559292
      },
      "test": {
        "case_count": 3,
        "drift_error_pct": 1.38657582087295,
        "base_shear_error_pct": 2.0907610951421933,
        "mode_shape_mac": 0.9786533912022909,
        "buckling_factor_error_pct": 0.49456895634667236,
        "equilibrium_residual_mean": 0.03020781713227431
      },
      "all": {
        "case_count": 12,
        "drift_error_pct": 1.6192150985176512,
        "base_shear_error_pct": 1.5447284957686038,
        "mode_shape_mac": 0.9784931391477585,
        "buckling_factor_error_pct": 0.7187434431704633,
        "equilibrium_residual_mean": 0.025598246604204178
      }
    },
    "improvement_pct": {
      "drift_error_reduction_pct": 85.25915323778848,
      "base_shear_error_reduction_pct": 76.56341313189289,
      "buckling_error_reduction_pct": 92.0269956845119,
      "mode_shape_mac_gain_pct": 4.187904690071007
    }
  },
  "training": {
    "epochs": 24,
    "branches": 10,
    "top_k": 3,
    "lr": 0.055,
    "epsilon": 0.11,
    "temperature": 0.32,
    "seed": 47,
    "final_total_loss": 0.06829731911420822,
    "final_weighted_loss": 0.05930868536233902,
    "last_selected_branch_ids": [
      7,
      8,
      6
    ],
    "last_selected_weights": [
      0.3344339627676442,
      0.3331383513202948,
      0.3324276859120609
    ],
    "param_vector": [
      1.3598817586898804,
      -1.1641426086425781,
      0.6061882376670837,
      -1.3629885911941528,
      0.9634330868721008,
      1.2490534782409668,
      -0.9931975603103638,
      0.3977349102497101,
      -1.2939658164978027,
      0.18250387907028198,
      1.0665688514709473,
      1.0624867677688599,
      1.0277600288391113,
      1.0544544458389282,
      1.0776668787002563,
      1.052533507347107,
      1.0566461086273193
    ]
  },
  "metric_source_validation": {
    "enabled": true,
    "accepted_metric_sources": [
      "commercial_solver_export",
      "engine_export_direct",
      "open_data_measurement"
    ],
    "global_metric_source": "commercial_solver_export",
    "missing_metric_source_case_ids": [],
    "invalid_metric_source_case_ids": [],
    "pass": true
  }
}