{
  "schema_version": "1.2",
  "run_id": "phase1-hf-benchmark-topk-residual-meta-prod",
  "generated_at": "2026-03-28T12:11:57.127876+00:00",
  "algorithm": "topk_weighted_residual_correction_with_meta_learning",
  "source_cases_path": "implementation/phase1/stress/noise/noisy_cases_s01_k05_seed11.json",
  "source_cases_sha256": "f8a0628da778eefa83d63305c53512e2814ee622e54dbd490195c300055b7687",
  "source_family_order": [
    "zenodo_atwood_highrise_shm_2025"
  ],
  "contract_pass": true,
  "reason_code": "PASS",
  "reason": "top-k residual/meta benchmark KPI thresholds satisfied",
  "kpi_pass": true,
  "metrics": {
    "drift_error_pct": 0.7091996653210362,
    "base_shear_error_pct": 0.4629770119951381,
    "mode_shape_mac": 1.0,
    "buckling_factor_error_pct": 1.2261141194765506
  },
  "checks": {
    "drift_ok": true,
    "base_shear_ok": true,
    "mac_ok": true,
    "buckling_factor_ok": true,
    "improves_over_lf": true
  },
  "target_split": "all",
  "comparison": {
    "baseline_lf": {
      "train": {
        "case_count": 21,
        "drift_error_pct": 5.530584285596392,
        "base_shear_error_pct": 3.16790855695917,
        "mode_shape_mac": 0.9844357477169862,
        "buckling_factor_error_pct": 4.527113332770655,
        "equilibrium_residual_mean": 0.05910704619874261
      },
      "val": {
        "case_count": 3,
        "drift_error_pct": 5.578935995930323,
        "base_shear_error_pct": 3.0684147977616796,
        "mode_shape_mac": 0.9888421280081392,
        "buckling_factor_error_pct": 3.4589403174768005,
        "equilibrium_residual_mean": 0.05948035400889162
      },
      "test": {
        "case_count": 5,
        "drift_error_pct": 5.515084095208609,
        "base_shear_error_pct": 3.033296252364738,
        "mode_shape_mac": 0.9889698318095828,
        "buckling_factor_error_pct": 3.419352139029338,
        "equilibrium_residual_mean": 0.05752790477793437
      },
      "all": {
        "case_count": 29,
        "drift_error_pct": 5.532913740046836,
        "base_shear_error_pct": 3.1344070810776317,
        "mode_shape_mac": 0.9856733187975533,
        "buckling_factor_error_pct": 4.225619366750374,
        "equilibrium_residual_mean": 0.05887339848586005
      }
    },
    "topk_residual_meta": {
      "train": {
        "case_count": 21,
        "drift_error_pct": 0.9409190060422422,
        "base_shear_error_pct": 0.6162467352375864,
        "mode_shape_mac": 1.0,
        "buckling_factor_error_pct": 1.4680848776355726,
        "equilibrium_residual_mean": 0.042836877916540415
      },
      "val": {
        "case_count": 3,
        "drift_error_pct": 0.13285548175161008,
        "base_shear_error_pct": 0.07581897863726035,
        "mode_shape_mac": 1.0,
        "buckling_factor_error_pct": 0.567959769693748,
        "equilibrium_residual_mean": 0.043129224330186844
      },
      "test": {
        "case_count": 5,
        "drift_error_pct": 0.0817849444336253,
        "base_shear_error_pct": 0.05153899439158175,
        "mode_shape_mac": 1.0,
        "buckling_factor_error_pct": 0.6047295450783392,
        "equilibrium_residual_mean": 0.04174655303359032
      },
      "all": {
        "case_count": 29,
        "drift_error_pct": 0.7091996653210362,
        "base_shear_error_pct": 0.4629770119951381,
        "mode_shape_mac": 1.0,
        "buckling_factor_error_pct": 1.2261141194765506,
        "equilibrium_residual_mean": 0.0426791336002021
      }
    },
    "improvement_pct": {
      "drift_error_reduction_pct": 87.182166600793,
      "base_shear_error_reduction_pct": 85.22919965341696,
      "buckling_error_reduction_pct": 70.98380111743316,
      "mode_shape_mac_gain_pct": 1.4534918343862853
    }
  },
  "training": {
    "epochs": 24,
    "branches": 10,
    "top_k": 3,
    "lr": 0.055,
    "epsilon": 0.11,
    "temperature": 0.32,
    "seed": 11,
    "final_total_loss": 0.036023352295160294,
    "final_weighted_loss": 0.03455452620983124,
    "last_selected_branch_ids": [
      8,
      4,
      0
    ],
    "last_selected_weights": [
      0.33606234032736443,
      0.3321065592955656,
      0.33183110037707
    ],
    "param_vector": [
      0.1601455807685852,
      -0.10148729383945465,
      0.26393529772758484,
      -0.11055975407361984,
      0.953406810760498,
      0.2313144952058792,
      -0.05219394713640213,
      -0.037556856870651245,
      -0.13887299597263336,
      0.05956112593412399,
      -0.17545373737812042,
      -0.22230367362499237,
      -0.12118757516145706,
      -0.1536628007888794,
      -0.16819922626018524,
      -0.15208810567855835,
      0.0,
      0.22782674431800842,
      -0.1379684954881668,
      0.3019488751888275,
      -0.18769571185112,
      1.2307277917861938
    ]
  },
  "metric_source_validation": {
    "enabled": true,
    "accepted_metric_sources": [
      "commercial_solver_export",
      "engine_export_direct",
      "open_data_measurement"
    ],
    "global_metric_source": "open_data_measurement",
    "missing_metric_source_case_ids": [],
    "invalid_metric_source_case_ids": [],
    "pass": true
  }
}