{
  "schema_version": "1.2",
  "run_id": "phase1-hf-benchmark-topk-residual-meta-prod",
  "generated_at": "2026-03-28T12:12:39.754217+00:00",
  "algorithm": "topk_weighted_residual_correction_with_meta_learning",
  "source_cases_path": "implementation/phase1/stress/noise/noisy_cases_s02_k10_seed11.json",
  "source_cases_sha256": "abe85e066b77d0c7b48f105449c36261fce08fc4273ceb2f35e04f04331e3183",
  "source_family_order": [
    "zenodo_atwood_highrise_shm_2025"
  ],
  "contract_pass": true,
  "reason_code": "PASS",
  "reason": "top-k residual/meta benchmark KPI thresholds satisfied",
  "kpi_pass": true,
  "metrics": {
    "drift_error_pct": 0.901988131108708,
    "base_shear_error_pct": 0.9429441462551718,
    "mode_shape_mac": 1.0,
    "buckling_factor_error_pct": 1.6797631167545364
  },
  "checks": {
    "drift_ok": true,
    "base_shear_ok": true,
    "mac_ok": true,
    "buckling_factor_ok": true,
    "improves_over_lf": true
  },
  "target_split": "all",
  "comparison": {
    "baseline_lf": {
      "train": {
        "case_count": 21,
        "drift_error_pct": 5.745496128656339,
        "base_shear_error_pct": 2.986958498708275,
        "mode_shape_mac": 0.9817244602783077,
        "buckling_factor_error_pct": 4.9595795846036355,
        "equilibrium_residual_mean": 0.05983246501664974
      },
      "val": {
        "case_count": 3,
        "drift_error_pct": 5.578935995930323,
        "base_shear_error_pct": 3.0684147977616796,
        "mode_shape_mac": 0.9888421280081392,
        "buckling_factor_error_pct": 3.4589403174768005,
        "equilibrium_residual_mean": 0.05948035400889162
      },
      "test": {
        "case_count": 5,
        "drift_error_pct": 5.515084095208609,
        "base_shear_error_pct": 3.033296252364738,
        "mode_shape_mac": 0.9889698318095828,
        "buckling_factor_error_pct": 3.419352139029338,
        "equilibrium_residual_mean": 0.05752790477793437
      },
      "all": {
        "case_count": 29,
        "drift_error_pct": 5.688539557435073,
        "base_shear_error_pct": 3.003374280275259,
        "mode_shape_mac": 0.9837099727212686,
        "buckling_factor_error_pct": 4.538784583594946,
        "equilibrium_residual_mean": 0.0593987017677928
      }
    },
    "topk_residual_meta": {
      "train": {
        "case_count": 21,
        "drift_error_pct": 0.9861736544449946,
        "base_shear_error_pct": 1.0562574854938576,
        "mode_shape_mac": 1.0,
        "buckling_factor_error_pct": 2.0309909077849806,
        "equilibrium_residual_mean": 0.04322851715343339
      },
      "val": {
        "case_count": 3,
        "drift_error_pct": 0.6295592692647282,
        "base_shear_error_pct": 0.6727692311876509,
        "mode_shape_mac": 1.0,
        "buckling_factor_error_pct": 0.7236269763625837,
        "equilibrium_residual_mean": 0.04312374318639437
      },
      "test": {
        "case_count": 5,
        "drift_error_pct": 0.711866250202693,
        "base_shear_error_pct": 0.6291330704932034,
        "mode_shape_mac": 1.0,
        "buckling_factor_error_pct": 0.7782880786618428,
        "equilibrium_residual_mean": 0.041650313138961795
      },
      "all": {
        "case_count": 29,
        "drift_error_pct": 0.901988131108708,
        "base_shear_error_pct": 0.9429441462551718,
        "mode_shape_mac": 1.0,
        "buckling_factor_error_pct": 1.6797631167545364,
        "equilibrium_residual_mean": 0.04294557432676184
      }
    },
    "improvement_pct": {
      "drift_error_reduction_pct": 84.14376621623761,
      "base_shear_error_reduction_pct": 68.60384160415894,
      "buckling_error_reduction_pct": 62.99090459534259,
      "mode_shape_mac_gain_pct": 1.6559786655072513
    }
  },
  "training": {
    "epochs": 24,
    "branches": 10,
    "top_k": 3,
    "lr": 0.055,
    "epsilon": 0.11,
    "temperature": 0.32,
    "seed": 11,
    "final_total_loss": 0.03958314657211304,
    "final_weighted_loss": 0.038063302636146545,
    "last_selected_branch_ids": [
      2,
      7,
      8
    ],
    "last_selected_weights": [
      0.3344527661546328,
      0.33381747301192555,
      0.3317297608334416
    ],
    "param_vector": [
      0.18422463536262512,
      -0.076117143034935,
      0.30151087045669556,
      -0.10017146915197372,
      0.9576472640037537,
      0.15182454884052277,
      -0.015419790521264076,
      -0.028910599648952484,
      -0.22629910707473755,
      0.07396004348993301,
      -0.2410232424736023,
      -0.18467022478580475,
      -0.1439519077539444,
      -0.14250388741493225,
      -0.1965199112892151,
      -0.15703344345092773,
      0.0,
      0.26478394865989685,
      -0.11300384998321533,
      0.3384360671043396,
      -0.19613276422023773,
      1.246009111404419
    ]
  },
  "metric_source_validation": {
    "enabled": true,
    "accepted_metric_sources": [
      "commercial_solver_export",
      "engine_export_direct",
      "open_data_measurement"
    ],
    "global_metric_source": "open_data_measurement",
    "missing_metric_source_case_ids": [],
    "invalid_metric_source_case_ids": [],
    "pass": true
  }
}