{
  "schema_version": "1.2",
  "run_id": "phase1-hf-benchmark-topk-residual-meta-prod",
  "generated_at": "2026-03-28T12:11:38.201821+00:00",
  "algorithm": "topk_weighted_residual_correction_with_meta_learning",
  "source_cases_path": "implementation/phase1/stress/noise/noisy_cases_s00_k05_seed47.json",
  "source_cases_sha256": "2f23974a4e254a91e2a8e592fb58e1c5541af7690fc6ee597f937ed2e64e6752",
  "source_family_order": [
    "zenodo_atwood_highrise_shm_2025"
  ],
  "contract_pass": true,
  "reason_code": "PASS",
  "reason": "top-k residual/meta benchmark KPI thresholds satisfied",
  "kpi_pass": true,
  "metrics": {
    "drift_error_pct": 1.5628139117049955,
    "base_shear_error_pct": 0.8627379733350715,
    "mode_shape_mac": 1.0,
    "buckling_factor_error_pct": 0.9993753617382282
  },
  "checks": {
    "drift_ok": true,
    "base_shear_ok": true,
    "mac_ok": true,
    "buckling_factor_ok": true,
    "improves_over_lf": true
  },
  "target_split": "all",
  "comparison": {
    "baseline_lf": {
      "train": {
        "case_count": 21,
        "drift_error_pct": 5.41259352916647,
        "base_shear_error_pct": 3.8984063591148206,
        "mode_shape_mac": 0.9854198543858155,
        "buckling_factor_error_pct": 4.697833538684752,
        "equilibrium_residual_mean": 0.05971222297596076
      },
      "val": {
        "case_count": 3,
        "drift_error_pct": 5.578935995930323,
        "base_shear_error_pct": 3.0684147977616796,
        "mode_shape_mac": 0.9888421280081392,
        "buckling_factor_error_pct": 3.4589403174768005,
        "equilibrium_residual_mean": 0.05948035400889162
      },
      "test": {
        "case_count": 5,
        "drift_error_pct": 5.515084095208609,
        "base_shear_error_pct": 3.033296252364738,
        "mode_shape_mac": 0.9889698318095828,
        "buckling_factor_error_pct": 3.419352139029338,
        "equilibrium_residual_mean": 0.05752790477793437
      },
      "all": {
        "case_count": 29,
        "drift_error_pct": 5.447472157804478,
        "base_shear_error_pct": 3.6633882481558606,
        "mode_shape_mac": 0.9863859477646363,
        "buckling_factor_error_pct": 4.34924434344679,
        "equilibrium_residual_mean": 0.05931162994522493
      }
    },
    "topk_residual_meta": {
      "train": {
        "case_count": 21,
        "drift_error_pct": 1.8259091703287755,
        "base_shear_error_pct": 1.0976435288529152,
        "mode_shape_mac": 1.0,
        "buckling_factor_error_pct": 1.3470071599196833,
        "equilibrium_residual_mean": 0.04328779468224162
      },
      "val": {
        "case_count": 3,
        "drift_error_pct": 0.8453214242328119,
        "base_shear_error_pct": 0.2625025359878381,
        "mode_shape_mac": 1.0,
        "buckling_factor_error_pct": 0.09929199402891624,
        "equilibrium_residual_mean": 0.04323431849479675
      },
      "test": {
        "case_count": 5,
        "drift_error_pct": 0.8883093179684302,
        "base_shear_error_pct": 0.23627590256846914,
        "mode_shape_mac": 1.0,
        "buckling_factor_error_pct": 0.07937183000170207,
        "equilibrium_residual_mean": 0.041868779063224795
      },
      "all": {
        "case_count": 29,
        "drift_error_pct": 1.5628139117049955,
        "base_shear_error_pct": 0.8627379733350715,
        "mode_shape_mac": 1.0,
        "buckling_factor_error_pct": 0.9993753617382282,
        "equilibrium_residual_mean": 0.04303760479750304
      }
    },
    "improvement_pct": {
      "drift_error_reduction_pct": 71.31120882433544,
      "base_shear_error_reduction_pct": 76.44972591236075,
      "buckling_error_reduction_pct": 77.02186212545097,
      "mode_shape_mac_gain_pct": 1.3801952740928742
    }
  },
  "training": {
    "epochs": 24,
    "branches": 10,
    "top_k": 3,
    "lr": 0.055,
    "epsilon": 0.11,
    "temperature": 0.32,
    "seed": 47,
    "final_total_loss": 0.0471658930182457,
    "final_weighted_loss": 0.045643921941518784,
    "last_selected_branch_ids": [
      5,
      7,
      6
    ],
    "last_selected_weights": [
      0.3401192901133801,
      0.3307500096842183,
      0.32913070020240154
    ],
    "param_vector": [
      0.19132202863693237,
      -0.10793392360210419,
      0.27628764510154724,
      -0.0968816727399826,
      0.8982169032096863,
      0.25399038195610046,
      -0.07639960944652557,
      -0.00030219368636608124,
      -0.07514503598213196,
      0.0921684056520462,
      -0.24430346488952637,
      -0.12403775006532669,
      -0.202385812997818,
      -0.2749720811843872,
      -0.28048110008239746,
      -0.19318652153015137,
      0.0,
      0.27455413341522217,
      -0.13012397289276123,
      0.30252379179000854,
      -0.16217577457427979,
      1.2616475820541382
    ]
  },
  "metric_source_validation": {
    "enabled": true,
    "accepted_metric_sources": [
      "commercial_solver_export",
      "engine_export_direct",
      "open_data_measurement"
    ],
    "global_metric_source": "open_data_measurement",
    "missing_metric_source_case_ids": [],
    "invalid_metric_source_case_ids": [],
    "pass": true
  }
}