{
  "schema_version": "1.2",
  "run_id": "phase1-hf-benchmark-topk-residual-meta-prod",
  "generated_at": "2026-03-28T12:12:01.841395+00:00",
  "algorithm": "topk_weighted_residual_correction_with_meta_learning",
  "source_cases_path": "implementation/phase1/stress/noise/noisy_cases_s01_k05_seed23.json",
  "source_cases_sha256": "c2d8dbdc9dcd3f51fd2334497b04fca5e70d0dd70672f09f885fa0437616b5b3",
  "source_family_order": [
    "zenodo_atwood_highrise_shm_2025"
  ],
  "contract_pass": true,
  "reason_code": "PASS",
  "reason": "top-k residual/meta benchmark KPI thresholds satisfied",
  "kpi_pass": true,
  "metrics": {
    "drift_error_pct": 1.0981302387409357,
    "base_shear_error_pct": 1.3937545127741748,
    "mode_shape_mac": 1.0,
    "buckling_factor_error_pct": 0.8688657119737357
  },
  "checks": {
    "drift_ok": true,
    "base_shear_ok": true,
    "mac_ok": true,
    "buckling_factor_ok": true,
    "improves_over_lf": true
  },
  "target_split": "all",
  "comparison": {
    "baseline_lf": {
      "train": {
        "case_count": 21,
        "drift_error_pct": 5.646877919431759,
        "base_shear_error_pct": 2.9891847217242264,
        "mode_shape_mac": 0.9845922265139775,
        "buckling_factor_error_pct": 4.486921805572493,
        "equilibrium_residual_mean": 0.05962331415326429
      },
      "val": {
        "case_count": 3,
        "drift_error_pct": 5.578935995930323,
        "base_shear_error_pct": 3.0684147977616796,
        "mode_shape_mac": 0.9888421280081392,
        "buckling_factor_error_pct": 3.4589403174768005,
        "equilibrium_residual_mean": 0.05948035400889162
      },
      "test": {
        "case_count": 5,
        "drift_error_pct": 5.515084095208609,
        "base_shear_error_pct": 3.033296252364738,
        "mode_shape_mac": 0.9889698318095828,
        "buckling_factor_error_pct": 3.419352139029338,
        "equilibrium_residual_mean": 0.05752790477793437
      },
      "all": {
        "case_count": 29,
        "drift_error_pct": 5.61712637144486,
        "base_shear_error_pct": 3.0049863728040513,
        "mode_shape_mac": 0.9857866310298573,
        "buckling_factor_error_pct": 4.196515157399981,
        "equilibrium_residual_mean": 0.059247247694306795
      }
    },
    "topk_residual_meta": {
      "train": {
        "case_count": 21,
        "drift_error_pct": 1.3711755991301375,
        "base_shear_error_pct": 1.4569734145853763,
        "mode_shape_mac": 1.0,
        "buckling_factor_error_pct": 1.143192234739746,
        "equilibrium_residual_mean": 0.04325183818028087
      },
      "val": {
        "case_count": 3,
        "drift_error_pct": 0.4352221005565677,
        "base_shear_error_pct": 1.2545836508901964,
        "mode_shape_mac": 1.0,
        "buckling_factor_error_pct": 0.11554766865507259,
        "equilibrium_residual_mean": 0.04320644587278366
      },
      "test": {
        "case_count": 5,
        "drift_error_pct": 0.3490846080169093,
        "base_shear_error_pct": 1.2117376422975157,
        "mode_shape_mac": 1.0,
        "buckling_factor_error_pct": 0.16868514234769166,
        "equilibrium_residual_mean": 0.04172355905175209
      },
      "all": {
        "case_count": 29,
        "drift_error_pct": 1.0981302387409357,
        "base_shear_error_pct": 1.3937545127741748,
        "mode_shape_mac": 1.0,
        "buckling_factor_error_pct": 0.8688657119737357,
        "equilibrium_residual_mean": 0.0429836460228624
      }
    },
    "improvement_pct": {
      "drift_error_reduction_pct": 80.45031985886281,
      "base_shear_error_reduction_pct": 53.618607878290746,
      "buckling_error_reduction_pct": 79.2955421490231,
      "mode_shape_mac_gain_pct": 1.4418301610860658
    }
  },
  "training": {
    "epochs": 24,
    "branches": 10,
    "top_k": 3,
    "lr": 0.055,
    "epsilon": 0.11,
    "temperature": 0.32,
    "seed": 23,
    "final_total_loss": 0.04163336753845215,
    "final_weighted_loss": 0.04007965326309204,
    "last_selected_branch_ids": [
      2,
      4,
      3
    ],
    "last_selected_weights": [
      0.33531377856757644,
      0.3338006246548287,
      0.3308855967775948
    ],
    "param_vector": [
      0.1799098253250122,
      -0.056186165660619736,
      0.282553493976593,
      -0.08398844301700592,
      0.8963939547538757,
      0.1471453309059143,
      -0.03319884091615677,
      0.020211443305015564,
      -0.14574940502643585,
      0.12076657265424728,
      -0.28574416041374207,
      -0.2864426374435425,
      -0.24354223906993866,
      -0.16953612864017487,
      -0.25392115116119385,
      -0.2824065089225769,
      0.0,
      0.22057144343852997,
      -0.08677936345338821,
      0.30848973989486694,
      -0.17191973328590393,
      1.272568702697754
    ]
  },
  "metric_source_validation": {
    "enabled": true,
    "accepted_metric_sources": [
      "commercial_solver_export",
      "engine_export_direct",
      "open_data_measurement"
    ],
    "global_metric_source": "open_data_measurement",
    "missing_metric_source_case_ids": [],
    "invalid_metric_source_case_ids": [],
    "pass": true
  }
}