{
  "schema_version": "1.2",
  "run_id": "phase1-hf-benchmark-topk-residual-meta-prod",
  "generated_at": "2026-03-28T12:12:54.259116+00:00",
  "algorithm": "topk_weighted_residual_correction_with_meta_learning",
  "source_cases_path": "implementation/phase1/stress/noise/noisy_cases_s05_k05_seed11.json",
  "source_cases_sha256": "a48364ee10e48e05264a3ed9c7b7d22298421ce6cc5ebef8049d08e2ca4a6619",
  "source_family_order": [
    "zenodo_atwood_highrise_shm_2025"
  ],
  "contract_pass": true,
  "reason_code": "PASS",
  "reason": "top-k residual/meta benchmark KPI thresholds satisfied",
  "kpi_pass": true,
  "metrics": {
    "drift_error_pct": 0.9607788995570128,
    "base_shear_error_pct": 1.2379725813757736,
    "mode_shape_mac": 1.0,
    "buckling_factor_error_pct": 0.8581193051388133
  },
  "checks": {
    "drift_ok": true,
    "base_shear_ok": true,
    "mac_ok": true,
    "buckling_factor_ok": true,
    "improves_over_lf": true
  },
  "target_split": "all",
  "comparison": {
    "baseline_lf": {
      "train": {
        "case_count": 21,
        "drift_error_pct": 5.225616616934569,
        "base_shear_error_pct": 2.575889764936595,
        "mode_shape_mac": 0.9829915271796821,
        "buckling_factor_error_pct": 4.206346026030914,
        "equilibrium_residual_mean": 0.059942366242271304
      },
      "val": {
        "case_count": 3,
        "drift_error_pct": 5.578935995930323,
        "base_shear_error_pct": 3.0684147977616796,
        "mode_shape_mac": 0.9888421280081392,
        "buckling_factor_error_pct": 3.4589403174768005,
        "equilibrium_residual_mean": 0.05948035400889162
      },
      "test": {
        "case_count": 5,
        "drift_error_pct": 5.515084095208609,
        "base_shear_error_pct": 3.033296252364738,
        "mode_shape_mac": 0.9889698318095828,
        "buckling_factor_error_pct": 3.419352139029338,
        "equilibrium_residual_mean": 0.05752790477793437
      },
      "all": {
        "case_count": 29,
        "drift_error_pct": 5.3120750834296535,
        "base_shear_error_pct": 2.7057038178888697,
        "mode_shape_mac": 0.9846275039257123,
        "buckling_factor_error_pct": 3.993339592904355,
        "equilibrium_residual_mean": 0.05947828541393257
      }
    },
    "topk_residual_meta": {
      "train": {
        "case_count": 21,
        "drift_error_pct": 1.1633250708335776,
        "base_shear_error_pct": 1.3911889826359571,
        "mode_shape_mac": 1.0,
        "buckling_factor_error_pct": 1.074680917220331,
        "equilibrium_residual_mean": 0.042847289748135065
      },
      "val": {
        "case_count": 3,
        "drift_error_pct": 0.40530924269875834,
        "base_shear_error_pct": 0.820468532059578,
        "mode_shape_mac": 1.0,
        "buckling_factor_error_pct": 0.2703505485151051,
        "equilibrium_residual_mean": 0.042318426072597504
      },
      "test": {
        "case_count": 5,
        "drift_error_pct": 0.4433667743103924,
        "base_shear_error_pct": 0.8449661256727193,
        "mode_shape_mac": 1.0,
        "buckling_factor_error_pct": 0.30122178837066443,
        "equilibrium_residual_mean": 0.041008506715297696
      },
      "all": {
        "case_count": 29,
        "drift_error_pct": 0.9607788995570128,
        "base_shear_error_pct": 1.2379725813757736,
        "mode_shape_mac": 1.0,
        "buckling_factor_error_pct": 0.8581193051388133,
        "equilibrium_residual_mean": 0.042475548155348875
      }
    },
    "improvement_pct": {
      "drift_error_reduction_pct": 81.91330347430441,
      "base_shear_error_reduction_pct": 54.245820507371576,
      "buckling_error_reduction_pct": 78.51123639312871,
      "mode_shape_mac_gain_pct": 1.5612499156277393
    }
  },
  "training": {
    "epochs": 24,
    "branches": 10,
    "top_k": 3,
    "lr": 0.055,
    "epsilon": 0.11,
    "temperature": 0.32,
    "seed": 11,
    "final_total_loss": 0.03587622195482254,
    "final_weighted_loss": 0.03433079272508621,
    "last_selected_branch_ids": [
      8,
      3,
      5
    ],
    "last_selected_weights": [
      0.33409078097101347,
      0.3331398697190541,
      0.33276934930993246
    ],
    "param_vector": [
      0.17824271321296692,
      -0.11381074786186218,
      0.27260974049568176,
      -0.09143710136413574,
      1.0128285884857178,
      0.20884108543395996,
      -0.1947164535522461,
      -0.041677989065647125,
      -0.11833612620830536,
      0.0739322081208229,
      -0.05526639521121979,
      -0.3156968057155609,
      -0.04563439264893532,
      -0.028354749083518982,
      -0.032580845057964325,
      -0.13574929535388947,
      0.0,
      0.2421812266111374,
      -0.17232346534729004,
      0.3112160563468933,
      -0.1716446876525879,
      1.2427222728729248
    ]
  },
  "metric_source_validation": {
    "enabled": true,
    "accepted_metric_sources": [
      "commercial_solver_export",
      "engine_export_direct",
      "open_data_measurement"
    ],
    "global_metric_source": "open_data_measurement",
    "missing_metric_source_case_ids": [],
    "invalid_metric_source_case_ids": [],
    "pass": true
  }
}