{
  "schema_version": "1.2",
  "run_id": "phase1-hf-benchmark-topk-residual-meta-prod",
  "generated_at": "2026-03-28T12:13:03.991322+00:00",
  "algorithm": "topk_weighted_residual_correction_with_meta_learning",
  "source_cases_path": "implementation/phase1/stress/noise/noisy_cases_s05_k05_seed47.json",
  "source_cases_sha256": "488647cc70cdeb212860b5c1b8d0bd3031105adfbf023573ef2e5f669621c6b8",
  "source_family_order": [
    "zenodo_atwood_highrise_shm_2025"
  ],
  "contract_pass": true,
  "reason_code": "PASS",
  "reason": "top-k residual/meta benchmark KPI thresholds satisfied",
  "kpi_pass": true,
  "metrics": {
    "drift_error_pct": 1.1520272480365539,
    "base_shear_error_pct": 0.34759440469346015,
    "mode_shape_mac": 1.0,
    "buckling_factor_error_pct": 1.9294855818307548
  },
  "checks": {
    "drift_ok": true,
    "base_shear_ok": true,
    "mac_ok": true,
    "buckling_factor_ok": true,
    "improves_over_lf": true
  },
  "target_split": "all",
  "comparison": {
    "baseline_lf": {
      "train": {
        "case_count": 21,
        "drift_error_pct": 5.474329735954372,
        "base_shear_error_pct": 2.9734932444926723,
        "mode_shape_mac": 0.9825537052584485,
        "buckling_factor_error_pct": 5.529652200080489,
        "equilibrium_residual_mean": 0.06002442703972947
      },
      "val": {
        "case_count": 3,
        "drift_error_pct": 5.578935995930323,
        "base_shear_error_pct": 3.0684147977616796,
        "mode_shape_mac": 0.9888421280081392,
        "buckling_factor_error_pct": 3.4589403174768005,
        "equilibrium_residual_mean": 0.05948035400889162
      },
      "test": {
        "case_count": 5,
        "drift_error_pct": 5.515084095208609,
        "base_shear_error_pct": 3.033296252364738,
        "mode_shape_mac": 0.9889698318095828,
        "buckling_factor_error_pct": 3.419352139029338,
        "equilibrium_residual_mean": 0.05752790477793437
      },
      "all": {
        "case_count": 29,
        "drift_error_pct": 5.492177686857787,
        "base_shear_error_pct": 2.9936235789467194,
        "mode_shape_mac": 0.9843104604655089,
        "buckling_factor_error_pct": 4.951595787905771,
        "equilibrium_residual_mean": 0.05953770875002294
      }
    },
    "topk_residual_meta": {
      "train": {
        "case_count": 21,
        "drift_error_pct": 1.2766559396871249,
        "base_shear_error_pct": 0.45277868900717344,
        "mode_shape_mac": 1.0,
        "buckling_factor_error_pct": 2.468452901641731,
        "equilibrium_residual_mean": 0.04315139353275299
      },
      "val": {
        "case_count": 3,
        "drift_error_pct": 0.8177731861107037,
        "base_shear_error_pct": 0.06061500012743859,
        "mode_shape_mac": 1.0,
        "buckling_factor_error_pct": 0.5061736062641969,
        "equilibrium_residual_mean": 0.043048748125632606
      },
      "test": {
        "case_count": 5,
        "drift_error_pct": 0.8291391802596657,
        "base_shear_error_pct": 0.07800805331547736,
        "mode_shape_mac": 1.0,
        "buckling_factor_error_pct": 0.5198100239645866,
        "equilibrium_residual_mean": 0.04176077395677567
      },
      "all": {
        "case_count": 29,
        "drift_error_pct": 1.1520272480365539,
        "base_shear_error_pct": 0.34759440469346015,
        "mode_shape_mac": 1.0,
        "buckling_factor_error_pct": 1.9294855818307548,
        "equilibrium_residual_mean": 0.04290101304650307
      }
    },
    "improvement_pct": {
      "drift_error_reduction_pct": 79.02421746490037,
      "base_shear_error_reduction_pct": 88.38884062986442,
      "buckling_error_reduction_pct": 61.03305551427468,
      "mode_shape_mac_gain_pct": 1.5939624909676475
    }
  },
  "training": {
    "epochs": 24,
    "branches": 10,
    "top_k": 3,
    "lr": 0.055,
    "epsilon": 0.11,
    "temperature": 0.32,
    "seed": 47,
    "final_total_loss": 0.04535406455397606,
    "final_weighted_loss": 0.04376508295536041,
    "last_selected_branch_ids": [
      3,
      5,
      6
    ],
    "last_selected_weights": [
      0.33614054441776575,
      0.334301969360399,
      0.3295574862218352
    ],
    "param_vector": [
      0.2062537670135498,
      -0.09130361676216125,
      0.281913161277771,
      -0.12534216046333313,
      0.9211729764938354,
      0.16833022236824036,
      -0.13135899603366852,
      0.0014123087748885155,
      -0.06963372975587845,
      0.10065046697854996,
      -0.18229442834854126,
      0.34479859471321106,
      -0.26771512627601624,
      -0.2635979652404785,
      -0.24186033010482788,
      -0.1401866227388382,
      0.0,
      0.271291047334671,
      -0.14558188617229462,
      0.30900248885154724,
      -0.18717272579669952,
      1.2603641748428345
    ]
  },
  "metric_source_validation": {
    "enabled": true,
    "accepted_metric_sources": [
      "commercial_solver_export",
      "engine_export_direct",
      "open_data_measurement"
    ],
    "global_metric_source": "open_data_measurement",
    "missing_metric_source_case_ids": [],
    "invalid_metric_source_case_ids": [],
    "pass": true
  }
}