{
  "schema_version": "1.2",
  "run_id": "phase1-hf-benchmark-topk-residual-meta-prod",
  "generated_at": "2026-03-28T12:12:59.120568+00:00",
  "algorithm": "topk_weighted_residual_correction_with_meta_learning",
  "source_cases_path": "implementation/phase1/stress/noise/noisy_cases_s05_k05_seed23.json",
  "source_cases_sha256": "6efe70ec7e81a1524330a5c6be73782aa0c6360a53a082b7f2f6250965ad2e23",
  "source_family_order": [
    "zenodo_atwood_highrise_shm_2025"
  ],
  "contract_pass": true,
  "reason_code": "PASS",
  "reason": "top-k residual/meta benchmark KPI thresholds satisfied",
  "kpi_pass": true,
  "metrics": {
    "drift_error_pct": 0.8851624113913862,
    "base_shear_error_pct": 0.9155321266021457,
    "mode_shape_mac": 1.0,
    "buckling_factor_error_pct": 0.6910640385297472
  },
  "checks": {
    "drift_ok": true,
    "base_shear_ok": true,
    "mac_ok": true,
    "buckling_factor_ok": true,
    "improves_over_lf": true
  },
  "target_split": "all",
  "comparison": {
    "baseline_lf": {
      "train": {
        "case_count": 21,
        "drift_error_pct": 5.905943845489355,
        "base_shear_error_pct": 3.3106858192849997,
        "mode_shape_mac": 0.9789784909657729,
        "buckling_factor_error_pct": 4.123489920815526,
        "equilibrium_residual_mean": 0.059878717715094155
      },
      "val": {
        "case_count": 3,
        "drift_error_pct": 5.578935995930323,
        "base_shear_error_pct": 3.0684147977616796,
        "mode_shape_mac": 0.9888421280081392,
        "buckling_factor_error_pct": 3.4589403174768005,
        "equilibrium_residual_mean": 0.05948035400889162
      },
      "test": {
        "case_count": 5,
        "drift_error_pct": 5.515084095208609,
        "base_shear_error_pct": 3.033296252364738,
        "mode_shape_mac": 0.9889698318095828,
        "buckling_factor_error_pct": 3.419352139029338,
        "equilibrium_residual_mean": 0.05752790477793437
      },
      "all": {
        "case_count": 29,
        "drift_error_pct": 5.804725835141739,
        "base_shear_error_pct": 3.2377975124170253,
        "mode_shape_mac": 0.9817215121846055,
        "buckling_factor_error_pct": 3.933340344300109,
        "equilibrium_residual_mean": 0.059432195101149096
      }
    },
    "topk_residual_meta": {
      "train": {
        "case_count": 21,
        "drift_error_pct": 1.1716759529523388,
        "base_shear_error_pct": 1.119727840947726,
        "mode_shape_mac": 1.0,
        "buckling_factor_error_pct": 0.8465376090826712,
        "equilibrium_residual_mean": 0.043322128376790454
      },
      "val": {
        "case_count": 3,
        "drift_error_pct": 0.14710137314181296,
        "base_shear_error_pct": 0.3957956954535402,
        "mode_shape_mac": 1.0,
        "buckling_factor_error_pct": 0.2697438949692596,
        "equilibrium_residual_mean": 0.043132041891415916
      },
      "test": {
        "case_count": 5,
        "drift_error_pct": 0.12464215978512869,
        "base_shear_error_pct": 0.36975198503987144,
        "mode_shape_mac": 1.0,
        "buckling_factor_error_pct": 0.29086712834375905,
        "equilibrium_residual_mean": 0.04183971658349037
      },
      "all": {
        "case_count": 29,
        "drift_error_pct": 0.8851624113913862,
        "base_shear_error_pct": 0.9155321266021457,
        "mode_shape_mac": 1.0,
        "buckling_factor_error_pct": 0.6910640385297472,
        "equilibrium_residual_mean": 0.04304687601738963
      }
    },
    "improvement_pct": {
      "drift_error_reduction_pct": 84.75100398312314,
      "base_shear_error_reduction_pct": 71.72361387359587,
      "buckling_error_reduction_pct": 82.43060660816745,
      "mode_shape_mac_gain_pct": 1.8618811535177409
    }
  },
  "training": {
    "epochs": 24,
    "branches": 10,
    "top_k": 3,
    "lr": 0.055,
    "epsilon": 0.11,
    "temperature": 0.32,
    "seed": 23,
    "final_total_loss": 0.03333457559347153,
    "final_weighted_loss": 0.03175817057490349,
    "last_selected_branch_ids": [
      7,
      4,
      2
    ],
    "last_selected_weights": [
      0.33480768264586175,
      0.33417472642230744,
      0.33101759093183075
    ],
    "param_vector": [
      0.16172625124454498,
      -0.05113180726766586,
      0.3144342601299286,
      -0.09953416883945465,
      0.9024993181228638,
      0.152219757437706,
      -0.1114727109670639,
      0.03489970788359642,
      -0.1859860122203827,
      0.1281469166278839,
      -0.21729198098182678,
      0.0015918919816613197,
      -0.2921929359436035,
      -0.3013579547405243,
      -0.28263387084007263,
      -0.23757252097129822,
      0.0,
      0.2349633276462555,
      -0.1287962943315506,
      0.3459940552711487,
      -0.1764570027589798,
      1.2724783420562744
    ]
  },
  "metric_source_validation": {
    "enabled": true,
    "accepted_metric_sources": [
      "commercial_solver_export",
      "engine_export_direct",
      "open_data_measurement"
    ],
    "global_metric_source": "open_data_measurement",
    "missing_metric_source_case_ids": [],
    "invalid_metric_source_case_ids": [],
    "pass": true
  }
}