{
  "schema_version": "1.2",
  "run_id": "phase1-hf-benchmark-topk-residual-meta-prod",
  "generated_at": "2026-03-28T12:12:49.381595+00:00",
  "algorithm": "topk_weighted_residual_correction_with_meta_learning",
  "source_cases_path": "implementation/phase1/stress/noise/noisy_cases_s02_k10_seed47.json",
  "source_cases_sha256": "5c6f25c12895374897fdb339bb5c537b35c55755ea4358aedc7de17661175235",
  "source_family_order": [
    "zenodo_atwood_highrise_shm_2025"
  ],
  "contract_pass": true,
  "reason_code": "PASS",
  "reason": "top-k residual/meta benchmark KPI thresholds satisfied",
  "kpi_pass": true,
  "metrics": {
    "drift_error_pct": 2.1110222273613566,
    "base_shear_error_pct": 0.8194103759426604,
    "mode_shape_mac": 1.0,
    "buckling_factor_error_pct": 1.5987643176885002
  },
  "checks": {
    "drift_ok": true,
    "base_shear_ok": true,
    "mac_ok": true,
    "buckling_factor_ok": true,
    "improves_over_lf": true
  },
  "target_split": "all",
  "comparison": {
    "baseline_lf": {
      "train": {
        "case_count": 21,
        "drift_error_pct": 7.064665637546914,
        "base_shear_error_pct": 3.9624425797525658,
        "mode_shape_mac": 0.9825704255702664,
        "buckling_factor_error_pct": 5.433564505869744,
        "equilibrium_residual_mean": 0.060142500522868465
      },
      "val": {
        "case_count": 3,
        "drift_error_pct": 5.578935995930323,
        "base_shear_error_pct": 3.0684147977616796,
        "mode_shape_mac": 0.9888421280081392,
        "buckling_factor_error_pct": 3.4589403174768005,
        "equilibrium_residual_mean": 0.05948035400889162
      },
      "test": {
        "case_count": 5,
        "drift_error_pct": 5.515084095208609,
        "base_shear_error_pct": 3.033296252364738,
        "mode_shape_mac": 0.9889698318095828,
        "buckling_factor_error_pct": 3.419352139029338,
        "equilibrium_residual_mean": 0.05752790477793437
      },
      "all": {
        "case_count": 29,
        "drift_error_pct": 6.643800236286867,
        "base_shear_error_pct": 3.709759304479746,
        "mode_shape_mac": 0.9843225682775149,
        "buckling_factor_error_pct": 4.882015043822128,
        "equilibrium_residual_mean": 0.05962321023781327
      }
    },
    "topk_residual_meta": {
      "train": {
        "case_count": 21,
        "drift_error_pct": 2.72255723584059,
        "base_shear_error_pct": 1.0734070207218256,
        "mode_shape_mac": 1.0,
        "buckling_factor_error_pct": 2.144012342323449,
        "equilibrium_residual_mean": 0.04357318509192694
      },
      "val": {
        "case_count": 3,
        "drift_error_pct": 0.4835571579398787,
        "base_shear_error_pct": 0.1648574807063076,
        "mode_shape_mac": 1.0,
        "buckling_factor_error_pct": 0.15315356046179904,
        "equilibrium_residual_mean": 0.043577369302511215
      },
      "test": {
        "case_count": 5,
        "drift_error_pct": 0.5190542334014655,
        "base_shear_error_pct": 0.14535620501197846,
        "mode_shape_mac": 1.0,
        "buckling_factor_error_pct": 0.17608906855773548,
        "equilibrium_residual_mean": 0.042225520312786105
      },
      "all": {
        "case_count": 29,
        "drift_error_pct": 2.1110222273613566,
        "base_shear_error_pct": 0.8194103759426604,
        "mode_shape_mac": 1.0,
        "buckling_factor_error_pct": 1.5987643176885002,
        "equilibrium_residual_mean": 0.043341261944894134
      }
    },
    "improvement_pct": {
      "drift_error_reduction_pct": 68.22568180434668,
      "base_shear_error_reduction_pct": 77.91203394373387,
      "buckling_error_reduction_pct": 67.25195839550653,
      "mode_shape_mac_gain_pct": 1.592712818717485
    }
  },
  "training": {
    "epochs": 24,
    "branches": 10,
    "top_k": 3,
    "lr": 0.055,
    "epsilon": 0.11,
    "temperature": 0.32,
    "seed": 47,
    "final_total_loss": 0.06491120904684067,
    "final_weighted_loss": 0.06312672048807144,
    "last_selected_branch_ids": [
      5,
      3,
      6
    ],
    "last_selected_weights": [
      0.33811531228712766,
      0.33242779473452233,
      0.32945689297835
    ],
    "param_vector": [
      0.19938847422599792,
      -0.1278059035539627,
      0.2880631387233734,
      -0.12328784167766571,
      0.8852663040161133,
      0.45588555932044983,
      -0.16330887377262115,
      -9.467452764511108e-05,
      -0.025930140167474747,
      0.08926708996295929,
      -0.24068447947502136,
      0.6104003190994263,
      -0.35131868720054626,
      -0.28493639826774597,
      -0.28340017795562744,
      -0.15530067682266235,
      0.0,
      0.25151070952415466,
      -0.13107270002365112,
      0.31466081738471985,
      -0.1732385903596878,
      1.24028742313385
    ]
  },
  "metric_source_validation": {
    "enabled": true,
    "accepted_metric_sources": [
      "commercial_solver_export",
      "engine_export_direct",
      "open_data_measurement"
    ],
    "global_metric_source": "open_data_measurement",
    "missing_metric_source_case_ids": [],
    "invalid_metric_source_case_ids": [],
    "pass": true
  }
}