{
  "schema_version": "1.2",
  "run_id": "phase1-hf-benchmark-topk-residual-meta-prod",
  "generated_at": "2026-03-28T12:11:47.755637+00:00",
  "algorithm": "topk_weighted_residual_correction_with_meta_learning",
  "source_cases_path": "implementation/phase1/stress/noise/noisy_cases_s00_k10_seed23.json",
  "source_cases_sha256": "135707eafb4e89a224274ef80ff56c30ba5df427dae0a03254f19e128b9c9dc0",
  "source_family_order": [
    "zenodo_atwood_highrise_shm_2025"
  ],
  "contract_pass": true,
  "reason_code": "PASS",
  "reason": "top-k residual/meta benchmark KPI thresholds satisfied",
  "kpi_pass": true,
  "metrics": {
    "drift_error_pct": 0.9538676062035363,
    "base_shear_error_pct": 0.5812432779036002,
    "mode_shape_mac": 1.0,
    "buckling_factor_error_pct": 2.2589958878532004
  },
  "checks": {
    "drift_ok": true,
    "base_shear_ok": true,
    "mac_ok": true,
    "buckling_factor_ok": true,
    "improves_over_lf": true
  },
  "target_split": "all",
  "comparison": {
    "baseline_lf": {
      "train": {
        "case_count": 21,
        "drift_error_pct": 6.844830145591176,
        "base_shear_error_pct": 3.4597425881487696,
        "mode_shape_mac": 0.982098795998438,
        "buckling_factor_error_pct": 5.820055682302011,
        "equilibrium_residual_mean": 0.0613751124594079
      },
      "val": {
        "case_count": 3,
        "drift_error_pct": 5.578935995930323,
        "base_shear_error_pct": 3.0684147977616796,
        "mode_shape_mac": 0.9888421280081392,
        "buckling_factor_error_pct": 3.4589403174768005,
        "equilibrium_residual_mean": 0.05948035400889162
      },
      "test": {
        "case_count": 5,
        "drift_error_pct": 5.515084095208609,
        "base_shear_error_pct": 3.033296252364738,
        "mode_shape_mac": 0.9889698318095828,
        "buckling_factor_error_pct": 3.419352139029338,
        "equilibrium_residual_mean": 0.05752790477793437
      },
      "all": {
        "case_count": 29,
        "drift_error_pct": 6.484609017974092,
        "base_shear_error_pct": 3.345735172628721,
        "mode_shape_mac": 0.9839810434151562,
        "buckling_factor_error_pct": 5.161887964686874,
        "equilibrium_residual_mean": 0.06051579129530735
      }
    },
    "topk_residual_meta": {
      "train": {
        "case_count": 21,
        "drift_error_pct": 1.2635782663059043,
        "base_shear_error_pct": 0.7688670411245346,
        "mode_shape_mac": 1.0,
        "buckling_factor_error_pct": 2.8670635560876008,
        "equilibrium_residual_mean": 0.04418253774444262
      },
      "val": {
        "case_count": 3,
        "drift_error_pct": 0.09124499332663515,
        "base_shear_error_pct": 0.12004593091337619,
        "mode_shape_mac": 1.0,
        "buckling_factor_error_pct": 0.6223810947564462,
        "equilibrium_residual_mean": 0.04339927931626638
      },
      "test": {
        "case_count": 5,
        "drift_error_pct": 0.17065640149973016,
        "base_shear_error_pct": 0.06994188056981011,
        "mode_shape_mac": 1.0,
        "buckling_factor_error_pct": 0.6870805571267706,
        "equilibrium_residual_mean": 0.04187915027141571
      },
      "all": {
        "case_count": 29,
        "drift_error_pct": 0.9538676062035363,
        "base_shear_error_pct": 0.5812432779036002,
        "mode_shape_mac": 1.0,
        "buckling_factor_error_pct": 2.2589958878532004,
        "equilibrium_residual_mean": 0.04370437523928182
      }
    },
    "improvement_pct": {
      "drift_error_reduction_pct": 85.29028344562334,
      "base_shear_error_reduction_pct": 82.62733755323134,
      "buckling_error_reduction_pct": 56.237022126259305,
      "mode_shape_mac_gain_pct": 1.6279741049935168
    }
  },
  "training": {
    "epochs": 24,
    "branches": 10,
    "top_k": 3,
    "lr": 0.055,
    "epsilon": 0.11,
    "temperature": 0.32,
    "seed": 23,
    "final_total_loss": 0.05117061361670494,
    "final_weighted_loss": 0.0494103878736496,
    "last_selected_branch_ids": [
      6,
      7,
      3
    ],
    "last_selected_weights": [
      0.33527494152634835,
      0.33327629095862193,
      0.33144876751502966
    ],
    "param_vector": [
      0.20667417347431183,
      -0.08134017884731293,
      0.3006083369255066,
      -0.1264214962720871,
      0.9327859878540039,
      0.2105262130498886,
      -0.020666738972067833,
      0.022399399429559708,
      -0.1494562178850174,
      0.12168442457914352,
      -0.34949424862861633,
      0.4579938054084778,
      -0.37706857919692993,
      -0.22243329882621765,
      -0.3101997375488281,
      -0.21559759974479675,
      0.0,
      0.2437785565853119,
      -0.14499369263648987,
      0.33081716299057007,
      -0.19660867750644684,
      1.2742112874984741
    ]
  },
  "metric_source_validation": {
    "enabled": true,
    "accepted_metric_sources": [
      "commercial_solver_export",
      "engine_export_direct",
      "open_data_measurement"
    ],
    "global_metric_source": "open_data_measurement",
    "missing_metric_source_case_ids": [],
    "invalid_metric_source_case_ids": [],
    "pass": true
  }
}