{
  "schema_version": "1.2",
  "run_id": "phase1-hf-benchmark-topk-residual-meta-prod",
  "generated_at": "2026-03-28T12:11:33.416584+00:00",
  "algorithm": "topk_weighted_residual_correction_with_meta_learning",
  "source_cases_path": "implementation/phase1/stress/noise/noisy_cases_s00_k05_seed23.json",
  "source_cases_sha256": "1ba6abbe6f163b793a09f2f4f2de55f3f1b5f1049997e71f48fc7ea22bd8f2bc",
  "source_family_order": [
    "zenodo_atwood_highrise_shm_2025"
  ],
  "contract_pass": true,
  "reason_code": "PASS",
  "reason": "top-k residual/meta benchmark KPI thresholds satisfied",
  "kpi_pass": true,
  "metrics": {
    "drift_error_pct": 0.28373513783874776,
    "base_shear_error_pct": 0.793392981317773,
    "mode_shape_mac": 1.0,
    "buckling_factor_error_pct": 1.2746402906616894
  },
  "checks": {
    "drift_ok": true,
    "base_shear_ok": true,
    "mac_ok": true,
    "buckling_factor_ok": true,
    "improves_over_lf": true
  },
  "target_split": "all",
  "comparison": {
    "baseline_lf": {
      "train": {
        "case_count": 21,
        "drift_error_pct": 5.401429305219987,
        "base_shear_error_pct": 3.5062065422748314,
        "mode_shape_mac": 0.9858009807946343,
        "buckling_factor_error_pct": 4.748529301517774,
        "equilibrium_residual_mean": 0.05906056544730219
      },
      "val": {
        "case_count": 3,
        "drift_error_pct": 5.578935995930323,
        "base_shear_error_pct": 3.0684147977616796,
        "mode_shape_mac": 0.9888421280081392,
        "buckling_factor_error_pct": 3.4589403174768005,
        "equilibrium_residual_mean": 0.05948035400889162
      },
      "test": {
        "case_count": 5,
        "drift_error_pct": 5.515084095208609,
        "base_shear_error_pct": 3.033296252364738,
        "mode_shape_mac": 0.9889698318095828,
        "buckling_factor_error_pct": 3.419352139029338,
        "equilibrium_residual_mean": 0.05752790477793437
      },
      "all": {
        "case_count": 29,
        "drift_error_pct": 5.439387719774267,
        "base_shear_error_pct": 3.3793814842372485,
        "mode_shape_mac": 0.9866619358537811,
        "buckling_factor_error_pct": 4.385955068256909,
        "equilibrium_residual_mean": 0.05883974001067907
      }
    },
    "topk_residual_meta": {
      "train": {
        "case_count": 21,
        "drift_error_pct": 0.3522104403292704,
        "base_shear_error_pct": 0.9190126068085218,
        "mode_shape_mac": 1.0,
        "buckling_factor_error_pct": 1.6430088895701092,
        "equilibrium_residual_mean": 0.04287065423670269
      },
      "val": {
        "case_count": 3,
        "drift_error_pct": 0.14563934553111282,
        "base_shear_error_pct": 0.48851509309293933,
        "mode_shape_mac": 1.0,
        "buckling_factor_error_pct": 0.33646892541748913,
        "equilibrium_residual_mean": 0.043341136227051415
      },
      "test": {
        "case_count": 5,
        "drift_error_pct": 0.0789963427631336,
        "base_shear_error_pct": 0.44871728719152787,
        "mode_shape_mac": 1.0,
        "buckling_factor_error_pct": 0.2903949943928479,
        "equilibrium_residual_mean": 0.04189073964953423
      },
      "all": {
        "case_count": 29,
        "drift_error_pct": 0.28373513783874776,
        "base_shear_error_pct": 0.793392981317773,
        "mode_shape_mac": 1.0,
        "buckling_factor_error_pct": 1.2746402906616894,
        "equilibrium_residual_mean": 0.042750373996537305
      }
    },
    "improvement_pct": {
      "drift_error_reduction_pct": 94.78369345124523,
      "base_shear_error_reduction_pct": 76.52253866518276,
      "buckling_error_reduction_pct": 70.93813614537862,
      "mode_shape_mac_gain_pct": 1.351837307342471
    }
  },
  "training": {
    "epochs": 24,
    "branches": 10,
    "top_k": 3,
    "lr": 0.055,
    "epsilon": 0.11,
    "temperature": 0.32,
    "seed": 23,
    "final_total_loss": 0.031712375581264496,
    "final_weighted_loss": 0.030226312577724457,
    "last_selected_branch_ids": [
      4,
      2,
      8
    ],
    "last_selected_weights": [
      0.3345774468702514,
      0.33339735741952403,
      0.3320251957102245
    ],
    "param_vector": [
      0.18184906244277954,
      -0.0712856650352478,
      0.28252580761909485,
      -0.09139874577522278,
      0.8996794819831848,
      0.1606362760066986,
      -0.02216043882071972,
      0.011826244182884693,
      -0.05449041724205017,
      0.10663806647062302,
      -0.27519747614860535,
      -0.09418020397424698,
      -0.24934998154640198,
      -0.2071692794561386,
      -0.2583993971347809,
      -0.21720294654369354,
      0.0,
      0.23318545520305634,
      -0.1247628778219223,
      0.30849727988243103,
      -0.15022259950637817,
      1.2572170495986938
    ]
  },
  "metric_source_validation": {
    "enabled": true,
    "accepted_metric_sources": [
      "commercial_solver_export",
      "engine_export_direct",
      "open_data_measurement"
    ],
    "global_metric_source": "open_data_measurement",
    "missing_metric_source_case_ids": [],
    "invalid_metric_source_case_ids": [],
    "pass": true
  }
}