{
  "schema_version": "1.2",
  "run_id": "phase1-hf-benchmark-topk-residual-meta-prod",
  "generated_at": "2026-03-28T12:13:13.685183+00:00",
  "algorithm": "topk_weighted_residual_correction_with_meta_learning",
  "source_cases_path": "implementation/phase1/stress/noise/noisy_cases_s05_k10_seed23.json",
  "source_cases_sha256": "bc7f1e0ced4a74423924c40b9d4d21a94e80a86bbe2216b00880537cc297e468",
  "source_family_order": [
    "zenodo_atwood_highrise_shm_2025"
  ],
  "contract_pass": true,
  "reason_code": "PASS",
  "reason": "top-k residual/meta benchmark KPI thresholds satisfied",
  "kpi_pass": true,
  "metrics": {
    "drift_error_pct": 2.236100296821974,
    "base_shear_error_pct": 1.3023009175961082,
    "mode_shape_mac": 1.0,
    "buckling_factor_error_pct": 2.175870977095224
  },
  "checks": {
    "drift_ok": true,
    "base_shear_ok": true,
    "mac_ok": true,
    "buckling_factor_ok": true,
    "improves_over_lf": true
  },
  "target_split": "all",
  "comparison": {
    "baseline_lf": {
      "train": {
        "case_count": 21,
        "drift_error_pct": 8.387829595052045,
        "base_shear_error_pct": 3.5182416537884547,
        "mode_shape_mac": 0.982879414600791,
        "buckling_factor_error_pct": 6.074223326142392,
        "equilibrium_residual_mean": 0.05942247654214655
      },
      "val": {
        "case_count": 3,
        "drift_error_pct": 5.578935995930323,
        "base_shear_error_pct": 3.0684147977616796,
        "mode_shape_mac": 0.9888421280081392,
        "buckling_factor_error_pct": 3.4589403174768005,
        "equilibrium_residual_mean": 0.05948035400889162
      },
      "test": {
        "case_count": 5,
        "drift_error_pct": 5.515084095208609,
        "base_shear_error_pct": 3.033296252364738,
        "mode_shape_mac": 0.9889698318095828,
        "buckling_factor_error_pct": 3.419352139029338,
        "equilibrium_residual_mean": 0.05752790477793437
      },
      "all": {
        "case_count": 29,
        "drift_error_pct": 7.601953446894033,
        "base_shear_error_pct": 3.388096564988493,
        "mode_shape_mac": 0.9845463189547913,
        "buckling_factor_error_pct": 5.345940396433356,
        "equilibrium_residual_mean": 0.05910181356211807
      }
    },
    "topk_residual_meta": {
      "train": {
        "case_count": 21,
        "drift_error_pct": 2.9449734212604683,
        "base_shear_error_pct": 1.5471515744810922,
        "mode_shape_mac": 1.0,
        "buckling_factor_error_pct": 2.890208392777553,
        "equilibrium_residual_mean": 0.04322973177546546
      },
      "val": {
        "case_count": 3,
        "drift_error_pct": 0.4604135761832279,
        "base_shear_error_pct": 0.6915218011961374,
        "mode_shape_mac": 1.0,
        "buckling_factor_error_pct": 0.25115235064673863,
        "equilibrium_residual_mean": 0.04374551276365916
      },
      "test": {
        "case_count": 5,
        "drift_error_pct": 0.3242452065635474,
        "base_shear_error_pct": 0.640395628519155,
        "mode_shape_mac": 1.0,
        "buckling_factor_error_pct": 0.3304850070985348,
        "equilibrium_residual_mean": 0.04214619398117066
      },
      "all": {
        "case_count": 29,
        "drift_error_pct": 2.236100296821974,
        "base_shear_error_pct": 1.3023009175961082,
        "mode_shape_mac": 1.0,
        "buckling_factor_error_pct": 2.175870977095224,
        "equilibrium_residual_mean": 0.04309627156833123
      }
    },
    "improvement_pct": {
      "drift_error_reduction_pct": 70.5851882355898,
      "base_shear_error_reduction_pct": 61.562461617721596,
      "buckling_error_reduction_pct": 59.298630068025126,
      "mode_shape_mac_gain_pct": 1.5696245821745163
    }
  },
  "training": {
    "epochs": 24,
    "branches": 10,
    "top_k": 3,
    "lr": 0.055,
    "epsilon": 0.11,
    "temperature": 0.32,
    "seed": 23,
    "final_total_loss": 0.07349995523691177,
    "final_weighted_loss": 0.07183951139450073,
    "last_selected_branch_ids": [
      4,
      2,
      3
    ],
    "last_selected_weights": [
      0.334430879983426,
      0.3337023139778379,
      0.33186680603873614
    ],
    "param_vector": [
      0.2124214619398117,
      -0.04362453892827034,
      0.30257824063301086,
      -0.11427649110555649,
      0.8770226240158081,
      0.24563831090927124,
      -0.10745839774608612,
      0.030135968700051308,
      -0.20120511949062347,
      0.09383352100849152,
      -0.3936368525028229,
      0.23927965760231018,
      -0.3821910619735718,
      -0.18877005577087402,
      -0.32390493154525757,
      -0.2614598870277405,
      0.0,
      0.22036239504814148,
      -0.11625936627388,
      0.3313709497451782,
      -0.17808783054351807,
      1.2611993551254272
    ]
  },
  "metric_source_validation": {
    "enabled": true,
    "accepted_metric_sources": [
      "commercial_solver_export",
      "engine_export_direct",
      "open_data_measurement"
    ],
    "global_metric_source": "open_data_measurement",
    "missing_metric_source_case_ids": [],
    "invalid_metric_source_case_ids": [],
    "pass": true
  }
}