{
  "schema_version": "1.2",
  "run_id": "phase1-hf-benchmark-topk-residual-meta-prod",
  "generated_at": "2026-03-28T12:11:28.685193+00:00",
  "algorithm": "topk_weighted_residual_correction_with_meta_learning",
  "source_cases_path": "implementation/phase1/stress/noise/noisy_cases_s00_k05_seed11.json",
  "source_cases_sha256": "f1122da51d3fa5dfa4d5d7ba0fc307f322d6f82dcf7ba00b07d0cc144e30aeaf",
  "source_family_order": [
    "zenodo_atwood_highrise_shm_2025"
  ],
  "contract_pass": true,
  "reason_code": "PASS",
  "reason": "top-k residual/meta benchmark KPI thresholds satisfied",
  "kpi_pass": true,
  "metrics": {
    "drift_error_pct": 1.2015817334337313,
    "base_shear_error_pct": 0.7282438192536701,
    "mode_shape_mac": 1.0,
    "buckling_factor_error_pct": 1.018597878936918
  },
  "checks": {
    "drift_ok": true,
    "base_shear_ok": true,
    "mac_ok": true,
    "buckling_factor_ok": true,
    "improves_over_lf": true
  },
  "target_split": "all",
  "comparison": {
    "baseline_lf": {
      "train": {
        "case_count": 21,
        "drift_error_pct": 5.679561819299699,
        "base_shear_error_pct": 2.9836156924462323,
        "mode_shape_mac": 0.9839585445601615,
        "buckling_factor_error_pct": 4.039319682683638,
        "equilibrium_residual_mean": 0.05961478484433306
      },
      "val": {
        "case_count": 3,
        "drift_error_pct": 5.578935995930323,
        "base_shear_error_pct": 3.0684147977616796,
        "mode_shape_mac": 0.9888421280081392,
        "buckling_factor_error_pct": 3.4589403174768005,
        "equilibrium_residual_mean": 0.05948035400889162
      },
      "test": {
        "case_count": 5,
        "drift_error_pct": 5.515084095208609,
        "base_shear_error_pct": 3.033296252364738,
        "mode_shape_mac": 0.9889698318095828,
        "buckling_factor_error_pct": 3.419352139029338,
        "equilibrium_residual_mean": 0.05752790477793437
      },
      "all": {
        "case_count": 29,
        "drift_error_pct": 5.640794023073368,
        "base_shear_error_pct": 3.0009536274648143,
        "mode_shape_mac": 0.985327757890887,
        "buckling_factor_error_pct": 3.872389482204604,
        "equilibrium_residual_mean": 0.059241071298184185
      }
    },
    "topk_residual_meta": {
      "train": {
        "case_count": 21,
        "drift_error_pct": 1.2861623685335302,
        "base_shear_error_pct": 0.8487647900993645,
        "mode_shape_mac": 1.0,
        "buckling_factor_error_pct": 1.097091144709988,
        "equilibrium_residual_mean": 0.04284373156371571
      },
      "val": {
        "case_count": 3,
        "drift_error_pct": 0.915439128479557,
        "base_shear_error_pct": 0.4459101165315997,
        "mode_shape_mac": 1.0,
        "buckling_factor_error_pct": 0.774407486031774,
        "equilibrium_residual_mean": 0.04294730971256892
      },
      "test": {
        "case_count": 5,
        "drift_error_pct": 1.0180286289870808,
        "base_shear_error_pct": 0.3914559633349963,
        "mode_shape_mac": 1.0,
        "buckling_factor_error_pct": 0.8354403984331104,
        "equilibrium_residual_mean": 0.04142941609025001
      },
      "all": {
        "case_count": 29,
        "drift_error_pct": 1.2015817334337313,
        "base_shear_error_pct": 0.7282438192536701,
        "mode_shape_mac": 1.0,
        "buckling_factor_error_pct": 1.018597878936918,
        "equilibrium_residual_mean": 0.04261059904920644
      }
    },
    "improvement_pct": {
      "drift_error_reduction_pct": 78.6983582715709,
      "base_shear_error_reduction_pct": 75.73291994288877,
      "buckling_error_reduction_pct": 73.69588251342381,
      "mode_shape_mac_gain_pct": 1.4890722393246298
    }
  },
  "training": {
    "epochs": 24,
    "branches": 10,
    "top_k": 3,
    "lr": 0.055,
    "epsilon": 0.11,
    "temperature": 0.32,
    "seed": 11,
    "final_total_loss": 0.03238818421959877,
    "final_weighted_loss": 0.030891060829162598,
    "last_selected_branch_ids": [
      2,
      7,
      8
    ],
    "last_selected_weights": [
      0.33603673234696596,
      0.33210301673797105,
      0.33186025091506294
    ],
    "param_vector": [
      0.20256122946739197,
      -0.08314105123281479,
      0.2641870081424713,
      -0.10700757801532745,
      0.976888120174408,
      0.1537233591079712,
      -0.20540021359920502,
      -0.0517585389316082,
      -0.02542039006948471,
      0.08697476983070374,
      -0.2153187394142151,
      -0.04544437676668167,
      -0.1846420168876648,
      -0.03968910127878189,
      -0.13095882534980774,
      -0.14931470155715942,
      0.0,
      0.2734462022781372,
      -0.11673092842102051,
      0.3019495904445648,
      -0.20301207900047302,
      1.2456943988800049
    ]
  },
  "metric_source_validation": {
    "enabled": true,
    "accepted_metric_sources": [
      "commercial_solver_export",
      "engine_export_direct",
      "open_data_measurement"
    ],
    "global_metric_source": "open_data_measurement",
    "missing_metric_source_case_ids": [],
    "invalid_metric_source_case_ids": [],
    "pass": true
  }
}