{
  "schema_version": "1.2",
  "run_id": "phase1-hf-benchmark-topk-residual-meta-prod",
  "generated_at": "2026-03-28T12:13:08.978555+00:00",
  "algorithm": "topk_weighted_residual_correction_with_meta_learning",
  "source_cases_path": "implementation/phase1/stress/noise/noisy_cases_s05_k10_seed11.json",
  "source_cases_sha256": "31a9843ac720355221875464a4bfd4e3ca29e8426e0bfee860fec6f57273de82",
  "source_family_order": [
    "zenodo_atwood_highrise_shm_2025"
  ],
  "contract_pass": true,
  "reason_code": "PASS",
  "reason": "top-k residual/meta benchmark KPI thresholds satisfied",
  "kpi_pass": true,
  "metrics": {
    "drift_error_pct": 1.8887027872669908,
    "base_shear_error_pct": 0.7865309153624579,
    "mode_shape_mac": 1.0,
    "buckling_factor_error_pct": 1.455366990937373
  },
  "checks": {
    "drift_ok": true,
    "base_shear_ok": true,
    "mac_ok": true,
    "buckling_factor_ok": true,
    "improves_over_lf": true
  },
  "target_split": "all",
  "comparison": {
    "baseline_lf": {
      "train": {
        "case_count": 21,
        "drift_error_pct": 7.077403555061205,
        "base_shear_error_pct": 3.4581177260606935,
        "mode_shape_mac": 0.9768984032667851,
        "buckling_factor_error_pct": 4.833614288677842,
        "equilibrium_residual_mean": 0.0598746255437047
      },
      "val": {
        "case_count": 3,
        "drift_error_pct": 5.578935995930323,
        "base_shear_error_pct": 3.0684147977616796,
        "mode_shape_mac": 0.9888421280081392,
        "buckling_factor_error_pct": 3.4589403174768005,
        "equilibrium_residual_mean": 0.05948035400889162
      },
      "test": {
        "case_count": 5,
        "drift_error_pct": 5.515084095208609,
        "base_shear_error_pct": 3.033296252364738,
        "mode_shape_mac": 0.9889698318095828,
        "buckling_factor_error_pct": 3.419352139029338,
        "equilibrium_residual_mean": 0.05752790477793437
      },
      "all": {
        "case_count": 29,
        "drift_error_pct": 6.653024245521355,
        "base_shear_error_pct": 3.3445585483580453,
        "mode_shape_mac": 0.9802152417818903,
        "buckling_factor_error_pct": 4.447568334821097,
        "equilibrium_residual_mean": 0.0594292318046257
      }
    },
    "topk_residual_meta": {
      "train": {
        "case_count": 21,
        "drift_error_pct": 2.3605379941795146,
        "base_shear_error_pct": 1.0268244135267446,
        "mode_shape_mac": 1.0,
        "buckling_factor_error_pct": 1.7847023528246961,
        "equilibrium_residual_mean": 0.04296072341856502
      },
      "val": {
        "case_count": 3,
        "drift_error_pct": 0.5946337686766747,
        "base_shear_error_pct": 0.18582590940565477,
        "mode_shape_mac": 1.0,
        "buckling_factor_error_pct": 0.5541447872931874,
        "equilibrium_residual_mean": 0.04321222628156344
      },
      "test": {
        "case_count": 5,
        "drift_error_pct": 0.6834363293885787,
        "base_shear_error_pct": 0.13772122664653574,
        "mode_shape_mac": 1.0,
        "buckling_factor_error_pct": 0.6128917931971276,
        "equilibrium_residual_mean": 0.04172381833195686
      },
      "all": {
        "case_count": 29,
        "drift_error_pct": 1.8887027872669908,
        "base_shear_error_pct": 0.7865309153624579,
        "mode_shape_mac": 1.0,
        "buckling_factor_error_pct": 1.455366990937373,
        "equilibrium_residual_mean": 0.04277348145842552
      }
    },
    "improvement_pct": {
      "drift_error_reduction_pct": 71.61136473328777,
      "base_shear_error_reduction_pct": 76.48326665566695,
      "buckling_error_reduction_pct": 67.2772427228841,
      "mode_shape_mac_gain_pct": 2.018409567080778
    }
  },
  "training": {
    "epochs": 24,
    "branches": 10,
    "top_k": 3,
    "lr": 0.055,
    "epsilon": 0.11,
    "temperature": 0.32,
    "seed": 11,
    "final_total_loss": 0.05315779149532318,
    "final_weighted_loss": 0.05142658203840256,
    "last_selected_branch_ids": [
      2,
      8,
      3
    ],
    "last_selected_weights": [
      0.3358288939088088,
      0.33311403505151455,
      0.3310570710396767
    ],
    "param_vector": [
      0.20332762598991394,
      -0.06322558224201202,
      0.32166072726249695,
      -0.11890684068202972,
      0.9912832379341125,
      0.18629732728004456,
      -0.28916534781455994,
      -0.025343451648950577,
      -0.24406328797340393,
      0.06974752247333527,
      -0.2566000819206238,
      0.44953447580337524,
      -0.2773158550262451,
      -0.14027079939842224,
      -0.19986507296562195,
      -0.11054708808660507,
      0.0,
      0.2612587511539459,
      -0.1316353678703308,
      0.3538860082626343,
      -0.18533648550510406,
      1.242517113685608
    ]
  },
  "metric_source_validation": {
    "enabled": true,
    "accepted_metric_sources": [
      "commercial_solver_export",
      "engine_export_direct",
      "open_data_measurement"
    ],
    "global_metric_source": "open_data_measurement",
    "missing_metric_source_case_ids": [],
    "invalid_metric_source_case_ids": [],
    "pass": true
  }
}