{
  "schema_version": "1.2",
  "run_id": "phase1-hf-benchmark-topk-residual-meta-prod",
  "generated_at": "2026-03-28T12:12:16.058117+00:00",
  "algorithm": "topk_weighted_residual_correction_with_meta_learning",
  "source_cases_path": "implementation/phase1/stress/noise/noisy_cases_s01_k10_seed23.json",
  "source_cases_sha256": "b1c3a458cebbc7f51d8fb85e9735825f2f7f5d1e84d6bf377a54d62a6e2cfbd7",
  "source_family_order": [
    "zenodo_atwood_highrise_shm_2025"
  ],
  "contract_pass": true,
  "reason_code": "PASS",
  "reason": "top-k residual/meta benchmark KPI thresholds satisfied",
  "kpi_pass": true,
  "metrics": {
    "drift_error_pct": 1.9323480043833214,
    "base_shear_error_pct": 1.8164376052057585,
    "mode_shape_mac": 1.0,
    "buckling_factor_error_pct": 2.6010062638203086
  },
  "checks": {
    "drift_ok": true,
    "base_shear_ok": true,
    "mac_ok": true,
    "buckling_factor_ok": true,
    "improves_over_lf": true
  },
  "target_split": "all",
  "comparison": {
    "baseline_lf": {
      "train": {
        "case_count": 21,
        "drift_error_pct": 6.807549224913694,
        "base_shear_error_pct": 3.7742433321540547,
        "mode_shape_mac": 0.977522798007906,
        "buckling_factor_error_pct": 6.6273757432240945,
        "equilibrium_residual_mean": 0.05870021184969909
      },
      "val": {
        "case_count": 3,
        "drift_error_pct": 5.578935995930323,
        "base_shear_error_pct": 3.0684147977616796,
        "mode_shape_mac": 0.9888421280081392,
        "buckling_factor_error_pct": 3.4589403174768005,
        "equilibrium_residual_mean": 0.05948035400889162
      },
      "test": {
        "case_count": 5,
        "drift_error_pct": 5.515084095208609,
        "base_shear_error_pct": 3.033296252364738,
        "mode_shape_mac": 0.9889698318095828,
        "buckling_factor_error_pct": 3.419352139029338,
        "equilibrium_residual_mean": 0.05752790477793437
      },
      "all": {
        "case_count": 29,
        "drift_error_pct": 6.457612489207642,
        "base_shear_error_pct": 3.5734770907015134,
        "mode_shape_mac": 0.9806673896978744,
        "buckling_factor_error_pct": 5.746499043285622,
        "equilibrium_residual_mean": 0.05857879430206993
      }
    },
    "topk_residual_meta": {
      "train": {
        "case_count": 21,
        "drift_error_pct": 2.5100420832232877,
        "base_shear_error_pct": 2.1835266548974444,
        "mode_shape_mac": 1.0,
        "buckling_factor_error_pct": 3.506867543885974,
        "equilibrium_residual_mean": 0.04281395656012353
      },
      "val": {
        "case_count": 3,
        "drift_error_pct": 0.4371049385987371,
        "base_shear_error_pct": 0.8709492635236836,
        "mode_shape_mac": 1.0,
        "buckling_factor_error_pct": 0.24214632127385868,
        "equilibrium_residual_mean": 0.0434569406012694
      },
      "test": {
        "case_count": 5,
        "drift_error_pct": 0.4031787127262122,
        "base_shear_error_pct": 0.8419566015099218,
        "mode_shape_mac": 1.0,
        "buckling_factor_error_pct": 0.2117048530723848,
        "equilibrium_residual_mean": 0.04210069105029106
      },
      "all": {
        "case_count": 29,
        "drift_error_pct": 1.9323480043833214,
        "base_shear_error_pct": 1.8164376052057585,
        "mode_shape_mac": 1.0,
        "buckling_factor_error_pct": 2.6010062638203086,
        "equilibrium_residual_mean": 0.04275749533854682
      }
    },
    "improvement_pct": {
      "drift_error_reduction_pct": 70.07643292915485,
      "base_shear_error_reduction_pct": 49.16890302914545,
      "buckling_error_reduction_pct": 54.737549867698995,
      "mode_shape_mac_gain_pct": 1.9713728125579513
    }
  },
  "training": {
    "epochs": 24,
    "branches": 10,
    "top_k": 3,
    "lr": 0.055,
    "epsilon": 0.11,
    "temperature": 0.32,
    "seed": 23,
    "final_total_loss": 0.08400816470384598,
    "final_weighted_loss": 0.08249086886644363,
    "last_selected_branch_ids": [
      2,
      4,
      8
    ],
    "last_selected_weights": [
      0.33759838369126705,
      0.33208780633739887,
      0.33031380997133414
    ],
    "param_vector": [
      0.18528863787651062,
      -0.05758461728692055,
      0.32277369499206543,
      -0.08277814835309982,
      0.8524162769317627,
      0.09993455559015274,
      -0.0766311064362526,
      0.018399635329842567,
      -0.07592211663722992,
      0.1184120774269104,
      -0.26453378796577454,
      -0.2084214836359024,
      -0.19906799495220184,
      -0.33031150698661804,
      -0.32258424162864685,
      -0.21973051130771637,
      0.0,
      0.22147329151630402,
      -0.10504808276891708,
      0.3553331196308136,
      -0.1557585597038269,
      1.25690758228302
    ]
  },
  "metric_source_validation": {
    "enabled": true,
    "accepted_metric_sources": [
      "commercial_solver_export",
      "engine_export_direct",
      "open_data_measurement"
    ],
    "global_metric_source": "open_data_measurement",
    "missing_metric_source_case_ids": [],
    "invalid_metric_source_case_ids": [],
    "pass": true
  }
}