{
  "schema_version": "1.2",
  "run_id": "phase1-hf-benchmark-topk-residual-meta-prod",
  "generated_at": "2026-03-28T12:11:42.944428+00:00",
  "algorithm": "topk_weighted_residual_correction_with_meta_learning",
  "source_cases_path": "implementation/phase1/stress/noise/noisy_cases_s00_k10_seed11.json",
  "source_cases_sha256": "4dbab106dc11abcb56c9fb29b95142fd547bcb9601e0c98ec82c24fc3a5a04bf",
  "source_family_order": [
    "zenodo_atwood_highrise_shm_2025"
  ],
  "contract_pass": true,
  "reason_code": "PASS",
  "reason": "top-k residual/meta benchmark KPI thresholds satisfied",
  "kpi_pass": true,
  "metrics": {
    "drift_error_pct": 1.7836330540141445,
    "base_shear_error_pct": 1.24281880631132,
    "mode_shape_mac": 1.0,
    "buckling_factor_error_pct": 1.748564777521958
  },
  "checks": {
    "drift_ok": true,
    "base_shear_ok": true,
    "mac_ok": true,
    "buckling_factor_ok": true,
    "improves_over_lf": true
  },
  "target_split": "all",
  "comparison": {
    "baseline_lf": {
      "train": {
        "case_count": 21,
        "drift_error_pct": 5.736236418445713,
        "base_shear_error_pct": 3.964826557725193,
        "mode_shape_mac": 0.984048492858838,
        "buckling_factor_error_pct": 5.22047704224969,
        "equilibrium_residual_mean": 0.059093478969472285
      },
      "val": {
        "case_count": 3,
        "drift_error_pct": 5.578935995930323,
        "base_shear_error_pct": 3.0684147977616796,
        "mode_shape_mac": 0.9888421280081392,
        "buckling_factor_error_pct": 3.4589403174768005,
        "equilibrium_residual_mean": 0.05948035400889162
      },
      "test": {
        "case_count": 5,
        "drift_error_pct": 5.515084095208609,
        "base_shear_error_pct": 3.033296252364738,
        "mode_shape_mac": 0.9889698318095828,
        "buckling_factor_error_pct": 3.419352139029338,
        "equilibrium_residual_mean": 0.05752790477793437
      },
      "all": {
        "case_count": 29,
        "drift_error_pct": 5.681834250041173,
        "base_shear_error_pct": 3.7114856333564754,
        "mode_shape_mac": 0.9853928928657907,
        "buckling_factor_error_pct": 4.727710328786918,
        "equilibrium_residual_mean": 0.05886357394052637
      }
    },
    "topk_residual_meta": {
      "train": {
        "case_count": 21,
        "drift_error_pct": 2.2222436064087843,
        "base_shear_error_pct": 1.6606673446064255,
        "mode_shape_mac": 1.0,
        "buckling_factor_error_pct": 2.206509444619565,
        "equilibrium_residual_mean": 0.042788458367188774
      },
      "val": {
        "case_count": 3,
        "drift_error_pct": 0.6474899165813413,
        "base_shear_error_pct": 0.1376086079203168,
        "mode_shape_mac": 1.0,
        "buckling_factor_error_pct": 0.5346176908247587,
        "equilibrium_residual_mean": 0.04287965719898542
      },
      "test": {
        "case_count": 5,
        "drift_error_pct": 0.6231546164163394,
        "base_shear_error_pct": 0.15098106450647786,
        "mode_shape_mac": 1.0,
        "buckling_factor_error_pct": 0.5535654277303284,
        "equilibrium_residual_mean": 0.041602423787117
      },
      "all": {
        "case_count": 29,
        "drift_error_pct": 1.7836330540141445,
        "base_shear_error_pct": 1.24281880631132,
        "mode_shape_mac": 1.0,
        "buckling_factor_error_pct": 1.748564777521958,
        "equilibrium_residual_mean": 0.04259340400839674
      }
    },
    "improvement_pct": {
      "drift_error_reduction_pct": 68.60814702573876,
      "base_shear_error_reduction_pct": 66.51424984265995,
      "buckling_error_reduction_pct": 63.01455343245148,
      "mode_shape_mac_gain_pct": 1.4823637596703052
    }
  },
  "training": {
    "epochs": 24,
    "branches": 10,
    "top_k": 3,
    "lr": 0.055,
    "epsilon": 0.11,
    "temperature": 0.32,
    "seed": 11,
    "final_total_loss": 0.06273850053548813,
    "final_weighted_loss": 0.061312370002269745,
    "last_selected_branch_ids": [
      4,
      9,
      8
    ],
    "last_selected_weights": [
      0.3342094160740178,
      0.3339038433415609,
      0.33188674058442136
    ],
    "param_vector": [
      0.15157803893089294,
      -0.10706739872694016,
      0.27192986011505127,
      -0.1098957359790802,
      0.9545921087265015,
      0.07274051010608673,
      -0.10097021609544754,
      -0.03349180892109871,
      -0.17486988008022308,
      0.0035238713026046753,
      -0.06423738598823547,
      -0.3104475736618042,
      -0.047466568648815155,
      -0.10776939243078232,
      -0.08416789025068283,
      -0.14868605136871338,
      0.0,
      0.20339038968086243,
      -0.14249686896800995,
      0.31172341108322144,
      -0.18107421696186066,
      1.219191551208496
    ]
  },
  "metric_source_validation": {
    "enabled": true,
    "accepted_metric_sources": [
      "commercial_solver_export",
      "engine_export_direct",
      "open_data_measurement"
    ],
    "global_metric_source": "open_data_measurement",
    "missing_metric_source_case_ids": [],
    "invalid_metric_source_case_ids": [],
    "pass": true
  }
}