{
  "schema_version": "1.1",
  "run_id": "phase1-hf-benchmark-topk-residual-meta",
  "generated_at": "2026-03-01T12:08:22.092084+00:00",
  "algorithm": "topk_weighted_residual_correction_with_meta_learning",
  "contract_pass": true,
  "reason_code": "PASS",
  "reason": "top-k residual/meta benchmark KPI thresholds satisfied",
  "kpi_pass": true,
  "metrics": {
    "drift_error_pct": 6.0766732964297505,
    "base_shear_error_pct": 2.14916922976639,
    "mode_shape_mac": 0.9857397427161535,
    "buckling_factor_error_pct": 1.6795325573577466
  },
  "checks": {
    "drift_ok": true,
    "base_shear_ok": true,
    "mac_ok": true,
    "buckling_factor_ok": true,
    "improves_over_lf": true
  },
  "target_split": "all",
  "comparison": {
    "baseline_lf": {
      "train": {
        "case_count": 7,
        "drift_error_pct": 19.010647484810345,
        "base_shear_error_pct": 6.932104828066045,
        "mode_shape_mac": 0.910428445616997,
        "buckling_factor_error_pct": 10.877993429780025,
        "equilibrium_residual_mean": 0.026013770846114687
      },
      "val": {
        "case_count": 2,
        "drift_error_pct": 9.506628628964595,
        "base_shear_error_pct": 5.376294212699743,
        "mode_shape_mac": 0.9475,
        "buckling_factor_error_pct": 8.103087388801681,
        "equilibrium_residual_mean": 0.0235
      },
      "test": {
        "case_count": 3,
        "drift_error_pct": 12.430072264312741,
        "base_shear_error_pct": 7.495167949188726,
        "mode_shape_mac": 0.9313333333333333,
        "buckling_factor_error_pct": 11.219466061392133,
        "equilibrium_residual_mean": 0.03266666666666667
      },
      "all": {
        "case_count": 12,
        "drift_error_pct": 15.781500537044986,
        "base_shear_error_pct": 6.8135688391189975,
        "mode_shape_mac": 0.9218332599432482,
        "buckling_factor_error_pct": 10.500877247519993,
        "equilibrium_residual_mean": 0.0272580329935669
      }
    },
    "topk_residual_meta": {
      "train": {
        "case_count": 7,
        "drift_error_pct": 9.496735269504853,
        "base_shear_error_pct": 3.265208044525482,
        "mode_shape_mac": 0.975553844656263,
        "buckling_factor_error_pct": 2.4473399886669043,
        "equilibrium_residual_mean": 0.024372243721570288
      },
      "val": {
        "case_count": 2,
        "drift_error_pct": 1.2884103105579963,
        "base_shear_error_pct": 0.5804131042308787,
        "mode_shape_mac": 1.0,
        "buckling_factor_error_pct": 0.794359569085447,
        "equilibrium_residual_mean": 0.022151694633066654
      },
      "test": {
        "case_count": 3,
        "drift_error_pct": 1.288704016502348,
        "base_shear_error_pct": 0.5909160790188499,
        "mode_shape_mac": 1.0,
        "buckling_factor_error_pct": 0.47809720981791143,
        "equilibrium_residual_mean": 0.030200598140557606
      },
      "all": {
        "case_count": 12,
        "drift_error_pct": 6.0766732964297505,
        "base_shear_error_pct": 2.14916922976639,
        "mode_shape_mac": 0.9857397427161535,
        "buckling_factor_error_pct": 1.6795325573577466,
        "equilibrium_residual_mean": 0.025459240811566513
      }
    },
    "improvement_pct": {
      "drift_error_reduction_pct": 61.49495871976455,
      "base_shear_error_reduction_pct": 68.45751058641567,
      "buckling_error_reduction_pct": 84.00578810923245,
      "mode_shape_mac_gain_pct": 6.932542526925063
    }
  },
  "training": {
    "epochs": 24,
    "branches": 10,
    "top_k": 3,
    "lr": 0.055,
    "epsilon": 0.11,
    "temperature": 0.32,
    "seed": 47,
    "final_total_loss": 0.20019596815109253,
    "final_weighted_loss": 0.19084128737449646,
    "last_selected_branch_ids": [
      1,
      5,
      2
    ],
    "last_selected_weights": [
      0.3353348258508039,
      0.3323922371652666,
      0.3322729369839296
    ],
    "param_vector": [
      1.3422255516052246,
      -0.8879884481430054,
      1.1620469093322754,
      -1.3856936693191528,
      0.9654715061187744,
      1.2434412240982056,
      -0.9524009823799133,
      0.8980741500854492,
      -1.3011245727539062,
      0.186198890209198,
      1.0595629215240479,
      1.0521446466445923,
      1.0121104717254639,
      1.0541938543319702,
      1.0664865970611572,
      1.0600430965423584,
      1.0423247814178467
    ]
  },
  "metric_source_validation": {
    "enabled": true,
    "accepted_metric_sources": [
      "commercial_solver_export",
      "engine_export_direct",
      "open_data_measurement"
    ],
    "global_metric_source": "commercial_solver_export",
    "missing_metric_source_case_ids": [],
    "invalid_metric_source_case_ids": [],
    "pass": true
  }
}