{
  "schema_version": "1.1",
  "run_id": "phase1-hf-benchmark-topk-residual-meta",
  "generated_at": "2026-03-01T12:08:04.647313+00:00",
  "algorithm": "topk_weighted_residual_correction_with_meta_learning",
  "contract_pass": true,
  "reason_code": "PASS",
  "reason": "top-k residual/meta benchmark KPI thresholds satisfied",
  "kpi_pass": true,
  "metrics": {
    "drift_error_pct": 4.893057044346184,
    "base_shear_error_pct": 2.9133625708850643,
    "mode_shape_mac": 0.9898962179819742,
    "buckling_factor_error_pct": 4.2853179803727315
  },
  "checks": {
    "drift_ok": true,
    "base_shear_ok": true,
    "mac_ok": true,
    "buckling_factor_ok": true,
    "improves_over_lf": true
  },
  "target_split": "all",
  "comparison": {
    "baseline_lf": {
      "train": {
        "case_count": 7,
        "drift_error_pct": 13.102747161187335,
        "base_shear_error_pct": 8.78166375919506,
        "mode_shape_mac": 0.9241940513592296,
        "buckling_factor_error_pct": 14.717789206339498,
        "equilibrium_residual_mean": 0.026735114802772773
      },
      "val": {
        "case_count": 2,
        "drift_error_pct": 9.506628628964595,
        "base_shear_error_pct": 5.376294212699743,
        "mode_shape_mac": 0.9475,
        "buckling_factor_error_pct": 8.103087388801681,
        "equilibrium_residual_mean": 0.0235
      },
      "test": {
        "case_count": 3,
        "drift_error_pct": 12.430072264312741,
        "base_shear_error_pct": 7.495167949188726,
        "mode_shape_mac": 0.9313333333333333,
        "buckling_factor_error_pct": 11.219466061392133,
        "equilibrium_residual_mean": 0.03266666666666667
      },
      "all": {
        "case_count": 12,
        "drift_error_pct": 12.335225348264897,
        "base_shear_error_pct": 7.892478215610924,
        "mode_shape_mac": 0.9298631966262172,
        "buckling_factor_error_pct": 12.740758117179688,
        "equilibrium_residual_mean": 0.027678816968284118
      }
    },
    "topk_residual_meta": {
      "train": {
        "case_count": 7,
        "drift_error_pct": 7.487548579014544,
        "base_shear_error_pct": 3.6315728707743986,
        "mode_shape_mac": 0.9827456389154706,
        "buckling_factor_error_pct": 6.920855544765429,
        "equilibrium_residual_mean": 0.025009667766945704
      },
      "val": {
        "case_count": 2,
        "drift_error_pct": 1.284552062592027,
        "base_shear_error_pct": 1.3499855234647355,
        "mode_shape_mac": 0.9997675716876984,
        "buckling_factor_error_pct": 0.7856441442408759,
        "equilibrium_residual_mean": 0.022111563943326473
      },
      "test": {
        "case_count": 3,
        "drift_error_pct": 1.2449134512894489,
        "base_shear_error_pct": 2.279789902756838,
        "mode_shape_mac": 1.0,
        "buckling_factor_error_pct": 0.4688462208776718,
        "equilibrium_residual_mean": 0.03013407625257969
      },
      "all": {
        "case_count": 12,
        "drift_error_pct": 4.893057044346184,
        "base_shear_error_pct": 2.9133625708850643,
        "mode_shape_mac": 0.9898962179819742,
        "buckling_factor_error_pct": 4.2853179803727315,
        "equilibrium_residual_mean": 0.02580775258441766
      }
    },
    "improvement_pct": {
      "drift_error_reduction_pct": 60.33264973927328,
      "base_shear_error_reduction_pct": 63.086846852201894,
      "buckling_error_reduction_pct": 66.36528265461385,
      "mode_shape_mac_gain_pct": 6.456113283499368
    }
  },
  "training": {
    "epochs": 24,
    "branches": 10,
    "top_k": 3,
    "lr": 0.055,
    "epsilon": 0.11,
    "temperature": 0.32,
    "seed": 47,
    "final_total_loss": 0.2241126149892807,
    "final_weighted_loss": 0.21474184095859528,
    "last_selected_branch_ids": [
      7,
      1,
      5
    ],
    "last_selected_weights": [
      0.3336718898239359,
      0.3332193010122746,
      0.33310880916378954
    ],
    "param_vector": [
      1.323642373085022,
      -1.204166054725647,
      0.980122983455658,
      -1.3854039907455444,
      0.9971094131469727,
      1.2655558586120605,
      -0.9434719681739807,
      0.5374439358711243,
      -1.2910603284835815,
      0.1688404530286789,
      1.0735756158828735,
      1.0627950429916382,
      1.0272284746170044,
      1.0570769309997559,
      1.0758780241012573,
      1.0726208686828613,
      1.0561339855194092
    ]
  },
  "metric_source_validation": {
    "enabled": true,
    "accepted_metric_sources": [
      "commercial_solver_export",
      "engine_export_direct",
      "open_data_measurement"
    ],
    "global_metric_source": "commercial_solver_export",
    "missing_metric_source_case_ids": [],
    "invalid_metric_source_case_ids": [],
    "pass": true
  }
}