{
  "schema_version": "1.1",
  "run_id": "phase1-hf-benchmark-topk-residual-meta",
  "generated_at": "2026-03-01T12:07:23.943218+00:00",
  "algorithm": "topk_weighted_residual_correction_with_meta_learning",
  "contract_pass": true,
  "reason_code": "PASS",
  "reason": "top-k residual/meta benchmark KPI thresholds satisfied",
  "kpi_pass": true,
  "metrics": {
    "drift_error_pct": 3.4083896860547367,
    "base_shear_error_pct": 3.05144218786451,
    "mode_shape_mac": 0.9857981751362482,
    "buckling_factor_error_pct": 3.9301994591675595
  },
  "checks": {
    "drift_ok": true,
    "base_shear_ok": true,
    "mac_ok": true,
    "buckling_factor_ok": true,
    "improves_over_lf": true
  },
  "target_split": "all",
  "comparison": {
    "baseline_lf": {
      "train": {
        "case_count": 7,
        "drift_error_pct": 8.292160818995765,
        "base_shear_error_pct": 7.53057936069972,
        "mode_shape_mac": 0.9286282532249445,
        "buckling_factor_error_pct": 14.081755449608535,
        "equilibrium_residual_mean": 0.02554104311149957
      },
      "val": {
        "case_count": 2,
        "drift_error_pct": 9.506628628964595,
        "base_shear_error_pct": 5.376294212699743,
        "mode_shape_mac": 0.9475,
        "buckling_factor_error_pct": 8.103087388801681,
        "equilibrium_residual_mean": 0.0235
      },
      "test": {
        "case_count": 3,
        "drift_error_pct": 12.430072264312741,
        "base_shear_error_pct": 7.495167949188726,
        "mode_shape_mac": 0.9313333333333333,
        "buckling_factor_error_pct": 11.219466061392133,
        "equilibrium_residual_mean": 0.03266666666666667
      },
      "all": {
        "case_count": 12,
        "drift_error_pct": 9.52904998198648,
        "base_shear_error_pct": 7.162678983155309,
        "mode_shape_mac": 0.9324498143812175,
        "buckling_factor_error_pct": 12.369738425753292,
        "equilibrium_residual_mean": 0.026982275148374753
      }
    },
    "topk_residual_meta": {
      "train": {
        "case_count": 7,
        "drift_error_pct": 4.9830360189534995,
        "base_shear_error_pct": 4.826327047937349,
        "mode_shape_mac": 0.9796668801988874,
        "buckling_factor_error_pct": 6.314570876694957,
        "equilibrium_residual_mean": 0.02396527411682265
      },
      "val": {
        "case_count": 2,
        "drift_error_pct": 1.7101979991857172,
        "base_shear_error_pct": 0.4727395035019254,
        "mode_shape_mac": 0.9935522973537445,
        "buckling_factor_error_pct": 0.7840145763335316,
        "equilibrium_residual_mean": 0.02217874303460121
      },
      "test": {
        "case_count": 3,
        "drift_error_pct": 0.86634270053697,
        "base_shear_error_pct": 0.6291793039362717,
        "mode_shape_mac": 0.9949351151784261,
        "buckling_factor_error_pct": 0.46412274015965077,
        "equilibrium_residual_mean": 0.03024914984901746
      },
      "all": {
        "case_count": 12,
        "drift_error_pct": 3.4083896860547367,
        "base_shear_error_pct": 3.05144218786451,
        "mode_shape_mac": 0.9857981751362482,
        "buckling_factor_error_pct": 3.9301994591675595,
        "equilibrium_residual_mean": 0.025238487869501114
      }
    },
    "improvement_pct": {
      "drift_error_reduction_pct": 64.23158979648667,
      "base_shear_error_reduction_pct": 57.39803228595501,
      "buckling_error_reduction_pct": 68.22730340857456,
      "mode_shape_mac_gain_pct": 5.721311745923094
    }
  },
  "training": {
    "epochs": 24,
    "branches": 10,
    "top_k": 3,
    "lr": 0.055,
    "epsilon": 0.11,
    "temperature": 0.32,
    "seed": 11,
    "final_total_loss": 0.20113851130008698,
    "final_weighted_loss": 0.19265197217464447,
    "last_selected_branch_ids": [
      4,
      6,
      9
    ],
    "last_selected_weights": [
      0.3337119192575898,
      0.3334235343827541,
      0.3328645463596561
    ],
    "param_vector": [
      1.1699128150939941,
      -0.8785797953605652,
      0.8157880306243896,
      -1.3818624019622803,
      0.9457114338874817,
      1.1899847984313965,
      -0.8394693732261658,
      0.5234972834587097,
      -1.2933827638626099,
      0.1855430006980896,
      1.0284466743469238,
      1.0312957763671875,
      1.024522066116333,
      1.054657220840454,
      1.0205109119415283,
      1.063628077507019,
      1.058866262435913
    ]
  },
  "metric_source_validation": {
    "enabled": true,
    "accepted_metric_sources": [
      "commercial_solver_export",
      "engine_export_direct",
      "open_data_measurement"
    ],
    "global_metric_source": "commercial_solver_export",
    "missing_metric_source_case_ids": [],
    "invalid_metric_source_case_ids": [],
    "pass": true
  }
}