{
  "schema_version": "1.1",
  "run_id": "phase1-hf-benchmark-topk-residual-meta",
  "generated_at": "2026-03-01T12:07:41.420056+00:00",
  "algorithm": "topk_weighted_residual_correction_with_meta_learning",
  "contract_pass": true,
  "reason_code": "PASS",
  "reason": "top-k residual/meta benchmark KPI thresholds satisfied",
  "kpi_pass": true,
  "metrics": {
    "drift_error_pct": 4.5331110773620695,
    "base_shear_error_pct": 3.0780404851907153,
    "mode_shape_mac": 0.9906042466560999,
    "buckling_factor_error_pct": 4.131944103484249
  },
  "checks": {
    "drift_ok": true,
    "base_shear_ok": true,
    "mac_ok": true,
    "buckling_factor_ok": true,
    "improves_over_lf": true
  },
  "target_split": "all",
  "comparison": {
    "baseline_lf": {
      "train": {
        "case_count": 7,
        "drift_error_pct": 11.16159332217311,
        "base_shear_error_pct": 9.084342573731108,
        "mode_shape_mac": 0.9207175748610968,
        "buckling_factor_error_pct": 14.538983498507962,
        "equilibrium_residual_mean": 0.025858110653597357
      },
      "val": {
        "case_count": 2,
        "drift_error_pct": 9.506628628964595,
        "base_shear_error_pct": 5.376294212699743,
        "mode_shape_mac": 0.9475,
        "buckling_factor_error_pct": 8.103087388801681,
        "equilibrium_residual_mean": 0.0235
      },
      "test": {
        "case_count": 3,
        "drift_error_pct": 12.430072264312741,
        "base_shear_error_pct": 7.495167949188726,
        "mode_shape_mac": 0.9313333333333333,
        "buckling_factor_error_pct": 11.219466061392133,
        "equilibrium_residual_mean": 0.03266666666666667
      },
      "all": {
        "case_count": 12,
        "drift_error_pct": 11.202885608839933,
        "base_shear_error_pct": 8.069040857423618,
        "mode_shape_mac": 0.9278352520023064,
        "buckling_factor_error_pct": 12.636454787611292,
        "equilibrium_residual_mean": 0.02716723121459846
      }
    },
    "topk_residual_meta": {
      "train": {
        "case_count": 7,
        "drift_error_pct": 6.99724151217216,
        "base_shear_error_pct": 3.766611798085291,
        "mode_shape_mac": 0.9838929942675999,
        "buckling_factor_error_pct": 6.658129772115743,
        "equilibrium_residual_mean": 0.024237188111458505
      },
      "val": {
        "case_count": 2,
        "drift_error_pct": 1.146248331564471,
        "base_shear_error_pct": 1.4817932337117625,
        "mode_shape_mac": 1.0,
        "buckling_factor_error_pct": 0.787277143080154,
        "equilibrium_residual_mean": 0.022158964537084103
      },
      "test": {
        "case_count": 3,
        "drift_error_pct": 1.0413818933369237,
        "base_shear_error_pct": 2.5355389227560052,
        "mode_shape_mac": 1.0,
        "buckling_factor_error_pct": 0.4672888502801571,
        "equilibrium_residual_mean": 0.030213783184687298
      },
      "all": {
        "case_count": 12,
        "drift_error_pct": 4.5331110773620695,
        "base_shear_error_pct": 3.0780404851907153,
        "mode_shape_mac": 0.9906042466560999,
        "buckling_factor_error_pct": 4.131944103484249,
        "equilibrium_residual_mean": 0.025384966284036636
      }
    },
    "improvement_pct": {
      "drift_error_reduction_pct": 59.536219188160786,
      "base_shear_error_reduction_pct": 61.853700587488284,
      "buckling_error_reduction_pct": 67.3013976393507,
      "mode_shape_mac_gain_pct": 6.765101295551708
    }
  },
  "training": {
    "epochs": 24,
    "branches": 10,
    "top_k": 3,
    "lr": 0.055,
    "epsilon": 0.11,
    "temperature": 0.32,
    "seed": 11,
    "final_total_loss": 0.21268223226070404,
    "final_weighted_loss": 0.2030903398990631,
    "last_selected_branch_ids": [
      4,
      2,
      6
    ],
    "last_selected_weights": [
      0.33385272657702036,
      0.3333128698917177,
      0.33283440353126187
    ],
    "param_vector": [
      1.2979917526245117,
      -1.2221004962921143,
      1.143894910812378,
      -1.3836092948913574,
      0.9602166414260864,
      1.1653422117233276,
      -1.0232679843902588,
      0.7837057709693909,
      -1.295165777206421,
      0.18557655811309814,
      1.0548572540283203,
      1.0699659585952759,
      1.0256521701812744,
      1.0652295351028442,
      1.0847090482711792,
      1.059260606765747,
      1.0596786737442017
    ]
  },
  "metric_source_validation": {
    "enabled": true,
    "accepted_metric_sources": [
      "commercial_solver_export",
      "engine_export_direct",
      "open_data_measurement"
    ],
    "global_metric_source": "commercial_solver_export",
    "missing_metric_source_case_ids": [],
    "invalid_metric_source_case_ids": [],
    "pass": true
  }
}