{
  "schema_version": "1.1",
  "run_id": "phase1-hf-benchmark-topk-residual-meta",
  "generated_at": "2026-03-01T12:07:44.386865+00:00",
  "algorithm": "topk_weighted_residual_correction_with_meta_learning",
  "contract_pass": true,
  "reason_code": "PASS",
  "reason": "top-k residual/meta benchmark KPI thresholds satisfied",
  "kpi_pass": true,
  "metrics": {
    "drift_error_pct": 4.499443520801535,
    "base_shear_error_pct": 3.155058233713341,
    "mode_shape_mac": 0.9835053533315659,
    "buckling_factor_error_pct": 6.450076608189772
  },
  "checks": {
    "drift_ok": true,
    "base_shear_ok": true,
    "mac_ok": true,
    "buckling_factor_ok": true,
    "improves_over_lf": true
  },
  "target_split": "all",
  "comparison": {
    "baseline_lf": {
      "train": {
        "case_count": 7,
        "drift_error_pct": 13.057839592380294,
        "base_shear_error_pct": 6.640343485912339,
        "mode_shape_mac": 0.9090511686721481,
        "buckling_factor_error_pct": 18.08618417797504,
        "equilibrium_residual_mean": 0.0255160788552054
      },
      "val": {
        "case_count": 2,
        "drift_error_pct": 9.506628628964595,
        "base_shear_error_pct": 5.376294212699743,
        "mode_shape_mac": 0.9475,
        "buckling_factor_error_pct": 8.103087388801681,
        "equilibrium_residual_mean": 0.0235
      },
      "test": {
        "case_count": 3,
        "drift_error_pct": 12.430072264312741,
        "base_shear_error_pct": 7.495167949188726,
        "mode_shape_mac": 0.9313333333333333,
        "buckling_factor_error_pct": 11.219466061392133,
        "equilibrium_residual_mean": 0.03266666666666667
      },
      "all": {
        "case_count": 12,
        "drift_error_pct": 12.30902926646079,
        "base_shear_error_pct": 6.64337472286267,
        "mode_shape_mac": 0.9210298483920863,
        "buckling_factor_error_pct": 14.705655183967087,
        "equilibrium_residual_mean": 0.02696771266553649
      }
    },
    "topk_residual_meta": {
      "train": {
        "case_count": 7,
        "drift_error_pct": 6.869100872665541,
        "base_shear_error_pct": 4.615428364693836,
        "mode_shape_mac": 0.9717234628541129,
        "buckling_factor_error_pct": 10.6354031288854,
        "equilibrium_residual_mean": 0.02394546794572047
      },
      "val": {
        "case_count": 2,
        "drift_error_pct": 1.2255274603322472,
        "base_shear_error_pct": 1.1284839772359065,
        "mode_shape_mac": 1.0,
        "buckling_factor_error_pct": 0.7743478788249079,
        "equilibrium_residual_mean": 0.022180398926138878
      },
      "test": {
        "case_count": 3,
        "drift_error_pct": 1.1528537400983794,
        "base_shear_error_pct": 1.098577432410476,
        "mode_shape_mac": 1.0,
        "buckling_factor_error_pct": 0.46813387947655016,
        "equilibrium_residual_mean": 0.03025401569902897
      },
      "all": {
        "case_count": 12,
        "drift_error_pct": 4.499443520801535,
        "base_shear_error_pct": 3.155058233713341,
        "mode_shape_mac": 0.9835053533315659,
        "buckling_factor_error_pct": 6.450076608189772,
        "equilibrium_residual_mean": 0.02522842671411733
      }
    },
    "improvement_pct": {
      "drift_error_reduction_pct": 63.44599217859154,
      "base_shear_error_reduction_pct": 52.5082000439408,
      "buckling_error_reduction_pct": 56.13880151887418,
      "mode_shape_mac_gain_pct": 6.7832226120084895
    }
  },
  "training": {
    "epochs": 24,
    "branches": 10,
    "top_k": 3,
    "lr": 0.055,
    "epsilon": 0.11,
    "temperature": 0.32,
    "seed": 23,
    "final_total_loss": 0.27055123448371887,
    "final_weighted_loss": 0.26177069544792175,
    "last_selected_branch_ids": [
      2,
      5,
      4
    ],
    "last_selected_weights": [
      0.3338101602898029,
      0.333309141430576,
      0.3328806982796211
    ],
    "param_vector": [
      1.3102596998214722,
      -0.7407507300376892,
      1.1554334163665771,
      -1.3806569576263428,
      0.9453021883964539,
      1.2261803150177002,
      -0.8092286586761475,
      0.6693639159202576,
      -1.283277153968811,
      0.17919114232063293,
      1.0722627639770508,
      1.0197134017944336,
      1.0246773958206177,
      1.01075279712677,
      1.0270284414291382,
      1.0646084547042847,
      1.0521131753921509
    ]
  },
  "metric_source_validation": {
    "enabled": true,
    "accepted_metric_sources": [
      "commercial_solver_export",
      "engine_export_direct",
      "open_data_measurement"
    ],
    "global_metric_source": "commercial_solver_export",
    "missing_metric_source_case_ids": [],
    "invalid_metric_source_case_ids": [],
    "pass": true
  }
}