{
  "schema_version": "1.1",
  "run_id": "phase1-hf-benchmark-topk-residual-meta",
  "generated_at": "2026-03-01T12:08:10.436863+00:00",
  "algorithm": "topk_weighted_residual_correction_with_meta_learning",
  "contract_pass": true,
  "reason_code": "PASS",
  "reason": "top-k residual/meta benchmark KPI thresholds satisfied",
  "kpi_pass": true,
  "metrics": {
    "drift_error_pct": 2.261314314189777,
    "base_shear_error_pct": 1.5713784311289345,
    "mode_shape_mac": 0.979174941778183,
    "buckling_factor_error_pct": 1.0732494249450972
  },
  "checks": {
    "drift_ok": true,
    "base_shear_ok": true,
    "mac_ok": true,
    "buckling_factor_ok": true,
    "improves_over_lf": true
  },
  "target_split": "all",
  "comparison": {
    "baseline_lf": {
      "train": {
        "case_count": 7,
        "drift_error_pct": 11.704718665956275,
        "base_shear_error_pct": 6.210732425795801,
        "mode_shape_mac": 0.9342195065705755,
        "buckling_factor_error_pct": 9.223748090530146,
        "equilibrium_residual_mean": 0.0263575046134254
      },
      "val": {
        "case_count": 2,
        "drift_error_pct": 9.506628628964595,
        "base_shear_error_pct": 5.376294212699743,
        "mode_shape_mac": 0.9475,
        "buckling_factor_error_pct": 8.103087388801681,
        "equilibrium_residual_mean": 0.0235
      },
      "test": {
        "case_count": 3,
        "drift_error_pct": 12.430072264312741,
        "base_shear_error_pct": 7.495167949188726,
        "mode_shape_mac": 0.9313333333333333,
        "buckling_factor_error_pct": 11.219466061392133,
        "equilibrium_residual_mean": 0.03266666666666667
      },
      "all": {
        "case_count": 12,
        "drift_error_pct": 11.519708726046774,
        "base_shear_error_pct": 6.3927682711280225,
        "mode_shape_mac": 0.9357113788328357,
        "buckling_factor_error_pct": 9.53590079962423,
        "equilibrium_residual_mean": 0.027458544357831488
      }
    },
    "topk_residual_meta": {
      "train": {
        "case_count": 7,
        "drift_error_pct": 2.950703764903384,
        "base_shear_error_pct": 1.8327807802173222,
        "mode_shape_mac": 0.9757594977106366,
        "buckling_factor_error_pct": 1.4160519136813599,
        "equilibrium_residual_mean": 0.024677842589361326
      },
      "val": {
        "case_count": 2,
        "drift_error_pct": 1.2950803993892173,
        "base_shear_error_pct": 0.8253891225905341,
        "mode_shape_mac": 0.985075831413269,
        "buckling_factor_error_pct": 0.7587294969054661,
        "equilibrium_residual_mean": 0.0221345080062747
      },
      "test": {
        "case_count": 3,
        "drift_error_pct": 1.2968948723917346,
        "base_shear_error_pct": 1.4587658222816315,
        "mode_shape_mac": 0.9832103848457336,
        "buckling_factor_error_pct": 0.48305690325357115,
        "equilibrium_residual_mean": 0.030170916269222896
      },
      "all": {
        "case_count": 12,
        "drift_error_pct": 2.261314314189777,
        "base_shear_error_pct": 1.5713784311289345,
        "mode_shape_mac": 0.979174941778183,
        "buckling_factor_error_pct": 1.0732494249450972,
        "equilibrium_residual_mean": 0.025627221912145615
      }
    },
    "improvement_pct": {
      "drift_error_reduction_pct": 80.37003913929868,
      "base_shear_error_reduction_pct": 75.41943701876652,
      "buckling_error_reduction_pct": 88.74516998973617,
      "mode_shape_mac_gain_pct": 4.644975355494955
    }
  },
  "training": {
    "epochs": 24,
    "branches": 10,
    "top_k": 3,
    "lr": 0.055,
    "epsilon": 0.11,
    "temperature": 0.32,
    "seed": 23,
    "final_total_loss": 0.09441922605037689,
    "final_weighted_loss": 0.08566606789827347,
    "last_selected_branch_ids": [
      1,
      7,
      4
    ],
    "last_selected_weights": [
      0.33388211725116446,
      0.33330976492392905,
      0.3328081178249065
    ],
    "param_vector": [
      1.3426976203918457,
      -1.1154253482818604,
      0.6657836437225342,
      -1.3725637197494507,
      0.9785161018371582,
      1.2493466138839722,
      -0.8138705492019653,
      0.42284947633743286,
      -1.2743717432022095,
      0.18274199962615967,
      1.0494457483291626,
      1.0552048683166504,
      1.0271366834640503,
      1.0556660890579224,
      1.0759588479995728,
      1.0259724855422974,
      1.0502054691314697
    ]
  },
  "metric_source_validation": {
    "enabled": true,
    "accepted_metric_sources": [
      "commercial_solver_export",
      "engine_export_direct",
      "open_data_measurement"
    ],
    "global_metric_source": "commercial_solver_export",
    "missing_metric_source_case_ids": [],
    "invalid_metric_source_case_ids": [],
    "pass": true
  }
}