{
  "schema_version": "1.1",
  "run_id": "phase1-hf-benchmark-topk-residual-meta",
  "generated_at": "2026-03-01T12:08:07.539281+00:00",
  "algorithm": "topk_weighted_residual_correction_with_meta_learning",
  "contract_pass": true,
  "reason_code": "PASS",
  "reason": "top-k residual/meta benchmark KPI thresholds satisfied",
  "kpi_pass": true,
  "metrics": {
    "drift_error_pct": 1.511968082742097,
    "base_shear_error_pct": 1.3657369721507882,
    "mode_shape_mac": 0.9781309366226196,
    "buckling_factor_error_pct": 2.2886507473855238
  },
  "checks": {
    "drift_ok": true,
    "base_shear_ok": true,
    "mac_ok": true,
    "buckling_factor_ok": true,
    "improves_over_lf": true
  },
  "target_split": "all",
  "comparison": {
    "baseline_lf": {
      "train": {
        "case_count": 7,
        "drift_error_pct": 9.558044171449918,
        "base_shear_error_pct": 5.924102478743748,
        "mode_shape_mac": 0.9283640200721842,
        "buckling_factor_error_pct": 11.43433431747487,
        "equilibrium_residual_mean": 0.026328915802371962
      },
      "val": {
        "case_count": 2,
        "drift_error_pct": 9.506628628964595,
        "base_shear_error_pct": 5.376294212699743,
        "mode_shape_mac": 0.9475,
        "buckling_factor_error_pct": 8.103087388801681,
        "equilibrium_residual_mean": 0.0235
      },
      "test": {
        "case_count": 3,
        "drift_error_pct": 12.430072264312741,
        "base_shear_error_pct": 7.495167949188726,
        "mode_shape_mac": 0.9313333333333333,
        "buckling_factor_error_pct": 11.219466061392133,
        "equilibrium_residual_mean": 0.03266666666666667
      },
      "all": {
        "case_count": 12,
        "drift_error_pct": 10.267481937584735,
        "base_shear_error_pct": 6.225567468680992,
        "mode_shape_mac": 0.9322956783754407,
        "buckling_factor_error_pct": 10.825409432008653,
        "equilibrium_residual_mean": 0.027441867551383645
      }
    },
    "topk_residual_meta": {
      "train": {
        "case_count": 7,
        "drift_error_pct": 1.7722105965072301,
        "base_shear_error_pct": 1.4760443786795832,
        "mode_shape_mac": 0.9719211459159851,
        "buckling_factor_error_pct": 3.4995564200996157,
        "equilibrium_residual_mean": 0.024683883945856775
      },
      "val": {
        "case_count": 2,
        "drift_error_pct": 1.1842133595171693,
        "base_shear_error_pct": 0.8397544017492444,
        "mode_shape_mac": 0.9873698949813843,
        "buckling_factor_error_pct": 0.7851847112646637,
        "equilibrium_residual_mean": 0.02214699052274227
      },
      "test": {
        "case_count": 3,
        "drift_error_pct": 1.1232386994400707,
        "base_shear_error_pct": 1.4590080705179627,
        "mode_shape_mac": 0.9864611426989237,
        "buckling_factor_error_pct": 0.46551486846655044,
        "equilibrium_residual_mean": 0.030193176120519638
      },
      "all": {
        "case_count": 12,
        "drift_error_pct": 1.511968082742097,
        "base_shear_error_pct": 1.3657369721507882,
        "mode_shape_mac": 0.9781309366226196,
        "buckling_factor_error_pct": 2.2886507473855238,
        "equilibrium_residual_mean": 0.02563839141900341
      }
    },
    "improvement_pct": {
      "drift_error_reduction_pct": 85.27420752300088,
      "base_shear_error_reduction_pct": 78.06245006545328,
      "buckling_error_reduction_pct": 78.85852944630045,
      "mode_shape_mac_gain_pct": 4.9163864330089515
    }
  },
  "training": {
    "epochs": 24,
    "branches": 10,
    "top_k": 3,
    "lr": 0.055,
    "epsilon": 0.11,
    "temperature": 0.32,
    "seed": 11,
    "final_total_loss": 0.10612364113330841,
    "final_weighted_loss": 0.09716261923313141,
    "last_selected_branch_ids": [
      4,
      5,
      3
    ],
    "last_selected_weights": [
      0.33355866488228186,
      0.33325526613573353,
      0.33318606898198466
    ],
    "param_vector": [
      1.3172180652618408,
      -1.0598318576812744,
      0.7057287693023682,
      -1.3837883472442627,
      0.9693370461463928,
      1.175868272781372,
      -1.0397804975509644,
      0.46855807304382324,
      -1.2924543619155884,
      0.18291980028152466,
      1.0715709924697876,
      1.0522648096084595,
      1.026676058769226,
      1.0739631652832031,
      1.083815574645996,
      1.0683931112289429,
      1.06044602394104
    ]
  },
  "metric_source_validation": {
    "enabled": true,
    "accepted_metric_sources": [
      "commercial_solver_export",
      "engine_export_direct",
      "open_data_measurement"
    ],
    "global_metric_source": "commercial_solver_export",
    "missing_metric_source_case_ids": [],
    "invalid_metric_source_case_ids": [],
    "pass": true
  }
}