{
  "schema_version": "1.1",
  "run_id": "phase1-hf-benchmark-topk-residual-meta",
  "generated_at": "2026-03-01T12:08:16.269203+00:00",
  "algorithm": "topk_weighted_residual_correction_with_meta_learning",
  "contract_pass": true,
  "reason_code": "PASS",
  "reason": "top-k residual/meta benchmark KPI thresholds satisfied",
  "kpi_pass": true,
  "metrics": {
    "drift_error_pct": 4.399788739772208,
    "base_shear_error_pct": 2.2252767347936513,
    "mode_shape_mac": 0.9822007815043131,
    "buckling_factor_error_pct": 3.0479732824590915
  },
  "checks": {
    "drift_ok": true,
    "base_shear_ok": true,
    "mac_ok": true,
    "buckling_factor_ok": true,
    "improves_over_lf": true
  },
  "target_split": "all",
  "comparison": {
    "baseline_lf": {
      "train": {
        "case_count": 7,
        "drift_error_pct": 14.104611251694678,
        "base_shear_error_pct": 7.2804231427631345,
        "mode_shape_mac": 0.9071779844487856,
        "buckling_factor_error_pct": 12.997265905571355,
        "equilibrium_residual_mean": 0.0266568526130078
      },
      "val": {
        "case_count": 2,
        "drift_error_pct": 9.506628628964595,
        "base_shear_error_pct": 5.376294212699743,
        "mode_shape_mac": 0.9475,
        "buckling_factor_error_pct": 8.103087388801681,
        "equilibrium_residual_mean": 0.0235
      },
      "test": {
        "case_count": 3,
        "drift_error_pct": 12.430072264312741,
        "base_shear_error_pct": 7.495167949188726,
        "mode_shape_mac": 0.9313333333333333,
        "buckling_factor_error_pct": 11.219466061392133,
        "equilibrium_residual_mean": 0.03266666666666667
      },
      "all": {
        "case_count": 12,
        "drift_error_pct": 12.919646067727513,
        "base_shear_error_pct": 7.0167545226923,
        "mode_shape_mac": 0.919937157595125,
        "buckling_factor_error_pct": 11.737119525064935,
        "equilibrium_residual_mean": 0.027633164024254555
      }
    },
    "topk_residual_meta": {
      "train": {
        "case_count": 7,
        "drift_error_pct": 6.611135342183447,
        "base_shear_error_pct": 2.9498683233442997,
        "mode_shape_mac": 0.969487054007394,
        "buckling_factor_error_pct": 4.798411089449294,
        "equilibrium_residual_mean": 0.02491047845355102
      },
      "val": {
        "case_count": 2,
        "drift_error_pct": 1.2977655591290986,
        "base_shear_error_pct": 0.8802076076375381,
        "mode_shape_mac": 1.0,
        "buckling_factor_error_pct": 0.788967875146789,
        "equilibrium_residual_mean": 0.022107875905930996
      },
      "test": {
        "case_count": 3,
        "drift_error_pct": 1.3079954545747232,
        "base_shear_error_pct": 1.4312757796128803,
        "mode_shape_mac": 1.0,
        "buckling_factor_error_pct": 0.4696220043568229,
        "equilibrium_residual_mean": 0.03012228322525819
      },
      "all": {
        "case_count": 12,
        "drift_error_pct": 4.399788739772208,
        "base_shear_error_pct": 2.2252767347936513,
        "mode_shape_mac": 0.9822007815043131,
        "buckling_factor_error_pct": 3.0479732824590915,
        "equilibrium_residual_mean": 0.025746329221874475
      }
    },
    "improvement_pct": {
      "drift_error_reduction_pct": 65.94497467881405,
      "base_shear_error_reduction_pct": 68.28623934901714,
      "buckling_error_reduction_pct": 74.031334724418,
      "mode_shape_mac_gain_pct": 6.7682475259458
    }
  },
  "training": {
    "epochs": 24,
    "branches": 10,
    "top_k": 3,
    "lr": 0.055,
    "epsilon": 0.11,
    "temperature": 0.32,
    "seed": 11,
    "final_total_loss": 0.19945542514324188,
    "final_weighted_loss": 0.18992528319358826,
    "last_selected_branch_ids": [
      3,
      4,
      5
    ],
    "last_selected_weights": [
      0.3335526996643042,
      0.3332607434017441,
      0.33318655693395166
    ],
    "param_vector": [
      1.3465479612350464,
      -1.037390947341919,
      1.0867689847946167,
      -1.3839694261550903,
      0.997620701789856,
      1.2466167211532593,
      -1.1143606901168823,
      0.7690704464912415,
      -1.2967559099197388,
      0.18615712225437164,
      1.0601598024368286,
      1.050903558731079,
      1.025075078010559,
      1.053919792175293,
      1.0567721128463745,
      1.0699150562286377,
      1.0589723587036133
    ]
  },
  "metric_source_validation": {
    "enabled": true,
    "accepted_metric_sources": [
      "commercial_solver_export",
      "engine_export_direct",
      "open_data_measurement"
    ],
    "global_metric_source": "commercial_solver_export",
    "missing_metric_source_case_ids": [],
    "invalid_metric_source_case_ids": [],
    "pass": true
  }
}