{
  "schema_version": "1.1",
  "run_id": "phase1-hf-benchmark-topk-residual-meta",
  "generated_at": "2026-02-27T13:45:42.522487+00:00",
  "algorithm": "topk_weighted_residual_correction_with_meta_learning",
  "contract_pass": true,
  "reason_code": "PASS",
  "reason": "top-k residual/meta benchmark KPI thresholds satisfied",
  "kpi_pass": true,
  "metrics": {
    "drift_error_pct": 0.9470960145073841,
    "base_shear_error_pct": 0.6900710629998262,
    "mode_shape_mac": 0.9733748286962509,
    "buckling_factor_error_pct": 0.7466715549941292
  },
  "checks": {
    "drift_ok": true,
    "base_shear_ok": true,
    "mac_ok": true,
    "buckling_factor_ok": true,
    "improves_over_lf": true
  },
  "target_split": "test",
  "comparison": {
    "baseline_lf": {
      "train": {
        "case_count": 14,
        "drift_error_pct": 15.914609567094965,
        "base_shear_error_pct": 9.548765740256977,
        "mode_shape_mac": 0.9429197008464936,
        "buckling_factor_error_pct": 11.140226696966467,
        "equilibrium_residual_mean": 1.2840498075913913
      },
      "val": {
        "case_count": 4,
        "drift_error_pct": 17.23259432579613,
        "base_shear_error_pct": 10.339556595477672,
        "mode_shape_mac": 0.9454547716680861,
        "buckling_factor_error_pct": 12.062816028057282,
        "equilibrium_residual_mean": 1.934706364504704
      },
      "test": {
        "case_count": 4,
        "drift_error_pct": 15.859851979535787,
        "base_shear_error_pct": 9.515911187721477,
        "mode_shape_mac": 0.9353458111557905,
        "buckling_factor_error_pct": 11.101896385675056,
        "equilibrium_residual_mean": 0.8300395818683258
      },
      "all": {
        "case_count": 22,
        "drift_error_pct": 16.144287234575327,
        "base_shear_error_pct": 9.686572340745192,
        "mode_shape_mac": 0.942003551961201,
        "buckling_factor_error_pct": 11.301001064202723,
        "equilibrium_residual_mean": 1.319803685989618
      }
    },
    "topk_residual_meta": {
      "train": {
        "case_count": 14,
        "drift_error_pct": 0.6823799036539716,
        "base_shear_error_pct": 0.43049999794592153,
        "mode_shape_mac": 0.9788376901830945,
        "buckling_factor_error_pct": 0.7787147672694388,
        "equilibrium_residual_mean": 1.2291548592703683
      },
      "val": {
        "case_count": 4,
        "drift_error_pct": 1.8033870253538193,
        "base_shear_error_pct": 0.9936510695491343,
        "mode_shape_mac": 0.9814415276050568,
        "buckling_factor_error_pct": 1.4563920570720381,
        "equilibrium_residual_mean": 1.857548475265503
      },
      "test": {
        "case_count": 4,
        "drift_error_pct": 0.9470960145073841,
        "base_shear_error_pct": 0.6900710629998262,
        "mode_shape_mac": 0.9733748286962509,
        "buckling_factor_error_pct": 0.7466715549941292,
        "equilibrium_residual_mean": 0.7904725521802902
      },
      "all": {
        "case_count": 22,
        "drift_error_pct": 0.9343295823000187,
        "base_shear_error_pct": 0.5800858409744885,
        "mode_shape_mac": 0.9783178676258434,
        "buckling_factor_error_pct": 0.8961027813653097,
        "equilibrium_residual_mean": 1.2636478245258331
      }
    },
    "improvement_pct": {
      "drift_error_reduction_pct": 94.0283426621545,
      "base_shear_error_reduction_pct": 92.74823977035184,
      "buckling_error_reduction_pct": 93.27437827687194,
      "mode_shape_mac_gain_pct": 4.065770871787901
    }
  },
  "training": {
    "epochs": 120,
    "branches": 10,
    "top_k": 3,
    "lr": 0.055,
    "epsilon": 0.11,
    "temperature": 0.32,
    "seed": 17,
    "final_total_loss": 0.037943631410598755,
    "final_weighted_loss": 0.035443179309368134,
    "last_selected_branch_ids": [
      9,
      8,
      0
    ],
    "last_selected_weights": [
      0.3335495312109973,
      0.33345199217287624,
      0.3329984766161266
    ],
    "param_vector": [
      0.5753154158592224,
      -0.5844141840934753,
      0.18638327717781067,
      -0.6917920112609863,
      0.03452441096305847,
      -0.8211364150047302,
      0.2680579423904419,
      -0.365090548992157,
      0.26191774010658264,
      -0.6441702246665955,
      -0.1581951230764389,
      -0.16196532547473907,
      -0.14401257038116455,
      0.0,
      -0.33776161074638367,
      -0.24025987088680267,
      1.479691505432129
    ]
  },
  "metric_source_validation": {
    "enabled": true,
    "accepted_metric_sources": [
      "commercial_solver_export",
      "engine_export_direct",
      "open_data_measurement"
    ],
    "global_metric_source": "open_data_measurement",
    "missing_metric_source_case_ids": [],
    "invalid_metric_source_case_ids": [],
    "pass": true
  }
}