{
  "schema_version": "1.1",
  "run_id": "phase1-hf-benchmark-topk-residual-meta",
  "generated_at": "2026-03-01T06:53:32.124363+00:00",
  "algorithm": "topk_weighted_residual_correction_with_meta_learning",
  "contract_pass": true,
  "reason_code": "PASS",
  "reason": "top-k residual/meta benchmark KPI thresholds satisfied",
  "kpi_pass": true,
  "metrics": {
    "drift_error_pct": 0.3993952750766781,
    "base_shear_error_pct": 0.18571044900946362,
    "mode_shape_mac": 1.0,
    "buckling_factor_error_pct": 0.22924292160618212
  },
  "checks": {
    "drift_ok": true,
    "base_shear_ok": true,
    "mac_ok": true,
    "buckling_factor_ok": true,
    "improves_over_lf": true
  },
  "target_split": "test",
  "comparison": {
    "baseline_lf": {
      "train": {
        "case_count": 70,
        "drift_error_pct": 6.317791803398774,
        "base_shear_error_pct": 3.474785491869327,
        "mode_shape_mac": 0.9868916783045161,
        "buckling_factor_error_pct": 3.9170309181072396,
        "equilibrium_residual_mean": 0.08207292269948237
      },
      "val": {
        "case_count": 10,
        "drift_error_pct": 6.370845455888732,
        "base_shear_error_pct": 3.5039650007387997,
        "mode_shape_mac": 0.9867937605543295,
        "buckling_factor_error_pct": 3.949924182651015,
        "equilibrium_residual_mean": 0.08369518549561979
      },
      "test": {
        "case_count": 19,
        "drift_error_pct": 6.3188176226982415,
        "base_shear_error_pct": 3.475349692484032,
        "mode_shape_mac": 0.986816001224343,
        "buckling_factor_error_pct": 3.9176669260729122,
        "equilibrium_residual_mean": 0.08210428997406187
      },
      "all": {
        "case_count": 99,
        "drift_error_pct": 6.323347632606745,
        "base_shear_error_pct": 3.477841197933711,
        "mode_shape_mac": 0.9868672637386057,
        "buckling_factor_error_pct": 3.9204755322161837,
        "equilibrium_residual_mean": 0.08224280761037515
      }
    },
    "topk_residual_meta": {
      "train": {
        "case_count": 70,
        "drift_error_pct": 0.30940148194536216,
        "base_shear_error_pct": 0.20680546193376662,
        "mode_shape_mac": 1.0,
        "buckling_factor_error_pct": 0.17705264487639405,
        "equilibrium_residual_mean": 0.0643272410013846
      },
      "val": {
        "case_count": 10,
        "drift_error_pct": 0.2939274130475643,
        "base_shear_error_pct": 0.1397603071775752,
        "mode_shape_mac": 1.0,
        "buckling_factor_error_pct": 0.16192613909464723,
        "equilibrium_residual_mean": 0.06529079303145409
      },
      "test": {
        "case_count": 19,
        "drift_error_pct": 0.3993952750766781,
        "base_shear_error_pct": 0.18571044900946362,
        "mode_shape_mac": 1.0,
        "buckling_factor_error_pct": 0.22924292160618212,
        "equilibrium_residual_mean": 0.06420652078170526
      },
      "all": {
        "case_count": 99,
        "drift_error_pct": 0.3251099807384633,
        "base_shear_error_pct": 0.19598468624564866,
        "mode_shape_mac": 1.0,
        "buckling_factor_error_pct": 0.18554103073546988,
        "equilibrium_residual_mean": 0.06440140096226124
      }
    },
    "improvement_pct": {
      "drift_error_reduction_pct": 93.67927199477978,
      "base_shear_error_reduction_pct": 94.65635215324977,
      "buckling_error_reduction_pct": 94.14848362732111,
      "mode_shape_mac_gain_pct": 1.3360138829629455
    }
  },
  "training": {
    "epochs": 40,
    "branches": 10,
    "top_k": 3,
    "lr": 0.055,
    "epsilon": 0.11,
    "temperature": 0.32,
    "seed": 23,
    "final_total_loss": 0.011044381186366081,
    "final_weighted_loss": 0.00837770476937294,
    "last_selected_branch_ids": [
      4,
      6,
      7
    ],
    "last_selected_weights": [
      0.33420199716289906,
      0.3329165175037332,
      0.33288148533336775
    ],
    "param_vector": [
      0.5577813386917114,
      -0.30941760540008545,
      0.5321877598762512,
      -0.3751647174358368,
      1.9856826066970825,
      0.1532496213912964,
      -0.14640387892723083,
      0.29021206498146057,
      -0.14044976234436035,
      0.49202820658683777,
      0.0,
      0.0,
      0.3057212233543396,
      0.0,
      0.0,
      0.3057212233543396,
      0.0
    ]
  },
  "metric_source_validation": {
    "enabled": true,
    "accepted_metric_sources": [
      "commercial_solver_export",
      "engine_export_direct",
      "open_data_measurement"
    ],
    "global_metric_source": "open_data_measurement",
    "missing_metric_source_case_ids": [],
    "invalid_metric_source_case_ids": [],
    "pass": true
  }
}