{
  "schema_version": "1.1",
  "run_id": "phase1-hf-benchmark-topk-residual-meta",
  "generated_at": "2026-03-01T06:54:52.264979+00:00",
  "algorithm": "topk_weighted_residual_correction_with_meta_learning",
  "contract_pass": true,
  "reason_code": "PASS",
  "reason": "top-k residual/meta benchmark KPI thresholds satisfied",
  "kpi_pass": true,
  "metrics": {
    "drift_error_pct": 0.6668916657764343,
    "base_shear_error_pct": 0.7813495627520808,
    "mode_shape_mac": 1.0,
    "buckling_factor_error_pct": 0.7431697721452514
  },
  "checks": {
    "drift_ok": true,
    "base_shear_ok": true,
    "mac_ok": true,
    "buckling_factor_ok": true,
    "improves_over_lf": true
  },
  "target_split": "test",
  "comparison": {
    "baseline_lf": {
      "train": {
        "case_count": 70,
        "drift_error_pct": 6.317791803398774,
        "base_shear_error_pct": 3.474785491869327,
        "mode_shape_mac": 0.9868916783045161,
        "buckling_factor_error_pct": 3.9170309181072396,
        "equilibrium_residual_mean": 0.08207292269948237
      },
      "val": {
        "case_count": 10,
        "drift_error_pct": 6.370845455888732,
        "base_shear_error_pct": 3.5039650007387997,
        "mode_shape_mac": 0.9867937605543295,
        "buckling_factor_error_pct": 3.949924182651015,
        "equilibrium_residual_mean": 0.08369518549561979
      },
      "test": {
        "case_count": 19,
        "drift_error_pct": 6.3188176226982415,
        "base_shear_error_pct": 3.475349692484032,
        "mode_shape_mac": 0.986816001224343,
        "buckling_factor_error_pct": 3.9176669260729122,
        "equilibrium_residual_mean": 0.08210428997406187
      },
      "all": {
        "case_count": 99,
        "drift_error_pct": 6.323347632606745,
        "base_shear_error_pct": 3.477841197933711,
        "mode_shape_mac": 0.9868672637386057,
        "buckling_factor_error_pct": 3.9204755322161837,
        "equilibrium_residual_mean": 0.08224280761037515
      }
    },
    "topk_residual_meta": {
      "train": {
        "case_count": 70,
        "drift_error_pct": 0.7779350459992136,
        "base_shear_error_pct": 0.8173835005376511,
        "mode_shape_mac": 1.0,
        "buckling_factor_error_pct": 0.7828076867005305,
        "equilibrium_residual_mean": 0.07232837160783155
      },
      "val": {
        "case_count": 10,
        "drift_error_pct": 0.645637934760426,
        "base_shear_error_pct": 0.7999376449098159,
        "mode_shape_mac": 1.0,
        "buckling_factor_error_pct": 0.7597189734625622,
        "equilibrium_residual_mean": 0.07361592203378678
      },
      "test": {
        "case_count": 19,
        "drift_error_pct": 0.6668916657764343,
        "base_shear_error_pct": 0.7813495627520808,
        "mode_shape_mac": 1.0,
        "buckling_factor_error_pct": 0.7431697721452514,
        "equilibrium_residual_mean": 0.07221049344853352
      },
      "all": {
        "case_count": 99,
        "drift_error_pct": 0.7432603456293074,
        "base_shear_error_pct": 0.8087056886770027,
        "mode_shape_mac": 1.0,
        "buckling_factor_error_pct": 0.7728682169133585,
        "equilibrium_residual_mean": 0.07243580412533548
      }
    },
    "improvement_pct": {
      "drift_error_reduction_pct": 89.44594217467443,
      "base_shear_error_reduction_pct": 77.51738294302105,
      "buckling_error_reduction_pct": 81.03029721084002,
      "mode_shape_mac_gain_pct": 1.3360138829629455
    }
  },
  "training": {
    "epochs": 20,
    "branches": 10,
    "top_k": 3,
    "lr": 0.055,
    "epsilon": 0.11,
    "temperature": 0.32,
    "seed": 23,
    "final_total_loss": 0.027093514800071716,
    "final_weighted_loss": 0.025552360340952873,
    "last_selected_branch_ids": [
      3,
      7,
      9
    ],
    "last_selected_weights": [
      0.3358548493062303,
      0.33322280506928764,
      0.3309223456244821
    ],
    "param_vector": [
      0.48799845576286316,
      -0.2488929033279419,
      0.49181169271469116,
      -0.29895079135894775,
      1.114503026008606,
      0.4617294669151306,
      -0.25772178173065186,
      0.42478030920028687,
      -0.28456178307533264,
      0.8569800853729248,
      0.0,
      0.0,
      0.21517816185951233,
      0.0,
      0.0,
      0.21517816185951233,
      0.0
    ]
  },
  "metric_source_validation": {
    "enabled": true,
    "accepted_metric_sources": [
      "commercial_solver_export",
      "engine_export_direct",
      "open_data_measurement"
    ],
    "global_metric_source": "open_data_measurement",
    "missing_metric_source_case_ids": [],
    "invalid_metric_source_case_ids": [],
    "pass": true
  }
}