{
  "schema_version": "1.0",
  "run_id": "phase1-branch64-microbatch-cache-profile",
  "generated_at": "2026-03-01T10:54:20.869943+00:00",
  "hardware": {
    "gpu": "AMD Radeon RX 6900 XT",
    "cache_mb": 128.0,
    "cache_headroom_mb": 92.16
  },
  "inputs": {
    "runtime_hook_cmd": "python3 implementation/phase1/rust_hip_md3bead_hook.py",
    "branches": 64,
    "chunk_candidates": [
      64,
      32,
      16,
      8,
      4,
      2,
      1
    ],
    "node_count": 625375,
    "state_components": 5,
    "cache_headroom": 0.72,
    "graph_overhead_mb": 24.0,
    "cache_penalty_gain": 0.85,
    "repeats": 1
  },
  "full_batch_64": {
    "chunk_branches": 64,
    "num_chunks": 1,
    "avg_total_seconds": 251.30612879011824,
    "std_total_seconds": 0.0,
    "avg_peak_vram_mb": 2314.191650390625,
    "avg_cache_penalty": 15.517678928375243,
    "avg_branch_ms": 3926.6582623455974,
    "cache_safe_by_estimate": false,
    "estimated_working_set_mb": 2314.191650390625,
    "cache_headroom_mb": 92.16,
    "cache_fit_all_calls": false,
    "cache_fit_ratio_max": 18.079622268676758
  },
  "scenarios": [
    {
      "chunk_branches": 64,
      "num_chunks": 1,
      "avg_total_seconds": 251.30612879011824,
      "std_total_seconds": 0.0,
      "avg_peak_vram_mb": 2314.191650390625,
      "avg_cache_penalty": 15.517678928375243,
      "avg_branch_ms": 3926.6582623455974,
      "cache_safe_by_estimate": false,
      "estimated_working_set_mb": 2314.191650390625,
      "cache_headroom_mb": 92.16,
      "cache_fit_all_calls": false,
      "cache_fit_ratio_max": 18.079622268676758
    },
    {
      "chunk_branches": 32,
      "num_chunks": 2,
      "avg_total_seconds": 128.30480076419394,
      "std_total_seconds": 0.0,
      "avg_peak_vram_mb": 1169.0958251953125,
      "avg_cache_penalty": 7.913526964187622,
      "avg_branch_ms": 2004.7625119405304,
      "cache_safe_by_estimate": false,
      "estimated_working_set_mb": 1169.0958251953125,
      "cache_headroom_mb": 92.16,
      "cache_fit_all_calls": false,
      "cache_fit_ratio_max": 9.133561134338379
    },
    {
      "chunk_branches": 16,
      "num_chunks": 4,
      "avg_total_seconds": 66.10396164824328,
      "std_total_seconds": 0.0,
      "avg_peak_vram_mb": 596.5479125976562,
      "avg_cache_penalty": 4.11145098209381,
      "avg_branch_ms": 1032.8744007538014,
      "cache_safe_by_estimate": false,
      "estimated_working_set_mb": 596.5479125976562,
      "cache_headroom_mb": 92.16,
      "cache_fit_all_calls": false,
      "cache_fit_ratio_max": 4.6605305671691895
    },
    {
      "chunk_branches": 8,
      "num_chunks": 8,
      "avg_total_seconds": 35.836284012908834,
      "std_total_seconds": 0.0,
      "avg_peak_vram_mb": 310.2739562988281,
      "avg_cache_penalty": 2.2104129910469057,
      "avg_branch_ms": 559.9419377017006,
      "cache_safe_by_estimate": false,
      "estimated_working_set_mb": 310.2739562988281,
      "cache_headroom_mb": 92.16,
      "cache_fit_all_calls": false,
      "cache_fit_ratio_max": 2.4240152835845947
    },
    {
      "chunk_branches": 4,
      "num_chunks": 16,
      "avg_total_seconds": 20.612342974292584,
      "std_total_seconds": 0.0,
      "avg_peak_vram_mb": 167.13697814941406,
      "avg_cache_penalty": 1.2598939955234527,
      "avg_branch_ms": 322.0678589733216,
      "cache_safe_by_estimate": false,
      "estimated_working_set_mb": 167.13697814941406,
      "cache_headroom_mb": 92.16,
      "cache_fit_all_calls": false,
      "cache_fit_ratio_max": 1.3057576417922974
    },
    {
      "chunk_branches": 2,
      "num_chunks": 32,
      "avg_total_seconds": 16.350856014,
      "std_total_seconds": 0.0,
      "avg_peak_vram_mb": 95.56848907470703,
      "avg_cache_penalty": 1.0,
      "avg_branch_ms": 255.48212521875,
      "cache_safe_by_estimate": false,
      "estimated_working_set_mb": 95.56848907470703,
      "cache_headroom_mb": 92.16,
      "cache_fit_all_calls": true,
      "cache_fit_ratio_max": 0.7466288208961487
    },
    {
      "chunk_branches": 1,
      "num_chunks": 64,
      "avg_total_seconds": 16.323748152999997,
      "std_total_seconds": 0.0,
      "avg_peak_vram_mb": 59.784244537353516,
      "avg_cache_penalty": 1.0,
      "avg_branch_ms": 255.05856489062495,
      "cache_safe_by_estimate": true,
      "estimated_working_set_mb": 59.784244537353516,
      "cache_headroom_mb": 92.16,
      "cache_fit_all_calls": true,
      "cache_fit_ratio_max": 0.46706441044807434
    }
  ],
  "recommended": {
    "chunk_branches": 1,
    "num_chunks": 64,
    "avg_total_seconds": 16.323748152999997,
    "std_total_seconds": 0.0,
    "avg_peak_vram_mb": 59.784244537353516,
    "avg_cache_penalty": 1.0,
    "avg_branch_ms": 255.05856489062495,
    "cache_safe_by_estimate": true,
    "estimated_working_set_mb": 59.784244537353516,
    "cache_headroom_mb": 92.16,
    "cache_fit_all_calls": true,
    "cache_fit_ratio_max": 0.46706441044807434
  },
  "checks": {
    "full_batch_cache_safe": false,
    "full_batch_cache_fit": false,
    "microbatch_available": true,
    "recommended_chunk_le_16": true
  },
  "contract_pass": true,
  "reason_code": "PASS",
  "reason": "at least one cache-safe micro-batch chunk found and profiled"
}